Elevation,Aspect,Slope,Horizontal_Distance_To_Hydrology,Vertical_Distance_To_Hydrology,Horizontal_Distance_To_Roadways,Hillshade_9am,Hillshade_Noon,Hillshade_3pm,Horizontal_Distance_To_Fire_Points,Soil_Type1,Soil_Type2,Soil_Type3,Soil_Type4,Soil_Type5,Soil_Type6,Soil_Type7,Soil_Type8,Soil_Type9,Soil_Type10,Soil_Type11,Soil_Type12,Soil_Type13,Soil_Type14,Soil_Type15,Soil_Type16,Soil_Type17,Soil_Type18,Soil_Type19,Soil_Type20,Soil_Type21,Soil_Type22,Soil_Type23,Soil_Type24,Soil_Type25,Soil_Type26,Soil_Type27,Soil_Type28,Soil_Type29,Soil_Type30,Soil_Type31,Soil_Type32,Soil_Type33,Soil_Type34,Soil_Type35,Soil_Type36,Soil_Type37,Soil_Type38,Soil_Type39,Soil_Type40,Forest_Cover,Neota,Rawah,Comanche Peak,Cache la Poudre
2732.0,129.0,7.0,212.0,1.0,1082.0,231.0,236.0,137.0,912.0,0,0,0,0,0,0,0,0,0,0,0,0,0,0,0,0,0,0,0,0,0,0,0,0,0,0,0,0,1,0,0,0,0,0,0,0,0,0,0,0,Lodgepole Pine,0,0,1,0
3064.0,58.0,10.0,170.0,30.0,6756.0,228.0,218.0,123.0,3097.0,0,0,0,0,0,0,0,0,0,0,0,0,0,0,0,0,0,0,0,0,0,0,0,0,0,0,0,0,1,0,0,0,0,0,0,0,0,0,0,0,Lodgepole Pine,0,1,0,0
3015.0,350.0,12.0,120.0,16.0,2845.0,198.0,220.0,160.0,1650.0,0,0,0,0,0,0,0,0,0,0,0,0,0,0,0,0,0,0,0,0,0,0,0,0,0,0,0,0,0,0,0,1,0,0,0,0,0,0,0,0,Lodgepole Pine,0,0,1,0
2607.0,7.0,15.0,182.0,55.0,947.0,200.0,208.0,143.0,612.0,0,0,0,0,0,0,0,0,0,0,0,0,0,0,0,0,0,0,0,0,0,0,0,0,0,0,0,0,1,0,0,0,0,0,0,0,0,0,0,0,Lodgepole Pine,0,1,0,0
3341.0,358.0,19.0,510.0,100.0,1032.0,187.0,202.0,149.0,646.0,0,0,0,0,0,0,0,0,0,0,0,0,0,0,0,0,0,0,0,0,0,0,0,0,0,0,0,0,1,0,0,0,0,0,0,0,0,0,0,0,Spruce/Fir,0,1,0,0
3238.0,71.0,16.0,330.0,73.0,3302.0,236.0,206.0,96.0,2139.0,0,0,0,0,0,0,0,0,0,0,0,0,0,0,0,0,0,0,0,0,0,0,0,0,0,0,0,0,1,0,0,0,0,0,0,0,0,0,0,0,Spruce/Fir,0,0,1,0
2518.0,39.0,18.0,255.0,90.0,1052.0,218.0,197.0,108.0,1072.0,0,0,0,1,0,0,0,0,0,0,0,0,0,0,0,0,0,0,0,0,0,0,0,0,0,0,0,0,0,0,0,0,0,0,0,0,0,0,0,0,Ponderosa Pine,0,0,1,0
3014.0,257.0,11.0,30.0,4.0,3266.0,195.0,247.0,190.0,1071.0,0,0,0,0,0,0,0,0,0,0,0,0,0,0,0,0,0,0,0,0,0,0,1,0,0,0,0,0,0,0,0,0,0,0,0,0,0,0,0,0,Spruce/Fir,0,0,1,0
2808.0,53.0,16.0,60.0,15.0,2624.0,227.0,205.0,107.0,2734.0,0,0,0,0,0,0,0,0,0,0,0,0,0,0,0,0,0,0,0,0,0,0,0,0,0,0,0,0,1,0,0,0,0,0,0,0,0,0,0,0,Lodgepole Pine,0,1,0,0
2398.0,20.0,12.0,85.0,9.0,1230.0,211.0,213.0,137.0,994.0,0,0,0,0,0,1,0,0,0,0,0,0,0,0,0,0,0,0,0,0,0,0,0,0,0,0,0,0,0,0,0,0,0,0,0,0,0,0,0,0,Ponderosa Pine,0,0,0,1
3075.0,9.0,7.0,459.0,76.0,2955.0,212.0,225.0,151.0,1706.0,0,0,0,0,0,0,0,0,0,0,0,0,0,0,0,0,0,0,0,0,0,0,0,0,0,0,0,0,0,0,0,1,0,0,0,0,0,0,0,0,Lodgepole Pine,0,0,1,0
3012.0,98.0,8.0,319.0,71.0,4824.0,234.0,228.0,126.0,1572.0,0,0,0,0,0,0,0,0,0,0,0,0,0,0,0,0,0,0,0,0,0,0,0,0,0,0,0,0,1,0,0,0,0,0,0,0,0,0,0,0,Lodgepole Pine,0,1,0,0
2883.0,43.0,24.0,190.0,85.0,201.0,216.0,179.0,85.0,1452.0,0,0,0,0,0,0,0,0,0,0,0,0,0,0,0,0,0,0,0,0,0,0,0,0,0,0,0,0,1,0,0,0,0,0,0,0,0,0,0,0,Spruce/Fir,0,1,0,0
3077.0,351.0,24.0,150.0,33.0,899.0,170.0,192.0,155.0,1983.0,0,0,0,0,0,0,0,0,0,0,0,0,0,0,0,0,0,0,0,0,0,0,0,0,0,0,0,0,1,0,0,0,0,0,0,0,0,0,0,0,Spruce/Fir,0,1,0,0
3156.0,27.0,18.0,319.0,69.0,3114.0,210.0,199.0,120.0,1544.0,0,0,0,0,0,0,0,0,0,0,0,0,0,0,0,0,0,0,0,0,0,0,0,0,0,0,0,0,1,0,0,0,0,0,0,0,0,0,0,0,Spruce/Fir,0,0,1,0
3161.0,331.0,7.0,379.0,24.0,1902.0,203.0,231.0,167.0,700.0,0,0,0,0,0,0,0,0,0,0,0,0,0,0,0,0,0,0,0,0,0,0,1,0,0,0,0,0,0,0,0,0,0,0,0,0,0,0,0,0,Spruce/Fir,0,0,1,0
2624.0,109.0,11.0,309.0,83.0,983.0,240.0,227.0,116.0,558.0,0,0,0,0,0,0,0,0,0,0,0,0,0,0,0,0,0,0,0,0,0,0,0,0,0,0,0,0,1,0,0,0,0,0,0,0,0,0,0,0,Lodgepole Pine,0,1,0,0
2953.0,211.0,26.0,162.0,34.0,1643.0,190.0,253.0,187.0,2402.0,0,0,0,0,0,0,0,0,0,0,0,0,0,0,0,0,0,0,0,0,0,0,0,0,0,0,0,0,0,0,0,0,1,0,0,0,0,0,0,0,Lodgepole Pine,0,0,1,0
3008.0,166.0,15.0,180.0,43.0,1387.0,232.0,244.0,139.0,470.0,0,0,0,0,0,0,0,0,0,0,0,0,1,0,0,0,0,0,0,0,0,0,0,0,0,0,0,0,0,0,0,0,0,0,0,0,0,0,0,0,Lodgepole Pine,0,0,1,0
2505.0,341.0,27.0,0.0,0.0,1595.0,154.0,190.0,168.0,474.0,0,0,0,0,0,0,0,0,0,1,0,0,0,0,0,0,0,0,0,0,0,0,0,0,0,0,0,0,0,0,0,0,0,0,0,0,0,0,0,0,Ponderosa Pine,0,0,1,0
2997.0,197.0,11.0,324.0,109.0,2072.0,217.0,249.0,165.0,1057.0,0,0,0,0,0,0,0,0,0,0,0,0,0,0,0,0,0,0,0,0,0,0,0,0,0,0,0,0,1,0,0,0,0,0,0,0,0,0,0,0,Lodgepole Pine,0,0,1,0
3027.0,3.0,14.0,335.0,72.0,4106.0,200.0,212.0,148.0,2176.0,0,0,0,0,0,0,0,0,0,0,0,0,0,0,0,0,0,0,0,0,0,0,0,0,0,0,0,0,1,0,0,0,0,0,0,0,0,0,0,0,Lodgepole Pine,0,1,0,0
2881.0,63.0,11.0,484.0,90.0,2710.0,230.0,218.0,121.0,3377.0,0,0,0,0,0,0,0,0,0,0,0,0,0,0,0,0,0,0,0,0,0,0,0,0,0,0,0,0,1,0,0,0,0,0,0,0,0,0,0,0,Lodgepole Pine,0,1,0,0
3235.0,218.0,26.0,240.0,30.0,2024.0,181.0,253.0,196.0,3435.0,0,0,0,0,0,0,0,0,0,0,0,0,0,0,0,0,0,0,0,0,0,0,0,0,0,0,0,0,1,0,0,0,0,0,0,0,0,0,0,0,Spruce/Fir,0,1,0,0
3033.0,338.0,13.0,218.0,67.0,1290.0,190.0,220.0,169.0,2067.0,0,0,0,0,0,0,0,0,0,0,0,0,0,0,0,0,0,0,0,0,0,0,0,0,0,0,0,0,0,0,0,1,0,0,0,0,0,0,0,0,Lodgepole Pine,0,0,1,0
2679.0,156.0,15.0,297.0,30.0,1440.0,236.0,241.0,131.0,685.0,0,0,0,0,0,0,0,0,0,0,0,0,0,0,0,0,0,0,0,0,0,0,0,0,0,0,0,0,1,0,0,0,0,0,0,0,0,0,0,0,Lodgepole Pine,0,1,0,0
3171.0,52.0,24.0,566.0,5.0,782.0,224.0,182.0,79.0,1698.0,0,0,0,0,0,0,0,0,0,0,0,0,0,0,0,0,0,0,0,0,0,0,0,0,0,0,0,0,1,0,0,0,0,0,0,0,0,0,0,0,Spruce/Fir,1,0,0,0
2932.0,317.0,18.0,201.0,12.0,2876.0,169.0,221.0,191.0,430.0,0,0,0,0,0,0,0,0,0,0,0,0,0,0,0,0,0,0,0,0,0,0,0,0,0,0,0,0,1,0,0,0,0,0,0,0,0,0,0,0,Spruce/Fir,0,0,1,0
3205.0,65.0,17.0,242.0,1.0,1922.0,234.0,202.0,95.0,735.0,0,0,0,0,0,0,0,0,0,0,0,0,0,0,0,0,0,0,0,0,0,1,0,0,0,0,0,0,0,0,0,0,0,0,0,0,0,0,0,0,Spruce/Fir,0,1,0,0
2977.0,324.0,13.0,127.0,47.0,3823.0,187.0,226.0,179.0,2628.0,0,0,0,0,0,0,0,0,0,0,0,0,0,0,0,0,0,0,0,0,0,0,0,0,0,0,0,0,1,0,0,0,0,0,0,0,0,0,0,0,Lodgepole Pine,0,1,0,0
2792.0,27.0,8.0,0.0,0.0,2563.0,217.0,222.0,141.0,3852.0,0,0,0,0,0,0,0,0,0,0,0,0,0,0,0,0,0,0,0,0,0,0,0,0,0,0,0,0,1,0,0,0,0,0,0,0,0,0,0,0,Lodgepole Pine,0,1,0,0
3121.0,28.0,9.0,0.0,0.0,2164.0,217.0,220.0,138.0,1959.0,0,0,0,0,0,0,0,0,0,0,0,0,0,0,0,0,0,0,0,0,0,0,0,0,0,0,0,0,1,0,0,0,0,0,0,0,0,0,0,0,Spruce/Fir,0,1,0,0
2823.0,57.0,17.0,210.0,40.0,1931.0,230.0,203.0,100.0,1973.0,0,0,0,0,0,0,0,0,0,0,0,0,0,0,0,0,0,0,0,0,0,0,0,0,0,0,0,0,0,0,0,0,1,0,0,0,0,0,0,0,Aspen,0,0,1,0
2725.0,105.0,5.0,190.0,44.0,2375.0,228.0,234.0,140.0,4900.0,0,0,0,0,0,0,0,0,0,0,0,1,0,0,0,0,0,0,0,0,0,0,0,0,0,0,0,0,0,0,0,0,0,0,0,0,0,0,0,0,Lodgepole Pine,0,1,0,0
2614.0,20.0,14.0,255.0,52.0,1991.0,209.0,210.0,135.0,2215.0,0,0,0,0,0,0,0,0,0,0,1,0,0,0,0,0,0,0,0,0,0,0,0,0,0,0,0,0,0,0,0,0,0,0,0,0,0,0,0,0,Lodgepole Pine,0,0,1,0
2900.0,288.0,12.0,201.0,42.0,1873.0,185.0,239.0,194.0,1200.0,0,0,0,0,0,0,0,0,0,0,0,0,0,0,0,0,0,0,0,0,0,0,0,0,0,0,0,0,1,0,0,0,0,0,0,0,0,0,0,0,Lodgepole Pine,0,0,1,0
2624.0,39.0,12.0,534.0,83.0,755.0,220.0,212.0,125.0,2647.0,0,0,0,0,0,0,0,0,0,0,0,1,0,0,0,0,0,0,0,0,0,0,0,0,0,0,0,0,0,0,0,0,0,0,0,0,0,0,0,0,Lodgepole Pine,0,1,0,0
3529.0,10.0,5.0,313.0,36.0,1460.0,214.0,229.0,152.0,1022.0,0,0,0,0,0,0,0,0,0,0,0,0,0,0,0,0,0,0,0,0,0,0,0,0,0,0,0,0,1,0,0,0,0,0,0,0,0,0,0,0,Krummholz,1,0,0,0
2979.0,98.0,5.0,240.0,34.0,4014.0,228.0,233.0,138.0,1890.0,0,0,0,0,0,0,0,0,0,0,0,0,0,0,0,0,0,0,0,0,0,0,0,0,0,0,0,0,1,0,0,0,0,0,0,0,0,0,0,0,Lodgepole Pine,0,1,0,0
2772.0,262.0,13.0,30.0,8.0,2143.0,189.0,246.0,196.0,830.0,0,0,0,0,0,0,0,0,0,0,0,0,0,0,0,0,0,0,0,0,0,0,0,0,0,0,0,0,0,0,1,0,0,0,0,0,0,0,0,0,Aspen,0,0,1,0
3044.0,291.0,16.0,42.0,2.0,2910.0,174.0,236.0,202.0,1683.0,0,0,0,0,0,0,0,0,0,0,0,0,0,0,0,0,0,0,0,0,0,0,0,1,0,0,0,0,0,0,0,0,0,0,0,0,0,0,0,0,Spruce/Fir,0,0,1,0
2669.0,119.0,12.0,240.0,85.0,1722.0,240.0,229.0,117.0,2616.0,0,0,0,0,0,0,0,0,0,0,0,0,0,0,0,0,0,0,0,0,0,0,0,0,0,0,0,0,1,0,0,0,0,0,0,0,0,0,0,0,Ponderosa Pine,0,0,1,0
3028.0,208.0,10.0,30.0,11.0,2234.0,213.0,250.0,171.0,1116.0,0,0,0,0,0,0,0,0,0,0,0,0,0,0,0,0,0,0,0,0,0,1,0,0,0,0,0,0,0,0,0,0,0,0,0,0,0,0,0,0,Lodgepole Pine,0,0,1,0
3127.0,286.0,4.0,175.0,17.0,371.0,208.0,239.0,170.0,2120.0,0,0,0,0,0,0,0,0,0,0,0,0,0,0,0,0,0,0,0,0,0,1,0,0,0,0,0,0,0,0,0,0,0,0,0,0,0,0,0,0,Spruce/Fir,0,1,0,0
2887.0,249.0,26.0,319.0,67.0,1120.0,154.0,248.0,224.0,127.0,0,0,0,0,0,0,0,0,0,0,0,0,1,0,0,0,0,0,0,0,0,0,0,0,0,0,0,0,0,0,0,0,0,0,0,0,0,0,0,0,Lodgepole Pine,0,0,1,0
2715.0,337.0,11.0,283.0,93.0,1080.0,196.0,225.0,168.0,1889.0,0,0,0,0,0,0,0,0,0,0,0,0,0,0,0,0,0,0,0,0,0,0,0,0,0,0,0,0,1,0,0,0,0,0,0,0,0,0,0,0,Lodgepole Pine,0,1,0,0
2920.0,36.0,13.0,295.0,82.0,598.0,219.0,210.0,124.0,488.0,0,0,0,0,0,0,0,0,0,0,0,0,0,0,0,0,0,0,0,0,0,0,0,0,0,0,0,0,0,0,1,0,0,0,0,0,0,0,0,0,Lodgepole Pine,0,0,1,0
3278.0,93.0,20.0,525.0,112.0,968.0,247.0,205.0,78.0,1798.0,0,0,0,0,0,0,0,0,0,0,0,0,0,0,0,0,0,0,0,0,0,0,0,0,0,0,0,0,1,0,0,0,0,0,0,0,0,0,0,0,Spruce/Fir,1,0,0,0
2767.0,8.0,22.0,90.0,33.0,2524.0,190.0,192.0,133.0,591.0,0,0,0,0,0,0,0,0,0,0,0,0,0,0,0,0,0,0,0,0,0,0,0,0,0,0,0,0,1,0,0,0,0,0,0,0,0,0,0,0,Lodgepole Pine,0,0,1,0
2755.0,120.0,19.0,95.0,3.0,485.0,249.0,221.0,92.0,324.0,0,0,0,0,0,0,0,0,0,0,0,0,0,0,0,0,0,0,0,0,0,0,0,0,0,0,0,0,1,0,0,0,0,0,0,0,0,0,0,0,Aspen,0,1,0,0
2879.0,243.0,1.0,180.0,24.0,3032.0,216.0,239.0,160.0,3881.0,0,0,0,0,0,0,0,0,0,0,0,0,0,0,0,0,0,0,0,0,0,0,0,0,0,0,0,0,1,0,0,0,0,0,0,0,0,0,0,0,Lodgepole Pine,0,1,0,0
3279.0,124.0,10.0,153.0,12.0,1679.0,238.0,233.0,125.0,2841.0,0,0,0,0,0,0,0,0,0,0,0,0,0,0,0,0,0,0,0,0,0,0,0,0,0,0,0,0,1,0,0,0,0,0,0,0,0,0,0,0,Spruce/Fir,0,1,0,0
3263.0,99.0,8.0,330.0,1.0,4106.0,233.0,229.0,128.0,2371.0,0,0,0,0,0,0,0,0,0,0,0,0,0,0,0,0,0,0,0,0,0,1,0,0,0,0,0,0,0,0,0,0,0,0,0,0,0,0,0,0,Spruce/Fir,0,1,0,0
2992.0,298.0,13.0,212.0,19.0,1746.0,184.0,235.0,191.0,1825.0,0,0,0,0,0,0,0,0,0,0,0,0,0,0,0,0,0,0,0,0,0,0,0,0,0,0,0,0,0,0,0,1,0,0,0,0,0,0,0,0,Lodgepole Pine,0,0,1,0
3140.0,123.0,5.0,150.0,0.0,2132.0,228.0,236.0,142.0,648.0,0,0,0,0,0,0,0,0,0,0,0,0,0,0,0,0,0,0,0,0,0,0,0,0,0,0,0,0,1,0,0,0,0,0,0,0,0,0,0,0,Spruce/Fir,0,1,0,0
2722.0,166.0,19.0,85.0,17.0,1478.0,232.0,243.0,133.0,2457.0,0,0,0,0,0,0,0,0,0,1,0,0,0,0,0,0,0,0,0,0,0,0,0,0,0,0,0,0,0,0,0,0,0,0,0,0,0,0,0,0,Lodgepole Pine,0,0,1,0
3042.0,143.0,2.0,295.0,75.0,899.0,223.0,238.0,151.0,787.0,0,0,0,0,0,0,0,0,0,0,0,0,0,0,0,0,0,0,0,0,0,0,0,0,0,0,0,0,1,0,0,0,0,0,0,0,0,0,0,0,Spruce/Fir,0,1,0,0
3162.0,166.0,10.0,313.0,21.0,283.0,229.0,244.0,147.0,2967.0,0,0,0,0,0,0,0,0,0,0,0,0,0,0,0,0,0,0,0,0,0,0,0,0,0,0,0,0,1,0,0,0,0,0,0,0,0,0,0,0,Lodgepole Pine,0,0,1,0
2956.0,128.0,8.0,391.0,93.0,2821.0,233.0,235.0,134.0,1800.0,0,0,0,0,0,0,0,0,0,0,0,0,0,0,0,0,0,0,0,0,0,0,0,0,0,0,0,0,1,0,0,0,0,0,0,0,0,0,0,0,Lodgepole Pine,0,1,0,0
3269.0,142.0,8.0,228.0,26.0,5321.0,232.0,238.0,139.0,730.0,0,0,0,0,0,0,0,0,0,0,0,0,0,0,0,0,0,0,0,0,0,0,0,0,0,0,0,0,1,0,0,0,0,0,0,0,0,0,0,0,Lodgepole Pine,0,1,0,0
2955.0,66.0,5.0,258.0,9.0,1442.0,225.0,230.0,141.0,270.0,0,0,0,0,0,0,0,0,0,0,0,0,0,0,0,0,0,0,0,0,0,0,0,0,0,0,0,0,0,0,0,1,0,0,0,0,0,0,0,0,Lodgepole Pine,0,0,1,0
3019.0,21.0,15.0,30.0,6.0,1907.0,209.0,207.0,132.0,1383.0,0,0,0,0,0,0,0,0,0,0,0,0,0,0,0,0,0,0,0,0,0,0,0,0,0,0,0,0,1,0,0,0,0,0,0,0,0,0,0,0,Spruce/Fir,0,0,1,0
2797.0,33.0,16.0,390.0,75.0,2415.0,215.0,203.0,119.0,2473.0,0,0,0,0,0,0,0,0,0,0,0,0,0,0,0,0,0,0,0,0,0,0,0,0,0,0,0,0,1,0,0,0,0,0,0,0,0,0,0,0,Lodgepole Pine,0,1,0,0
3271.0,324.0,6.0,485.0,37.0,451.0,205.0,233.0,168.0,807.0,0,0,0,0,0,0,0,0,0,0,0,0,0,0,0,0,0,0,0,0,0,0,0,0,0,0,0,0,0,0,0,1,0,0,0,0,0,0,0,0,Spruce/Fir,0,0,1,0
2802.0,162.0,14.0,175.0,67.0,1253.0,233.0,243.0,137.0,1608.0,0,0,0,1,0,0,0,0,0,0,0,0,0,0,0,0,0,0,0,0,0,0,0,0,0,0,0,0,0,0,0,0,0,0,0,0,0,0,0,0,Lodgepole Pine,0,0,1,0
3225.0,234.0,6.0,313.0,42.0,767.0,210.0,246.0,173.0,722.0,0,0,0,0,0,0,0,0,0,0,0,0,0,0,0,0,0,0,0,0,0,0,1,0,0,0,0,0,0,0,0,0,0,0,0,0,0,0,0,0,Spruce/Fir,1,0,0,0
3201.0,144.0,23.0,309.0,103.0,3896.0,245.0,229.0,100.0,2839.0,0,0,0,0,0,0,0,0,0,0,0,0,0,0,0,0,0,0,0,0,0,0,0,0,0,0,0,0,1,0,0,0,0,0,0,0,0,0,0,0,Spruce/Fir,0,0,1,0
2813.0,309.0,10.0,120.0,34.0,2413.0,193.0,234.0,180.0,1370.0,0,0,0,0,0,0,0,0,0,0,0,0,0,0,0,0,0,0,0,0,0,0,0,0,0,0,0,0,0,0,1,0,0,0,0,0,0,0,0,0,Lodgepole Pine,0,0,1,0
2709.0,144.0,12.0,108.0,28.0,2402.0,237.0,237.0,128.0,4815.0,0,0,0,0,0,0,0,0,0,0,0,1,0,0,0,0,0,0,0,0,0,0,0,0,0,0,0,0,0,0,0,0,0,0,0,0,0,0,0,0,Lodgepole Pine,0,1,0,0
2865.0,167.0,9.0,242.0,28.0,2874.0,228.0,244.0,147.0,2335.0,0,0,0,0,0,0,0,0,0,0,0,0,0,0,0,0,0,0,0,0,0,0,0,0,0,0,0,0,1,0,0,0,0,0,0,0,0,0,0,0,Lodgepole Pine,0,1,0,0
2630.0,228.0,33.0,67.0,50.0,2802.0,153.0,248.0,214.0,1150.0,0,0,0,1,0,0,0,0,0,0,0,0,0,0,0,0,0,0,0,0,0,0,0,0,0,0,0,0,0,0,0,0,0,0,0,0,0,0,0,0,Ponderosa Pine,0,0,1,0
3098.0,45.0,14.0,342.0,72.0,1782.0,223.0,209.0,117.0,3588.0,0,0,0,0,0,0,0,0,0,0,0,0,0,0,0,0,0,0,0,0,0,0,0,1,0,0,0,0,0,0,0,0,0,0,0,0,0,0,0,0,Spruce/Fir,0,0,1,0
2926.0,101.0,12.0,218.0,22.0,4494.0,240.0,224.0,112.0,3963.0,0,0,0,0,0,0,0,0,0,0,0,0,0,0,0,0,0,0,0,0,0,0,0,0,0,0,0,0,1,0,0,0,0,0,0,0,0,0,0,0,Lodgepole Pine,0,1,0,0
3166.0,325.0,11.0,525.0,157.0,794.0,191.0,227.0,176.0,1909.0,0,0,0,0,0,0,0,0,0,0,0,0,0,0,0,0,0,0,0,0,0,0,0,0,0,0,0,0,1,0,0,0,0,0,0,0,0,0,0,0,Spruce/Fir,0,0,1,0
3039.0,63.0,14.0,228.0,72.0,242.0,232.0,210.0,107.0,537.0,0,0,0,0,0,0,0,0,0,0,0,0,0,0,0,0,0,0,0,0,0,0,0,0,0,0,0,0,0,0,1,0,0,0,0,0,0,0,0,0,Lodgepole Pine,0,0,1,0
2844.0,346.0,14.0,108.0,27.0,2460.0,192.0,217.0,162.0,2097.0,0,0,0,0,0,0,0,0,0,0,0,0,0,0,0,0,0,0,0,0,0,0,0,0,0,0,0,0,1,0,0,0,0,0,0,0,0,0,0,0,Lodgepole Pine,0,1,0,0
2974.0,77.0,12.0,134.0,19.0,845.0,235.0,218.0,113.0,180.0,0,0,0,0,0,0,0,0,0,0,0,0,0,0,0,0,0,0,0,0,0,0,0,0,0,0,0,0,1,0,0,0,0,0,0,0,0,0,0,0,Lodgepole Pine,0,0,1,0
3170.0,125.0,20.0,216.0,65.0,1077.0,249.0,222.0,92.0,2160.0,0,0,0,0,0,0,0,0,0,0,0,0,0,0,0,0,0,0,0,0,0,0,0,0,0,0,0,0,1,0,0,0,0,0,0,0,0,0,0,0,Spruce/Fir,0,1,0,0
3029.0,205.0,21.0,210.0,17.0,2160.0,202.0,254.0,178.0,1869.0,0,0,0,0,0,0,0,0,0,0,0,0,0,0,0,0,0,0,0,0,0,0,1,0,0,0,0,0,0,0,0,0,0,0,0,0,0,0,0,0,Lodgepole Pine,0,0,1,0
3122.0,41.0,13.0,518.0,14.0,2102.0,221.0,211.0,123.0,1167.0,0,0,0,0,0,0,0,0,0,0,0,0,0,0,0,0,0,0,0,0,0,0,0,0,0,0,0,0,1,0,0,0,0,0,0,0,0,0,0,0,Lodgepole Pine,0,0,1,0
2791.0,109.0,16.0,67.0,20.0,1411.0,246.0,219.0,97.0,1776.0,0,0,0,0,0,0,0,0,0,0,1,0,0,0,0,0,0,0,0,0,0,0,0,0,0,0,0,0,0,0,0,0,0,0,0,0,0,0,0,0,Lodgepole Pine,0,0,1,0
2860.0,110.0,14.0,153.0,24.0,2527.0,244.0,223.0,106.0,2610.0,0,0,0,0,0,0,0,0,0,0,0,1,0,0,0,0,0,0,0,0,0,0,0,0,0,0,0,0,0,0,0,0,0,0,0,0,0,0,0,0,Spruce/Fir,0,1,0,0
2755.0,101.0,15.0,660.0,131.0,1419.0,243.0,219.0,101.0,819.0,0,0,0,0,0,0,0,0,0,0,0,0,0,0,0,0,0,0,0,0,0,0,1,0,0,0,0,0,0,0,0,0,0,0,0,0,0,0,0,0,Lodgepole Pine,0,1,0,0
3018.0,3.0,5.0,85.0,3.0,977.0,214.0,231.0,155.0,2440.0,0,0,0,0,0,0,0,0,0,0,0,0,0,0,0,0,0,0,0,0,0,0,0,0,0,0,0,0,1,0,0,0,0,0,0,0,0,0,0,0,Lodgepole Pine,0,1,0,0
2918.0,122.0,6.0,85.0,7.0,1687.0,230.0,235.0,138.0,1861.0,0,0,0,0,0,0,0,0,0,0,0,0,0,0,0,0,0,0,0,0,0,0,0,0,0,0,0,0,1,0,0,0,0,0,0,0,0,0,0,0,Spruce/Fir,0,1,0,0
3023.0,322.0,8.0,30.0,3.0,1920.0,200.0,232.0,172.0,3132.0,0,0,0,0,0,0,0,0,0,0,0,0,0,0,0,0,0,0,0,0,0,0,0,0,0,0,0,0,1,0,0,0,0,0,0,0,0,0,0,0,Lodgepole Pine,0,0,1,0
3099.0,129.0,19.0,272.0,84.0,664.0,247.0,226.0,99.0,1126.0,0,0,0,0,0,0,0,0,0,0,0,0,0,0,0,0,0,0,0,0,0,0,0,0,0,0,0,0,1,0,0,0,0,0,0,0,0,0,0,0,Lodgepole Pine,0,0,1,0
3185.0,315.0,3.0,607.0,82.0,3144.0,211.0,237.0,164.0,3690.0,0,0,0,0,0,0,0,0,0,0,0,0,0,0,0,0,0,0,0,0,0,0,0,0,0,0,0,0,1,0,0,0,0,0,0,0,0,0,0,0,Spruce/Fir,0,1,0,0
2869.0,323.0,18.0,384.0,116.0,2529.0,171.0,218.0,186.0,942.0,0,0,0,0,0,0,0,0,0,0,0,0,0,0,0,0,0,0,0,0,0,0,0,0,0,0,0,0,1,0,0,0,0,0,0,0,0,0,0,0,Lodgepole Pine,0,0,1,0
2689.0,315.0,22.0,108.0,38.0,2052.0,157.0,216.0,197.0,2315.0,0,0,0,0,0,0,0,0,0,1,0,0,0,0,0,0,0,0,0,0,0,0,0,0,0,0,0,0,0,0,0,0,0,0,0,0,0,0,0,0,Douglas-fir,0,0,1,0
3056.0,218.0,21.0,633.0,91.0,1489.0,191.0,254.0,192.0,470.0,0,0,0,0,0,0,0,0,0,0,0,0,1,0,0,0,0,0,0,0,0,0,0,0,0,0,0,0,0,0,0,0,0,0,0,0,0,0,0,0,Lodgepole Pine,0,0,1,0
2508.0,128.0,11.0,30.0,0.0,999.0,239.0,233.0,123.0,1697.0,0,0,0,1,0,0,0,0,0,0,0,0,0,0,0,0,0,0,0,0,0,0,0,0,0,0,0,0,0,0,0,0,0,0,0,0,0,0,0,0,Douglas-fir,0,0,1,0
3123.0,248.0,16.0,324.0,63.0,376.0,185.0,250.0,202.0,726.0,0,0,0,0,0,0,0,0,0,0,0,0,0,0,0,0,0,0,0,0,0,0,0,0,0,0,0,0,0,0,0,1,0,0,0,0,0,0,0,0,Lodgepole Pine,0,0,1,0
3265.0,272.0,22.0,454.0,149.0,1120.0,157.0,240.0,220.0,1994.0,0,0,0,0,0,0,0,0,0,0,0,0,0,0,0,0,0,0,0,0,0,0,0,0,0,0,0,0,1,0,0,0,0,0,0,0,0,0,0,0,Lodgepole Pine,0,1,0,0
2680.0,41.0,24.0,268.0,112.0,1140.0,215.0,180.0,88.0,899.0,0,0,0,0,0,0,0,0,0,0,0,0,0,0,0,0,0,0,0,0,0,0,0,0,0,0,0,0,0,0,0,0,1,0,0,0,0,0,0,0,Lodgepole Pine,0,0,1,0
3073.0,215.0,16.0,430.0,93.0,1595.0,203.0,253.0,183.0,3532.0,0,0,0,0,0,0,0,0,0,0,0,0,0,0,0,0,0,0,0,0,0,0,0,0,0,0,0,0,1,0,0,0,0,0,0,0,0,0,0,0,Spruce/Fir,0,1,0,0
2654.0,196.0,34.0,95.0,35.0,1920.0,191.0,244.0,163.0,1075.0,0,0,0,0,0,0,0,0,0,0,0,0,0,0,0,0,0,0,0,0,0,0,0,0,0,0,0,0,1,0,0,0,0,0,0,0,0,0,0,0,Lodgepole Pine,0,0,1,0
2985.0,141.0,7.0,331.0,59.0,5275.0,230.0,238.0,141.0,1809.0,0,0,0,0,0,0,0,0,0,0,0,0,0,0,0,0,0,0,0,0,0,0,0,0,0,0,0,0,1,0,0,0,0,0,0,0,0,0,0,0,Spruce/Fir,0,1,0,0
2970.0,57.0,7.0,85.0,11.0,3608.0,225.0,226.0,136.0,1060.0,0,0,0,0,0,0,0,0,0,0,0,0,0,0,0,0,0,0,0,0,0,0,0,0,0,0,0,0,1,0,0,0,0,0,0,0,0,0,0,0,Lodgepole Pine,0,1,0,0
2682.0,320.0,11.0,0.0,0.0,1421.0,191.0,229.0,178.0,1385.0,0,0,0,0,0,0,0,0,0,0,0,0,0,0,0,0,0,0,0,1,0,0,0,0,0,0,0,0,0,0,0,0,0,0,0,0,0,0,0,0,Douglas-fir,0,0,1,0
2856.0,103.0,12.0,30.0,4.0,3056.0,240.0,224.0,112.0,2707.0,0,0,0,0,0,0,0,0,0,0,0,0,0,0,0,0,0,0,0,0,0,0,0,0,0,0,0,0,1,0,0,0,0,0,0,0,0,0,0,0,Lodgepole Pine,0,1,0,0
2870.0,7.0,15.0,330.0,51.0,895.0,200.0,208.0,143.0,1195.0,0,0,0,0,0,0,0,0,0,0,0,0,0,0,0,0,0,0,0,0,0,0,0,0,0,0,0,0,1,0,0,0,0,0,0,0,0,0,0,0,Lodgepole Pine,0,0,1,0
3257.0,340.0,22.0,457.0,141.0,3984.0,167.0,201.0,169.0,1784.0,0,0,0,0,0,0,0,0,0,0,0,0,0,0,0,0,0,0,0,0,0,0,0,0,0,0,0,0,0,0,0,0,0,0,0,0,0,0,1,0,Spruce/Fir,0,0,1,0
2936.0,32.0,14.0,480.0,67.0,2234.0,216.0,208.0,125.0,1948.0,0,0,0,0,0,0,0,0,0,0,0,0,0,0,0,0,0,0,0,0,0,0,0,0,0,0,0,0,1,0,0,0,0,0,0,0,0,0,0,0,Lodgepole Pine,0,0,1,0
2931.0,338.0,19.0,228.0,58.0,618.0,174.0,209.0,172.0,1652.0,0,0,0,0,0,0,0,0,0,0,0,0,0,0,0,0,0,0,0,0,0,0,0,0,0,0,0,0,1,0,0,0,0,0,0,0,0,0,0,0,Lodgepole Pine,0,0,1,0
3004.0,20.0,18.0,255.0,51.0,4663.0,204.0,198.0,126.0,977.0,0,0,0,0,0,0,0,0,0,0,0,0,0,0,0,0,0,0,0,0,0,0,0,0,0,0,0,0,1,0,0,0,0,0,0,0,0,0,0,0,Lodgepole Pine,0,1,0,0
2608.0,38.0,8.0,150.0,0.0,272.0,220.0,223.0,138.0,1300.0,0,0,0,0,0,0,0,0,1,0,0,0,0,0,0,0,0,0,0,0,0,0,0,0,0,0,0,0,0,0,0,0,0,0,0,0,0,0,0,0,Lodgepole Pine,0,1,0,0
2740.0,96.0,23.0,0.0,0.0,1828.0,249.0,200.0,67.0,1470.0,0,0,0,0,0,0,0,0,0,1,0,0,0,0,0,0,0,0,0,0,0,0,0,0,0,0,0,0,0,0,0,0,0,0,0,0,0,0,0,0,Lodgepole Pine,0,0,1,0
3143.0,333.0,4.0,90.0,9.0,742.0,210.0,234.0,163.0,1124.0,0,0,0,0,0,0,0,0,0,0,0,0,0,0,0,0,0,0,0,0,0,0,0,0,0,0,0,0,1,0,0,0,0,0,0,0,0,0,0,0,Spruce/Fir,1,0,0,0
3018.0,324.0,10.0,342.0,35.0,3018.0,195.0,229.0,174.0,806.0,0,0,0,0,0,0,0,0,0,0,0,0,0,0,0,0,0,0,0,0,0,0,0,0,0,0,0,0,0,0,0,1,0,0,0,0,0,0,0,0,Spruce/Fir,0,0,1,0
2590.0,75.0,13.0,272.0,45.0,706.0,236.0,214.0,107.0,582.0,0,0,0,0,0,0,0,0,0,0,0,1,0,0,0,0,0,0,0,0,0,0,0,0,0,0,0,0,0,0,0,0,0,0,0,0,0,0,0,0,Lodgepole Pine,0,1,0,0
3241.0,57.0,11.0,400.0,28.0,6271.0,228.0,217.0,121.0,930.0,0,0,0,0,0,0,0,0,0,0,0,0,0,0,0,0,0,0,0,0,0,1,0,0,0,0,0,0,0,0,0,0,0,0,0,0,0,0,0,0,Spruce/Fir,0,1,0,0
2921.0,162.0,10.0,218.0,74.0,1681.0,230.0,243.0,144.0,2301.0,0,0,0,0,0,0,0,0,0,0,0,0,1,0,0,0,0,0,0,0,0,0,0,0,0,0,0,0,0,0,0,0,0,0,0,0,0,0,0,0,Lodgepole Pine,0,0,1,0
3193.0,344.0,7.0,30.0,3.0,5086.0,206.0,229.0,162.0,1777.0,0,0,0,0,0,0,0,0,0,0,0,0,0,0,0,0,0,0,0,0,0,0,1,0,0,0,0,0,0,0,0,0,0,0,0,0,0,0,0,0,Spruce/Fir,0,1,0,0
2968.0,176.0,11.0,577.0,25.0,2850.0,226.0,246.0,152.0,2349.0,0,0,0,0,0,0,0,0,0,0,0,0,0,0,0,0,0,0,0,0,0,0,0,0,0,1,0,0,0,0,0,0,0,0,0,0,0,0,0,0,Lodgepole Pine,0,0,1,0
3287.0,284.0,15.0,295.0,92.0,5064.0,178.0,239.0,201.0,1283.0,0,0,0,0,0,0,0,0,0,0,0,0,0,0,0,0,0,0,0,0,0,0,0,0,0,0,0,0,1,0,0,0,0,0,0,0,0,0,0,0,Lodgepole Pine,0,1,0,0
2707.0,339.0,12.0,60.0,14.0,1442.0,193.0,222.0,168.0,2295.0,0,0,0,0,0,0,0,0,0,0,1,0,0,0,0,0,0,0,0,0,0,0,0,0,0,0,0,0,0,0,0,0,0,0,0,0,0,0,0,0,Lodgepole Pine,0,0,1,0
2602.0,324.0,22.0,85.0,28.0,1295.0,158.0,210.0,188.0,849.0,0,0,0,0,0,0,0,0,0,0,0,0,0,0,0,0,0,0,0,0,0,0,0,0,0,0,0,0,1,0,0,0,0,0,0,0,0,0,0,0,Lodgepole Pine,0,1,0,0
2943.0,343.0,12.0,30.0,3.0,1383.0,195.0,221.0,165.0,2389.0,0,0,0,0,0,0,0,0,0,0,0,0,0,0,0,0,0,0,0,0,0,0,0,0,0,0,0,0,0,0,0,0,1,0,0,0,0,0,0,0,Spruce/Fir,0,0,1,0
2359.0,62.0,7.0,190.0,87.0,1054.0,226.0,226.0,134.0,794.0,0,0,0,0,0,0,0,0,0,1,0,0,0,0,0,0,0,0,0,0,0,0,0,0,0,0,0,0,0,0,0,0,0,0,0,0,0,0,0,0,Douglas-fir,0,0,0,1
3041.0,144.0,12.0,60.0,4.0,3476.0,237.0,238.0,129.0,2781.0,0,0,0,0,0,0,0,0,0,0,0,0,0,0,0,0,0,0,0,0,0,0,0,0,0,0,0,0,1,0,0,0,0,0,0,0,0,0,0,0,Spruce/Fir,0,1,0,0
3143.0,2.0,17.0,510.0,142.0,2377.0,194.0,206.0,147.0,2557.0,0,0,0,0,0,0,0,0,0,0,0,0,0,0,0,0,0,0,0,0,0,0,0,0,0,0,0,0,1,0,0,0,0,0,0,0,0,0,0,0,Spruce/Fir,0,0,1,0
3368.0,278.0,5.0,371.0,29.0,1080.0,206.0,241.0,173.0,2263.0,0,0,0,0,0,0,0,0,0,0,0,0,0,0,0,0,0,0,0,0,0,0,0,0,0,0,0,0,1,0,0,0,0,0,0,0,0,0,0,0,Spruce/Fir,0,0,1,0
3001.0,54.0,20.0,258.0,49.0,4042.0,227.0,192.0,89.0,2289.0,0,0,0,0,0,0,0,0,0,0,0,0,0,0,0,0,0,0,0,0,0,0,0,0,0,0,0,0,1,0,0,0,0,0,0,0,0,0,0,0,Lodgepole Pine,0,1,0,0
2900.0,322.0,22.0,612.0,16.0,1256.0,158.0,212.0,191.0,1243.0,0,0,0,0,0,0,0,0,0,0,0,0,0,0,0,0,0,0,0,0,0,0,0,0,0,0,0,0,1,0,0,0,0,0,0,0,0,0,0,0,Lodgepole Pine,0,0,1,0
3183.0,36.0,10.0,216.0,65.0,5297.0,219.0,218.0,133.0,2595.0,0,0,0,0,0,0,0,0,0,0,0,0,0,0,0,0,0,0,0,0,0,1,0,0,0,0,0,0,0,0,0,0,0,0,0,0,0,0,0,0,Lodgepole Pine,0,1,0,0
3187.0,64.0,22.0,268.0,64.0,4161.0,234.0,190.0,78.0,3740.0,0,0,0,0,0,0,0,0,0,0,0,0,0,0,0,0,0,0,0,0,0,0,0,0,0,0,0,0,1,0,0,0,0,0,0,0,0,0,0,0,Spruce/Fir,0,1,0,0
2835.0,37.0,10.0,0.0,0.0,3072.0,220.0,219.0,133.0,4564.0,0,0,0,0,0,0,0,0,0,0,0,0,0,0,0,0,0,0,0,0,0,0,0,0,0,0,0,0,1,0,0,0,0,0,0,0,0,0,0,0,Lodgepole Pine,0,1,0,0
3212.0,215.0,10.0,408.0,68.0,2029.0,210.0,250.0,174.0,1944.0,0,0,0,0,0,0,0,0,0,0,0,0,0,0,0,0,0,0,0,0,0,0,0,0,0,0,0,0,1,0,0,0,0,0,0,0,0,0,0,0,Spruce/Fir,0,0,1,0
3091.0,275.0,14.0,201.0,27.0,1252.0,182.0,243.0,200.0,2621.0,0,0,0,0,0,0,0,0,0,0,0,0,0,0,0,0,0,0,0,0,0,0,0,0,0,0,0,0,1,0,0,0,0,0,0,0,0,0,0,0,Spruce/Fir,0,0,1,0
2834.0,174.0,6.0,150.0,15.0,2742.0,224.0,243.0,153.0,4135.0,0,0,0,0,0,0,0,0,0,0,0,0,0,0,0,0,0,0,0,0,0,0,0,0,0,0,0,0,0,1,0,0,0,0,0,0,0,0,0,0,Lodgepole Pine,0,1,0,0
2674.0,25.0,10.0,30.0,0.0,1490.0,215.0,219.0,139.0,1376.0,0,0,0,0,0,0,0,0,0,1,0,0,0,0,0,0,0,0,0,0,0,0,0,0,0,0,0,0,0,0,0,0,0,0,0,0,0,0,0,0,Aspen,0,0,1,0
3291.0,293.0,12.0,134.0,39.0,4681.0,185.0,237.0,192.0,886.0,0,0,0,0,0,0,0,0,0,0,0,0,0,0,0,0,0,0,0,0,0,0,0,0,0,0,0,0,0,0,0,1,0,0,0,0,0,0,0,0,Spruce/Fir,0,0,1,0
3095.0,114.0,8.0,60.0,0.0,914.0,233.0,233.0,131.0,1648.0,0,0,0,0,0,0,0,0,0,0,0,0,0,0,0,0,0,0,0,0,0,1,0,0,0,0,0,0,0,0,0,0,0,0,0,0,0,0,0,0,Spruce/Fir,0,1,0,0
2871.0,25.0,14.0,300.0,26.0,2898.0,213.0,210.0,131.0,3789.0,0,0,0,0,0,0,0,0,0,0,0,0,0,0,0,0,0,0,0,0,0,0,0,0,0,0,0,0,1,0,0,0,0,0,0,0,0,0,0,0,Lodgepole Pine,0,1,0,0
2804.0,41.0,16.0,60.0,2.0,3254.0,220.0,203.0,113.0,2586.0,0,0,0,0,0,0,0,0,0,0,0,0,0,0,0,0,0,0,0,0,0,0,0,0,0,0,0,0,1,0,0,0,0,0,0,0,0,0,0,0,Lodgepole Pine,0,1,0,0
2978.0,312.0,12.0,127.0,30.0,454.0,186.0,231.0,184.0,892.0,0,0,0,0,0,0,0,0,0,0,0,0,0,0,0,0,0,0,0,0,0,1,0,0,0,0,0,0,0,0,0,0,0,0,0,0,0,0,0,0,Lodgepole Pine,1,0,0,0
3222.0,332.0,16.0,42.0,10.0,3256.0,181.0,218.0,176.0,4131.0,0,0,0,0,0,0,0,0,0,0,0,0,0,0,0,0,0,0,0,0,0,0,1,0,0,0,0,0,0,0,0,0,0,0,0,0,0,0,0,0,Spruce/Fir,0,1,0,0
2971.0,250.0,14.0,192.0,43.0,2619.0,189.0,249.0,198.0,1956.0,0,0,0,0,0,0,0,0,0,0,0,0,1,0,0,0,0,0,0,0,0,0,0,0,0,0,0,0,0,0,0,0,0,0,0,0,0,0,0,0,Lodgepole Pine,0,0,1,0
2857.0,28.0,16.0,247.0,14.0,1905.0,212.0,205.0,125.0,1699.0,0,0,0,0,0,0,0,0,0,0,0,0,0,0,0,0,0,0,0,0,0,0,0,0,0,0,0,0,1,0,0,0,0,0,0,0,0,0,0,0,Lodgepole Pine,0,0,1,0
3247.0,180.0,10.0,127.0,8.0,4693.0,224.0,247.0,155.0,2673.0,0,0,0,0,0,0,0,0,0,0,0,0,0,0,0,0,0,0,0,0,0,0,0,0,0,0,0,0,1,0,0,0,0,0,0,0,0,0,0,0,Spruce/Fir,0,0,1,0
3139.0,296.0,13.0,331.0,98.0,2165.0,182.0,235.0,193.0,1999.0,0,0,0,0,0,0,0,0,0,0,0,0,0,0,0,0,0,0,0,0,0,0,0,0,0,0,0,0,1,0,0,0,0,0,0,0,0,0,0,0,Lodgepole Pine,0,0,1,0
3281.0,245.0,16.0,752.0,11.0,3880.0,185.0,251.0,201.0,1065.0,0,0,0,0,0,0,0,0,0,0,0,0,0,0,0,0,0,0,0,0,0,0,0,0,0,0,0,0,0,0,0,0,0,1,0,0,0,0,0,0,Lodgepole Pine,0,0,1,0
2420.0,112.0,26.0,162.0,36.0,713.0,254.0,202.0,59.0,1302.0,0,0,0,0,1,0,0,0,0,0,0,0,0,0,0,0,0,0,0,0,0,0,0,0,0,0,0,0,0,0,0,0,0,0,0,0,0,0,0,0,Ponderosa Pine,0,0,0,1
2614.0,324.0,13.0,258.0,44.0,854.0,186.0,225.0,179.0,1782.0,0,0,0,0,0,0,0,0,0,0,0,0,0,0,0,0,0,0,0,0,0,0,0,0,0,0,0,0,1,0,0,0,0,0,0,0,0,0,0,0,Lodgepole Pine,0,1,0,0
2832.0,208.0,4.0,190.0,31.0,2039.0,217.0,243.0,162.0,2739.0,0,0,0,0,0,0,0,0,0,0,0,0,0,0,0,0,0,0,0,0,0,0,0,0,0,0,0,0,0,1,0,0,0,0,0,0,0,0,0,0,Spruce/Fir,0,1,0,0
3148.0,0.0,9.0,713.0,131.0,1707.0,206.0,222.0,154.0,2474.0,0,0,0,0,0,0,0,0,0,0,0,0,0,0,0,0,0,0,0,0,0,0,0,0,0,0,0,0,0,0,1,0,0,0,0,0,0,0,0,0,Spruce/Fir,0,0,1,0
2699.0,313.0,10.0,108.0,28.0,1310.0,192.0,232.0,180.0,3182.0,0,0,0,0,0,0,0,0,0,0,0,0,0,0,0,0,0,0,0,0,0,0,0,0,0,0,0,0,0,1,0,0,0,0,0,0,0,0,0,0,Lodgepole Pine,0,1,0,0
3112.0,3.0,15.0,60.0,12.0,931.0,198.0,209.0,147.0,1981.0,0,0,0,0,0,0,0,0,0,0,0,0,0,0,0,0,0,0,0,0,0,1,0,0,0,0,0,0,0,0,0,0,0,0,0,0,0,0,0,0,Lodgepole Pine,0,1,0,0
3094.0,353.0,13.0,30.0,8.0,808.0,196.0,216.0,157.0,1830.0,0,0,0,0,0,0,0,0,0,0,0,0,0,0,0,0,0,0,0,0,0,1,0,0,0,0,0,0,0,0,0,0,0,0,0,0,0,0,0,0,Lodgepole Pine,0,1,0,0
3191.0,247.0,12.0,182.0,7.0,768.0,195.0,249.0,191.0,1672.0,0,0,0,0,0,0,0,0,0,0,0,0,0,0,0,0,0,0,0,0,0,0,0,0,0,0,0,0,1,0,0,0,0,0,0,0,0,0,0,0,Spruce/Fir,0,0,1,0
3190.0,3.0,17.0,323.0,78.0,2674.0,195.0,206.0,146.0,794.0,0,0,0,0,0,0,0,0,0,0,0,0,0,0,0,0,0,0,0,0,0,0,0,1,0,0,0,0,0,0,0,0,0,0,0,0,0,0,0,0,Spruce/Fir,0,0,1,0
3091.0,30.0,8.0,216.0,25.0,2496.0,218.0,223.0,140.0,2352.0,0,0,0,0,0,0,0,0,0,0,0,0,0,0,0,0,0,0,0,0,0,0,0,0,0,0,0,0,0,0,0,1,0,0,0,0,0,0,0,0,Lodgepole Pine,0,0,1,0
3114.0,46.0,17.0,150.0,32.0,5039.0,223.0,201.0,106.0,1448.0,0,0,0,0,0,0,0,0,0,0,0,0,0,0,0,0,0,0,0,0,0,0,0,0,0,0,0,0,1,0,0,0,0,0,0,0,0,0,0,0,Spruce/Fir,0,1,0,0
2901.0,193.0,9.0,446.0,37.0,2192.0,220.0,247.0,162.0,666.0,0,0,0,0,0,0,0,0,0,0,0,0,0,0,0,0,0,0,0,0,0,0,0,0,0,0,0,0,1,0,0,0,0,0,0,0,0,0,0,0,Lodgepole Pine,0,0,1,0
3172.0,140.0,11.0,124.0,6.0,850.0,236.0,237.0,130.0,2207.0,0,0,0,0,0,0,0,0,0,0,0,0,0,0,0,0,0,0,0,0,0,0,0,0,0,0,0,0,1,0,0,0,0,0,0,0,0,0,0,0,Spruce/Fir,1,0,0,0
2993.0,108.0,9.0,85.0,14.0,3862.0,236.0,230.0,125.0,808.0,0,0,0,0,0,0,0,0,0,0,0,0,0,0,0,0,0,0,0,0,0,0,0,0,0,0,0,0,1,0,0,0,0,0,0,0,0,0,0,0,Spruce/Fir,0,1,0,0
3130.0,237.0,8.0,277.0,49.0,5690.0,206.0,247.0,179.0,2607.0,0,0,0,0,0,0,0,0,0,0,0,0,0,0,0,0,0,0,0,0,0,0,0,0,0,0,0,0,0,1,0,0,0,0,0,0,0,0,0,0,Lodgepole Pine,0,1,0,0
2660.0,68.0,7.0,361.0,44.0,1048.0,227.0,226.0,133.0,947.0,0,0,0,0,0,0,0,0,0,0,1,0,0,0,0,0,0,0,0,0,0,0,0,0,0,0,0,0,0,0,0,0,0,0,0,0,0,0,0,0,Ponderosa Pine,0,0,1,0
3164.0,152.0,19.0,150.0,14.0,1159.0,240.0,236.0,117.0,949.0,0,0,0,0,0,0,0,0,0,0,0,0,0,0,0,0,0,0,0,0,0,0,0,0,0,0,0,0,1,0,0,0,0,0,0,0,0,0,0,0,Lodgepole Pine,0,0,1,0
2572.0,91.0,10.0,418.0,71.0,474.0,236.0,224.0,119.0,939.0,0,0,0,0,0,0,0,0,0,0,0,1,0,0,0,0,0,0,0,0,0,0,0,0,0,0,0,0,0,0,0,0,0,0,0,0,0,0,0,0,Lodgepole Pine,0,1,0,0
3376.0,142.0,11.0,42.0,8.0,4405.0,236.0,237.0,130.0,4266.0,0,0,0,0,0,0,0,0,0,0,0,0,0,0,0,0,0,0,0,0,0,0,1,0,0,0,0,0,0,0,0,0,0,0,0,0,0,0,0,0,Krummholz,0,0,1,0
2607.0,33.0,18.0,192.0,60.0,170.0,214.0,199.0,115.0,1071.0,0,0,0,0,0,0,0,0,0,0,0,1,0,0,0,0,0,0,0,0,0,0,0,0,0,0,0,0,0,0,0,0,0,0,0,0,0,0,0,0,Lodgepole Pine,0,1,0,0
3181.0,32.0,19.0,511.0,98.0,1556.0,212.0,195.0,112.0,2135.0,0,0,0,0,0,0,0,0,0,0,0,0,0,0,0,0,0,0,0,0,0,0,0,0,0,0,0,0,1,0,0,0,0,0,0,0,0,0,0,0,Spruce/Fir,0,0,1,0
3034.0,105.0,18.0,67.0,24.0,793.0,248.0,215.0,89.0,2043.0,0,0,0,0,0,0,0,0,0,0,0,0,0,0,0,0,0,0,0,0,0,0,0,0,0,0,0,0,1,0,0,0,0,0,0,0,0,0,0,0,Spruce/Fir,0,1,0,0
3260.0,247.0,6.0,750.0,150.0,1648.0,207.0,245.0,176.0,2497.0,0,0,0,0,0,0,0,0,0,0,0,0,0,0,0,0,0,0,0,0,0,0,0,0,0,0,0,0,1,0,0,0,0,0,0,0,0,0,0,0,Spruce/Fir,0,0,1,0
3414.0,312.0,7.0,579.0,122.0,2605.0,200.0,235.0,174.0,1310.0,0,0,0,0,0,0,0,0,0,0,0,0,0,0,0,0,0,0,0,0,0,0,0,0,0,0,0,0,1,0,0,0,0,0,0,0,0,0,0,0,Spruce/Fir,0,0,1,0
3292.0,166.0,22.0,201.0,50.0,1758.0,233.0,241.0,128.0,2708.0,0,0,0,0,0,0,0,0,0,0,0,0,0,0,0,0,0,0,0,0,0,0,0,0,0,0,0,0,0,0,0,0,0,0,0,0,0,0,1,0,Krummholz,0,1,0,0
2649.0,297.0,10.0,424.0,108.0,641.0,192.0,237.0,184.0,2554.0,0,0,0,0,0,0,0,0,0,0,0,0,0,0,0,0,0,0,0,0,0,0,0,0,0,0,0,0,1,0,0,0,0,0,0,0,0,0,0,0,Lodgepole Pine,0,1,0,0
2937.0,353.0,9.0,127.0,21.0,1961.0,204.0,224.0,158.0,2789.0,0,0,0,0,0,0,0,0,0,0,0,0,0,0,0,0,0,0,1,0,0,0,0,0,0,0,0,0,0,0,0,0,0,0,0,0,0,0,0,0,Lodgepole Pine,0,0,1,0
2993.0,37.0,22.0,297.0,38.0,258.0,214.0,187.0,99.0,1301.0,0,0,0,0,0,0,0,0,0,0,0,0,0,0,0,0,0,0,0,0,0,0,0,0,0,0,0,0,1,0,0,0,0,0,0,0,0,0,0,0,Lodgepole Pine,0,0,1,0
3317.0,96.0,16.0,201.0,44.0,2368.0,244.0,215.0,95.0,1931.0,0,0,0,0,0,0,0,0,0,0,0,0,0,0,0,0,0,0,0,0,0,0,0,0,0,0,0,0,0,0,0,1,0,0,0,0,0,0,0,0,Spruce/Fir,0,0,1,0
3237.0,73.0,13.0,598.0,69.0,3918.0,235.0,213.0,107.0,2165.0,0,0,0,0,0,0,0,0,0,0,0,0,0,0,0,0,0,0,0,0,0,0,0,0,0,0,0,0,1,0,0,0,0,0,0,0,0,0,0,0,Spruce/Fir,0,1,0,0
2334.0,27.0,4.0,30.0,4.0,0.0,218.0,230.0,149.0,800.0,0,0,0,0,0,0,0,0,0,0,0,0,0,0,0,0,0,0,0,0,0,0,0,0,0,0,0,0,1,0,0,0,0,0,0,0,0,0,0,0,Ponderosa Pine,0,0,0,1
3066.0,49.0,24.0,258.0,19.0,4832.0,222.0,179.0,78.0,3121.0,0,0,0,0,0,0,0,0,0,0,0,0,0,0,0,0,0,0,0,0,0,0,0,0,0,0,0,0,1,0,0,0,0,0,0,0,0,0,0,0,Spruce/Fir,0,1,0,0
3026.0,321.0,6.0,60.0,4.0,3239.0,204.0,234.0,169.0,277.0,0,0,0,0,0,0,0,0,0,0,0,0,0,0,0,0,0,0,0,0,0,0,1,0,0,0,0,0,0,0,0,0,0,0,0,0,0,0,0,0,Spruce/Fir,0,1,0,0
3237.0,45.0,4.0,514.0,34.0,1798.0,221.0,231.0,146.0,1146.0,0,0,0,0,0,0,0,0,0,0,0,0,0,0,0,0,0,0,0,0,0,0,0,0,0,0,0,0,1,0,0,0,0,0,0,0,0,0,0,0,Spruce/Fir,0,0,1,0
2853.0,354.0,7.0,162.0,16.0,2900.0,209.0,228.0,157.0,3939.0,0,0,0,0,0,0,0,0,0,0,0,0,0,0,0,0,0,0,0,0,0,0,0,0,0,0,0,0,1,0,0,0,0,0,0,0,0,0,0,0,Lodgepole Pine,0,1,0,0
3001.0,297.0,11.0,190.0,35.0,382.0,190.0,237.0,186.0,285.0,0,0,0,0,0,0,0,0,0,0,0,0,0,0,0,0,0,0,0,0,0,1,0,0,0,0,0,0,0,0,0,0,0,0,0,0,0,0,0,0,Spruce/Fir,1,0,0,0
2761.0,67.0,25.0,153.0,55.0,1906.0,235.0,180.0,61.0,1290.0,0,0,0,0,0,0,0,0,0,1,0,0,0,0,0,0,0,0,0,0,0,0,0,0,0,0,0,0,0,0,0,0,0,0,0,0,0,0,0,0,Lodgepole Pine,0,0,1,0
3386.0,74.0,17.0,67.0,9.0,3457.0,238.0,206.0,93.0,2514.0,0,0,0,0,0,0,0,0,0,0,0,0,0,0,0,0,0,0,0,0,0,0,0,0,0,0,0,0,0,0,0,0,0,0,0,0,1,0,0,0,Krummholz,0,1,0,0
3198.0,248.0,24.0,212.0,50.0,1189.0,161.0,249.0,220.0,1387.0,0,0,0,0,0,0,0,0,0,0,0,0,0,0,0,0,0,0,0,0,0,0,0,0,0,0,0,0,1,0,0,0,0,0,0,0,0,0,0,0,Spruce/Fir,1,0,0,0
3201.0,108.0,9.0,323.0,74.0,2110.0,236.0,230.0,125.0,3355.0,0,0,0,0,0,0,0,0,0,0,0,0,0,0,0,0,0,0,0,0,0,0,0,0,0,0,0,0,0,0,1,0,0,0,0,0,0,0,0,0,Spruce/Fir,0,0,1,0
3078.0,156.0,9.0,134.0,21.0,644.0,231.0,241.0,142.0,1463.0,0,0,0,0,0,0,0,0,0,0,0,0,0,0,0,0,0,0,0,0,0,0,0,0,0,0,0,0,1,0,0,0,0,0,0,0,0,0,0,0,Spruce/Fir,0,1,0,0
3268.0,1.0,9.0,85.0,7.0,6372.0,207.0,223.0,153.0,67.0,0,0,0,0,0,0,0,0,0,0,0,0,0,0,0,0,0,0,0,0,0,0,1,0,0,0,0,0,0,0,0,0,0,0,0,0,0,0,0,0,Spruce/Fir,0,1,0,0
3175.0,239.0,17.0,446.0,102.0,5861.0,186.0,252.0,201.0,2307.0,0,0,0,0,0,0,0,0,0,0,0,0,0,0,0,0,0,0,0,0,0,0,0,0,0,0,0,0,0,1,0,0,0,0,0,0,0,0,0,0,Lodgepole Pine,0,1,0,0
3183.0,83.0,9.0,313.0,9.0,5033.0,233.0,224.0,122.0,2285.0,0,0,0,0,0,0,0,0,0,0,0,0,0,0,0,0,0,0,0,0,0,1,0,0,0,0,0,0,0,0,0,0,0,0,0,0,0,0,0,0,Spruce/Fir,0,1,0,0
2847.0,131.0,9.0,210.0,99.0,1920.0,235.0,235.0,132.0,957.0,0,0,0,0,0,0,0,0,0,0,0,0,1,0,0,0,0,0,0,0,0,0,0,0,0,0,0,0,0,0,0,0,0,0,0,0,0,0,0,0,Lodgepole Pine,0,0,1,0
3014.0,67.0,12.0,150.0,32.0,1950.0,232.0,217.0,116.0,1354.0,0,0,0,0,0,0,0,0,0,0,0,0,0,0,0,0,0,0,0,0,0,0,0,0,0,0,0,0,1,0,0,0,0,0,0,0,0,0,0,0,Lodgepole Pine,0,1,0,0
3136.0,52.0,8.0,256.0,38.0,5137.0,225.0,222.0,131.0,3318.0,0,0,0,0,0,0,0,0,0,0,0,0,0,0,0,0,0,0,0,0,0,0,0,0,0,0,0,0,1,0,0,0,0,0,0,0,0,0,0,0,Spruce/Fir,0,1,0,0
2573.0,66.0,3.0,301.0,34.0,1357.0,222.0,233.0,147.0,1484.0,0,1,0,0,0,0,0,0,0,0,0,0,0,0,0,0,0,0,0,0,0,0,0,0,0,0,0,0,0,0,0,0,0,0,0,0,0,0,0,0,Aspen,0,0,1,0
3258.0,173.0,14.0,242.0,52.0,1749.0,228.0,246.0,147.0,1718.0,0,0,0,0,0,0,0,0,0,0,0,0,0,0,0,0,0,0,0,0,0,0,0,0,0,0,0,0,1,0,0,0,0,0,0,0,0,0,0,0,Spruce/Fir,0,0,1,0
2752.0,142.0,27.0,256.0,115.0,1549.0,247.0,222.0,86.0,1207.0,0,0,0,0,0,0,0,0,0,0,0,0,1,0,0,0,0,0,0,0,0,0,0,0,0,0,0,0,0,0,0,0,0,0,0,0,0,0,0,0,Lodgepole Pine,0,0,1,0
2962.0,153.0,7.0,30.0,0.0,1622.0,229.0,241.0,144.0,3544.0,0,0,0,0,0,0,0,0,0,0,0,0,0,0,0,0,0,0,0,0,0,0,0,0,0,0,0,0,1,0,0,0,0,0,0,0,0,0,0,0,Spruce/Fir,0,1,0,0
2346.0,187.0,14.0,255.0,117.0,932.0,221.0,249.0,158.0,726.0,0,0,0,0,0,0,0,0,0,0,0,0,0,0,0,0,0,0,0,0,0,0,0,0,0,0,0,0,1,0,0,0,0,0,0,0,0,0,0,0,Ponderosa Pine,0,0,0,1
2599.0,349.0,8.0,525.0,38.0,658.0,205.0,226.0,160.0,768.0,0,0,0,0,0,0,0,0,0,0,1,0,0,0,0,0,0,0,0,0,0,0,0,0,0,0,0,0,0,0,0,0,0,0,0,0,0,0,0,0,Ponderosa Pine,0,0,1,0
3162.0,124.0,5.0,90.0,3.0,3561.0,229.0,236.0,140.0,4718.0,0,0,0,0,0,0,0,0,0,0,0,0,0,0,0,0,0,0,0,0,0,0,0,0,0,0,0,0,1,0,0,0,0,0,0,0,0,0,0,0,Spruce/Fir,0,1,0,0
2979.0,193.0,3.0,210.0,6.0,2690.0,219.0,242.0,159.0,1948.0,0,0,0,0,0,0,0,0,0,0,0,0,0,0,0,0,0,0,0,0,0,0,0,0,0,0,0,0,1,0,0,0,0,0,0,0,0,0,0,0,Spruce/Fir,0,1,0,0
2350.0,279.0,14.0,218.0,84.0,1170.0,180.0,241.0,200.0,459.0,0,0,0,0,0,1,0,0,0,0,0,0,0,0,0,0,0,0,0,0,0,0,0,0,0,0,0,0,0,0,0,0,0,0,0,0,0,0,0,0,Douglas-fir,0,0,0,1
3215.0,281.0,21.0,60.0,26.0,3987.0,159.0,237.0,216.0,1412.0,0,0,0,0,0,0,0,0,0,0,0,0,0,0,0,0,0,0,0,0,0,0,0,0,0,0,0,0,1,0,0,0,0,0,0,0,0,0,0,0,Krummholz,0,1,0,0
3026.0,176.0,15.0,779.0,135.0,2971.0,226.0,247.0,149.0,1873.0,0,0,0,0,0,0,0,0,0,0,0,0,0,0,0,0,0,0,0,0,0,0,0,0,0,0,0,0,0,0,0,0,1,0,0,0,0,0,0,0,Lodgepole Pine,0,0,1,0
2766.0,71.0,14.0,277.0,16.0,1671.0,235.0,213.0,107.0,1872.0,0,0,0,0,0,0,0,0,0,0,0,0,0,0,0,0,0,0,0,0,0,0,0,0,0,0,0,0,1,0,0,0,0,0,0,0,0,0,0,0,Lodgepole Pine,0,1,0,0
3270.0,129.0,3.0,242.0,5.0,899.0,225.0,237.0,148.0,2348.0,0,0,0,0,0,0,0,0,0,0,0,0,0,0,0,0,0,0,0,0,0,0,0,0,0,0,0,0,0,0,0,0,0,0,0,0,0,1,0,0,Spruce/Fir,0,1,0,0
2252.0,355.0,19.0,331.0,108.0,541.0,186.0,204.0,153.0,242.0,0,0,0,0,0,0,0,0,0,1,0,0,0,0,0,0,0,0,0,0,0,0,0,0,0,0,0,0,0,0,0,0,0,0,0,0,0,0,0,0,Lodgepole Pine,0,0,0,1
2992.0,149.0,6.0,30.0,0.0,2165.0,227.0,240.0,146.0,4103.0,0,0,0,0,0,0,0,0,0,0,0,0,0,0,0,0,0,0,0,0,0,0,1,0,0,0,0,0,0,0,0,0,0,0,0,0,0,0,0,0,Spruce/Fir,0,1,0,0
2903.0,140.0,7.0,424.0,49.0,1699.0,231.0,238.0,140.0,2713.0,0,0,0,0,0,0,0,0,0,0,0,0,0,0,0,0,0,0,0,0,0,0,0,0,0,0,0,0,0,0,1,0,0,0,0,0,0,0,0,0,Lodgepole Pine,0,0,1,0
2912.0,29.0,15.0,558.0,114.0,3281.0,213.0,206.0,125.0,641.0,0,0,0,0,0,0,0,0,0,0,0,0,0,0,0,0,0,0,0,0,0,0,0,0,0,0,0,0,1,0,0,0,0,0,0,0,0,0,0,0,Lodgepole Pine,0,0,1,0
3018.0,34.0,18.0,339.0,96.0,4882.0,215.0,199.0,114.0,3178.0,0,0,0,0,0,0,0,0,0,0,0,0,0,0,0,0,0,0,0,0,0,0,0,0,0,0,0,0,1,0,0,0,0,0,0,0,0,0,0,0,Spruce/Fir,0,1,0,0
2533.0,322.0,25.0,95.0,24.0,1793.0,150.0,207.0,193.0,1828.0,0,0,0,0,0,0,0,0,0,1,0,0,0,0,0,0,0,0,0,0,0,0,0,0,0,0,0,0,0,0,0,0,0,0,0,0,0,0,0,0,Lodgepole Pine,0,0,1,0
2852.0,11.0,5.0,90.0,35.0,1698.0,215.0,230.0,152.0,2329.0,0,0,0,0,0,0,0,0,0,0,0,0,0,0,0,0,0,0,0,0,0,0,0,0,0,0,0,0,1,0,0,0,0,0,0,0,0,0,0,0,Lodgepole Pine,0,1,0,0
2678.0,73.0,11.0,362.0,61.0,840.0,233.0,220.0,118.0,799.0,0,0,0,0,0,0,0,0,0,0,0,0,0,0,0,0,0,0,0,0,0,0,0,0,0,0,0,0,1,0,0,0,0,0,0,0,0,0,0,0,Lodgepole Pine,0,1,0,0
3074.0,63.0,4.0,309.0,43.0,1410.0,224.0,231.0,143.0,2792.0,0,0,0,0,0,0,0,0,0,0,0,0,0,0,0,0,0,0,0,0,0,0,0,0,0,0,0,0,1,0,0,0,0,0,0,0,0,0,0,0,Spruce/Fir,0,1,0,0
2773.0,171.0,16.0,108.0,9.0,2989.0,229.0,246.0,144.0,2281.0,0,0,0,0,0,0,0,0,0,0,0,1,0,0,0,0,0,0,0,0,0,0,0,0,0,0,0,0,0,0,0,0,0,0,0,0,0,0,0,0,Lodgepole Pine,0,1,0,0
3071.0,160.0,9.0,192.0,34.0,1418.0,230.0,242.0,144.0,2661.0,0,0,0,0,0,0,0,0,0,0,0,0,0,0,0,0,0,0,0,0,0,0,0,0,0,0,0,0,1,0,0,0,0,0,0,0,0,0,0,0,Spruce/Fir,0,1,0,0
2528.0,56.0,7.0,335.0,25.0,840.0,225.0,226.0,135.0,1279.0,0,0,0,0,0,0,0,0,0,0,1,0,0,0,0,0,0,0,0,0,0,0,0,0,0,0,0,0,0,0,0,0,0,0,0,0,0,0,0,0,Lodgepole Pine,0,0,1,0
3036.0,72.0,11.0,170.0,31.0,360.0,233.0,219.0,117.0,1273.0,0,0,0,0,0,0,0,0,0,0,0,0,0,0,0,0,0,0,0,0,0,0,0,0,0,0,0,0,1,0,0,0,0,0,0,0,0,0,0,0,Lodgepole Pine,0,0,1,0
3260.0,45.0,12.0,474.0,85.0,871.0,223.0,213.0,122.0,2122.0,0,0,0,0,0,0,0,0,0,0,0,0,0,0,0,0,0,0,0,0,0,0,0,0,0,0,0,0,0,0,0,0,0,0,0,0,0,0,1,0,Krummholz,0,1,0,0
2607.0,58.0,26.0,85.0,1.0,2297.0,228.0,176.0,64.0,721.0,0,0,0,0,0,0,0,0,0,1,0,0,0,0,0,0,0,0,0,0,0,0,0,0,0,0,0,0,0,0,0,0,0,0,0,0,0,0,0,0,Douglas-fir,0,0,1,0
2767.0,349.0,8.0,218.0,15.0,2230.0,206.0,227.0,160.0,3670.0,0,0,0,0,0,0,0,0,0,0,0,0,0,0,0,0,0,0,0,0,0,0,0,0,0,0,0,0,1,0,0,0,0,0,0,0,0,0,0,0,Lodgepole Pine,0,1,0,0
3193.0,346.0,16.0,150.0,22.0,1065.0,187.0,213.0,163.0,1275.0,0,0,0,0,0,0,0,0,0,0,0,0,0,0,0,0,0,0,0,0,0,0,0,0,0,0,0,0,1,0,0,0,0,0,0,0,0,0,0,0,Spruce/Fir,0,1,0,0
2537.0,132.0,7.0,150.0,9.0,1050.0,231.0,237.0,138.0,4997.0,0,0,0,0,0,0,0,0,0,0,0,0,0,0,0,0,0,1,0,0,0,0,0,0,0,0,0,0,0,0,0,0,0,0,0,0,0,0,0,0,Lodgepole Pine,0,1,0,0
3027.0,331.0,20.0,90.0,14.0,2128.0,169.0,211.0,179.0,3356.0,0,0,0,0,0,0,0,0,0,0,0,0,0,0,0,0,0,0,0,0,0,0,0,0,0,0,0,0,1,0,0,0,0,0,0,0,0,0,0,0,Spruce/Fir,0,1,0,0
3096.0,73.0,20.0,30.0,13.0,1481.0,239.0,197.0,81.0,1875.0,0,0,0,0,0,0,0,0,0,0,0,0,0,0,0,0,0,0,0,0,0,0,0,1,0,0,0,0,0,0,0,0,0,0,0,0,0,0,0,0,Spruce/Fir,0,0,1,0
3171.0,193.0,9.0,175.0,33.0,3257.0,219.0,248.0,162.0,1368.0,0,0,0,0,0,0,0,0,0,0,0,0,0,0,0,0,0,0,0,0,0,0,0,0,0,0,0,0,1,0,0,0,0,0,0,0,0,0,0,0,Lodgepole Pine,0,0,1,0
3247.0,112.0,8.0,661.0,99.0,6017.0,234.0,232.0,130.0,1595.0,0,0,0,0,0,0,0,0,0,0,0,0,0,0,0,0,0,0,0,0,0,0,0,0,0,0,0,0,1,0,0,0,0,0,0,0,0,0,0,0,Spruce/Fir,0,1,0,0
2717.0,284.0,19.0,124.0,49.0,509.0,165.0,237.0,211.0,459.0,0,0,0,0,0,0,0,0,0,0,0,0,0,0,0,0,0,0,0,0,0,0,0,0,0,0,0,0,1,0,0,0,0,0,0,0,0,0,0,0,Lodgepole Pine,0,1,0,0
2772.0,228.0,33.0,242.0,132.0,1680.0,154.0,248.0,214.0,1265.0,0,0,0,1,0,0,0,0,0,0,0,0,0,0,0,0,0,0,0,0,0,0,0,0,0,0,0,0,0,0,0,0,0,0,0,0,0,0,0,0,Lodgepole Pine,0,0,1,0
3136.0,3.0,4.0,255.0,55.0,1304.0,214.0,232.0,155.0,3115.0,0,0,0,0,0,0,0,0,0,0,0,0,0,0,0,0,0,0,0,0,0,0,0,0,0,0,0,0,0,0,0,0,1,0,0,0,0,0,0,0,Spruce/Fir,0,0,1,0
3227.0,45.0,7.0,85.0,5.0,541.0,222.0,224.0,137.0,1148.0,0,0,0,0,0,0,0,0,0,0,0,0,0,0,0,0,0,0,0,0,0,0,0,0,0,0,0,0,1,0,0,0,0,0,0,0,0,0,0,0,Lodgepole Pine,1,0,0,0
3034.0,129.0,12.0,90.0,10.0,376.0,240.0,233.0,121.0,1101.0,0,0,0,0,0,0,0,0,0,0,0,0,0,0,0,0,0,0,0,0,0,0,1,0,0,0,0,0,0,0,0,0,0,0,0,0,0,0,0,0,Spruce/Fir,0,1,0,0
3323.0,102.0,27.0,150.0,41.0,1914.0,253.0,193.0,50.0,2869.0,0,0,0,0,0,0,0,0,0,0,0,0,0,0,0,0,0,0,0,0,0,0,0,0,0,0,0,0,1,0,0,0,0,0,0,0,0,0,0,0,Spruce/Fir,0,1,0,0
3192.0,194.0,6.0,30.0,1.0,2553.0,219.0,245.0,161.0,979.0,0,0,0,0,0,0,0,0,0,0,0,0,0,0,0,0,0,0,0,0,0,0,0,0,0,0,0,0,1,0,0,0,0,0,0,0,0,0,0,0,Spruce/Fir,0,1,0,0
3267.0,315.0,7.0,153.0,24.0,4765.0,202.0,235.0,172.0,900.0,0,0,0,0,0,0,0,0,0,0,0,0,0,0,0,0,0,0,0,0,0,0,0,0,0,0,0,0,1,0,0,0,0,0,0,0,0,0,0,0,Lodgepole Pine,0,1,0,0
2781.0,8.0,11.0,240.0,18.0,1598.0,207.0,218.0,147.0,1776.0,0,0,0,0,0,0,0,0,0,0,0,1,0,0,0,0,0,0,0,0,0,0,0,0,0,0,0,0,0,0,0,0,0,0,0,0,0,0,0,0,Spruce/Fir,0,1,0,0
3050.0,134.0,16.0,108.0,32.0,6550.0,244.0,230.0,110.0,3208.0,0,0,0,0,0,0,0,0,0,0,0,0,0,0,0,0,0,0,0,0,0,0,0,0,0,0,0,0,1,0,0,0,0,0,0,0,0,0,0,0,Lodgepole Pine,0,1,0,0
3321.0,97.0,8.0,484.0,111.0,424.0,233.0,229.0,129.0,319.0,0,0,0,0,0,0,0,0,0,0,0,0,0,0,0,0,0,0,0,0,0,0,0,0,0,0,0,0,1,0,0,0,0,0,0,0,0,0,0,0,Lodgepole Pine,1,0,0,0
2526.0,74.0,17.0,234.0,19.0,484.0,238.0,205.0,92.0,1283.0,0,0,0,0,0,0,0,0,0,1,0,0,0,0,0,0,0,0,0,0,0,0,0,0,0,0,0,0,0,0,0,0,0,0,0,0,0,0,0,0,Douglas-fir,0,0,1,0
2757.0,70.0,13.0,150.0,17.0,2761.0,233.0,214.0,111.0,4680.0,0,0,0,0,0,0,0,0,0,0,0,0,0,0,0,0,0,0,0,0,0,0,0,0,0,0,0,0,1,0,0,0,0,0,0,0,0,0,0,0,Lodgepole Pine,0,1,0,0
2627.0,211.0,31.0,190.0,125.0,1664.0,179.0,250.0,189.0,268.0,0,0,0,1,0,0,0,0,0,0,0,0,0,0,0,0,0,0,0,0,0,0,0,0,0,0,0,0,0,0,0,0,0,0,0,0,0,0,0,0,Ponderosa Pine,0,0,1,0
3191.0,97.0,20.0,216.0,32.0,847.0,248.0,207.0,79.0,752.0,0,0,0,0,0,0,0,0,0,0,0,0,0,0,0,0,0,0,0,0,0,0,0,0,0,0,0,0,0,0,0,0,0,0,0,0,0,0,1,0,Krummholz,0,0,1,0
3336.0,298.0,10.0,306.0,38.0,1575.0,192.0,237.0,185.0,1777.0,0,0,0,0,0,0,0,0,0,0,0,0,0,0,0,0,0,0,0,0,0,0,0,0,0,0,0,0,0,0,0,1,0,0,0,0,0,0,0,0,Spruce/Fir,0,0,1,0
2953.0,26.0,8.0,60.0,1.0,4167.0,216.0,222.0,142.0,2290.0,0,0,0,0,0,0,0,0,0,0,0,0,0,0,0,0,0,0,0,0,0,0,0,0,0,0,0,0,1,0,0,0,0,0,0,0,0,0,0,0,Lodgepole Pine,0,1,0,0
3424.0,60.0,17.0,379.0,75.0,3175.0,231.0,202.0,99.0,1396.0,0,0,0,0,0,0,0,0,0,0,0,0,0,0,0,0,0,0,0,0,0,0,0,0,0,0,0,0,0,0,0,0,0,0,0,0,0,0,1,0,Krummholz,0,0,1,0
3263.0,150.0,26.0,594.0,161.0,488.0,242.0,228.0,97.0,4392.0,0,0,0,0,0,0,0,0,0,0,0,0,0,0,0,0,0,0,0,0,0,0,0,0,1,0,0,0,0,0,0,0,0,0,0,0,0,0,0,0,Lodgepole Pine,1,0,0,0
2988.0,105.0,25.0,272.0,121.0,6201.0,252.0,200.0,60.0,4100.0,0,0,0,0,0,0,0,0,0,0,0,0,0,0,0,0,0,0,0,0,0,0,0,0,0,0,0,0,1,0,0,0,0,0,0,0,0,0,0,0,Lodgepole Pine,0,1,0,0
3335.0,13.0,14.0,335.0,48.0,2089.0,206.0,211.0,141.0,1464.0,0,0,0,0,0,0,0,0,0,0,0,0,0,0,0,0,0,0,0,0,0,0,0,0,0,0,0,0,1,0,0,0,0,0,0,0,0,0,0,0,Spruce/Fir,0,0,1,0
3320.0,25.0,15.0,324.0,81.0,3396.0,211.0,205.0,127.0,2155.0,0,0,0,0,0,0,0,0,0,0,0,0,0,0,0,0,0,0,0,0,0,0,0,0,0,0,0,0,0,0,0,0,0,0,0,0,0,0,1,0,Krummholz,0,0,1,0
3371.0,1.0,19.0,108.0,38.0,4109.0,190.0,201.0,145.0,3807.0,0,0,0,0,0,0,0,0,0,0,0,0,0,0,0,0,0,0,0,0,0,0,0,0,0,0,0,0,0,0,0,0,0,0,0,0,0,0,0,1,Krummholz,0,1,0,0
3299.0,30.0,21.0,242.0,103.0,1736.0,208.0,189.0,109.0,2574.0,0,0,0,0,0,0,0,0,0,0,0,0,0,0,0,0,0,0,0,0,0,0,0,0,0,0,0,0,0,0,0,0,1,0,0,0,0,0,0,0,Spruce/Fir,0,0,1,0
2593.0,24.0,17.0,350.0,88.0,1289.0,209.0,203.0,126.0,660.0,0,0,0,0,0,0,0,0,0,0,1,0,0,0,0,0,0,0,0,0,0,0,0,0,0,0,0,0,0,0,0,0,0,0,0,0,0,0,0,0,Ponderosa Pine,0,0,1,0
2976.0,144.0,12.0,457.0,56.0,4980.0,237.0,238.0,129.0,2827.0,0,0,0,0,0,0,0,0,0,0,0,0,0,0,0,0,0,0,0,0,0,0,0,0,0,0,0,0,0,1,0,0,0,0,0,0,0,0,0,0,Lodgepole Pine,0,1,0,0
3107.0,0.0,2.0,0.0,0.0,3743.0,216.0,235.0,156.0,1087.0,0,0,0,0,0,0,0,0,0,0,0,0,0,0,0,0,0,0,0,0,0,0,0,0,0,0,0,0,1,0,0,0,0,0,0,0,0,0,0,0,Spruce/Fir,0,1,0,0
2842.0,158.0,15.0,0.0,0.0,1150.0,235.0,241.0,133.0,2232.0,0,0,0,0,0,0,0,0,0,0,0,0,0,0,0,0,0,0,0,0,0,0,0,0,0,0,0,0,1,0,0,0,0,0,0,0,0,0,0,0,Spruce/Fir,0,0,1,0
3044.0,124.0,16.0,162.0,33.0,769.0,245.0,227.0,106.0,1342.0,0,0,0,0,0,0,0,0,0,0,0,0,0,0,0,0,0,0,0,0,0,0,0,0,0,0,0,0,1,0,0,0,0,0,0,0,0,0,0,0,Lodgepole Pine,0,0,1,0
3051.0,75.0,7.0,459.0,63.0,2402.0,228.0,228.0,133.0,2175.0,0,0,0,0,0,0,0,0,0,0,0,0,0,0,0,0,0,0,0,0,0,0,0,0,0,0,0,0,1,0,0,0,0,0,0,0,0,0,0,0,Spruce/Fir,0,0,1,0
2855.0,85.0,10.0,95.0,7.0,2854.0,235.0,222.0,118.0,2726.0,0,0,0,0,0,0,0,0,0,0,0,1,0,0,0,0,0,0,0,0,0,0,0,0,0,0,0,0,0,0,0,0,0,0,0,0,0,0,0,0,Lodgepole Pine,0,1,0,0
3134.0,350.0,4.0,258.0,53.0,1320.0,212.0,233.0,158.0,3153.0,0,0,0,0,0,0,0,0,0,0,0,0,0,0,0,0,0,0,0,0,0,0,0,0,0,0,0,0,1,0,0,0,0,0,0,0,0,0,0,0,Spruce/Fir,0,0,1,0
3100.0,236.0,15.0,192.0,47.0,492.0,192.0,252.0,195.0,771.0,0,0,0,0,0,0,0,0,0,0,0,0,0,0,0,0,0,0,0,0,0,0,0,1,0,0,0,0,0,0,0,0,0,0,0,0,0,0,0,0,Lodgepole Pine,0,0,1,0
2828.0,57.0,20.0,272.0,131.0,1068.0,230.0,194.0,89.0,1055.0,0,0,0,0,0,0,0,0,0,0,0,0,0,0,0,0,0,0,0,0,0,0,0,0,0,0,0,0,1,0,0,0,0,0,0,0,0,0,0,0,Lodgepole Pine,0,0,1,0
3246.0,175.0,6.0,560.0,136.0,1632.0,223.0,243.0,154.0,2389.0,0,0,0,0,0,0,0,0,0,0,0,0,0,0,0,0,0,0,0,0,0,0,0,0,0,0,0,0,1,0,0,0,0,0,0,0,0,0,0,0,Spruce/Fir,0,0,1,0
2414.0,335.0,16.0,85.0,15.0,541.0,182.0,217.0,173.0,1263.0,0,0,0,0,0,0,0,0,0,1,0,0,0,0,0,0,0,0,0,0,0,0,0,0,0,0,0,0,0,0,0,0,0,0,0,0,0,0,0,0,Lodgepole Pine,0,0,1,0
3125.0,46.0,18.0,95.0,12.0,1333.0,223.0,198.0,103.0,2468.0,0,0,0,0,0,0,0,0,0,0,0,0,0,0,0,0,0,0,0,0,0,1,0,0,0,0,0,0,0,0,0,0,0,0,0,0,0,0,0,0,Spruce/Fir,0,0,1,0
2790.0,76.0,4.0,362.0,57.0,664.0,225.0,232.0,143.0,2483.0,0,0,0,0,0,0,0,0,0,0,0,0,0,0,0,0,0,0,0,0,0,0,0,0,0,0,0,0,1,0,0,0,0,0,0,0,0,0,0,0,Lodgepole Pine,0,1,0,0
3356.0,57.0,15.0,210.0,47.0,4163.0,229.0,207.0,108.0,1273.0,0,0,0,0,0,0,0,0,0,0,0,0,0,0,0,0,0,0,0,0,0,0,0,0,0,0,0,0,1,0,0,0,0,0,0,0,0,0,0,0,Spruce/Fir,0,1,0,0
3002.0,244.0,14.0,42.0,3.0,1410.0,190.0,251.0,197.0,212.0,0,0,0,0,0,0,0,0,0,0,0,0,0,0,0,0,0,0,0,0,0,0,1,0,0,0,0,0,0,0,0,0,0,0,0,0,0,0,0,0,Lodgepole Pine,0,0,1,0
2777.0,104.0,8.0,85.0,6.0,912.0,234.0,230.0,129.0,2405.0,0,0,0,0,0,0,0,0,0,0,1,0,0,0,0,0,0,0,0,0,0,0,0,0,0,0,0,0,0,0,0,0,0,0,0,0,0,0,0,0,Lodgepole Pine,0,0,1,0
2942.0,90.0,6.0,446.0,14.0,1044.0,229.0,231.0,136.0,2133.0,0,0,0,0,0,0,0,0,0,0,0,0,0,0,0,0,0,0,0,0,0,0,1,0,0,0,0,0,0,0,0,0,0,0,0,0,0,0,0,0,Lodgepole Pine,0,1,0,0
3149.0,119.0,27.0,150.0,30.0,1871.0,254.0,204.0,59.0,2594.0,0,0,0,0,0,0,0,0,0,0,0,0,0,0,0,0,0,0,0,0,0,0,0,0,0,0,0,0,1,0,0,0,0,0,0,0,0,0,0,0,Lodgepole Pine,0,1,0,0
3152.0,115.0,19.0,467.0,102.0,4685.0,249.0,218.0,88.0,1812.0,0,0,0,0,0,0,0,0,0,0,0,0,0,0,0,0,0,0,0,0,0,0,0,0,0,0,0,0,1,0,0,0,0,0,0,0,0,0,0,0,Spruce/Fir,0,1,0,0
3308.0,161.0,21.0,713.0,94.0,819.0,236.0,240.0,125.0,2687.0,0,0,0,0,0,0,0,0,0,0,0,0,0,0,0,0,0,0,0,0,0,0,0,0,0,0,0,0,1,0,0,0,0,0,0,0,0,0,0,0,Lodgepole Pine,0,0,1,0
3319.0,11.0,11.0,256.0,32.0,2045.0,208.0,217.0,145.0,1465.0,0,0,0,0,0,0,0,0,0,0,0,0,0,0,0,0,0,0,0,0,0,0,0,0,0,0,0,0,0,0,1,0,0,0,0,0,0,0,0,0,Spruce/Fir,0,0,1,0
2857.0,283.0,15.0,150.0,34.0,2524.0,177.0,239.0,202.0,2296.0,0,0,0,0,0,0,0,0,0,0,0,0,0,0,0,0,0,0,0,0,0,0,0,0,0,0,0,0,1,0,0,0,0,0,0,0,0,0,0,0,Spruce/Fir,0,1,0,0
2842.0,75.0,11.0,598.0,10.0,480.0,233.0,220.0,117.0,1167.0,0,0,0,0,0,0,0,0,0,0,1,0,0,0,0,0,0,0,0,0,0,0,0,0,0,0,0,0,0,0,0,0,0,0,0,0,0,0,0,0,Lodgepole Pine,0,0,1,0
3302.0,24.0,16.0,480.0,32.0,891.0,210.0,205.0,128.0,2561.0,0,0,0,0,0,0,0,0,0,0,0,0,0,0,0,0,0,0,0,0,0,0,0,0,0,0,0,0,1,0,0,0,0,0,0,0,0,0,0,0,Spruce/Fir,0,1,0,0
2900.0,100.0,7.0,0.0,0.0,5523.0,231.0,231.0,133.0,4174.0,0,0,0,0,0,0,0,0,0,0,0,0,0,0,0,0,0,0,0,0,0,0,0,0,0,0,0,0,1,0,0,0,0,0,0,0,0,0,0,0,Lodgepole Pine,0,1,0,0
2974.0,343.0,14.0,42.0,14.0,4938.0,190.0,218.0,165.0,4039.0,0,0,0,0,0,0,0,0,0,0,0,0,0,0,0,0,0,0,0,0,0,0,0,0,0,0,0,0,1,0,0,0,0,0,0,0,0,0,0,0,Spruce/Fir,0,1,0,0
2310.0,24.0,21.0,153.0,63.0,566.0,204.0,190.0,115.0,638.0,0,0,0,0,0,0,0,0,0,1,0,0,0,0,0,0,0,0,0,0,0,0,0,0,0,0,0,0,0,0,0,0,0,0,0,0,0,0,0,0,Ponderosa Pine,0,0,0,1
3313.0,296.0,6.0,330.0,32.0,3480.0,203.0,238.0,175.0,1486.0,0,0,0,0,0,0,0,0,0,0,0,0,0,0,0,0,0,0,0,0,0,0,0,0,0,0,0,0,0,0,0,0,0,0,0,0,0,0,1,0,Spruce/Fir,0,1,0,0
2845.0,41.0,10.0,95.0,2.0,1532.0,221.0,218.0,131.0,2379.0,0,0,0,0,0,0,0,0,0,0,0,0,0,0,0,0,0,0,0,0,0,0,0,0,0,0,0,0,1,0,0,0,0,0,0,0,0,0,0,0,Lodgepole Pine,0,1,0,0
3004.0,278.0,5.0,0.0,0.0,2560.0,206.0,241.0,173.0,1784.0,0,0,0,0,0,0,0,0,0,0,0,0,0,0,0,0,0,0,0,1,0,0,0,0,0,0,0,0,0,0,0,0,0,0,0,0,0,0,0,0,Spruce/Fir,0,0,1,0
2259.0,18.0,6.0,0.0,0.0,1310.0,216.0,227.0,149.0,564.0,0,0,0,0,0,0,0,0,0,0,0,0,0,1,0,0,0,0,0,0,0,0,0,0,0,0,0,0,0,0,0,0,0,0,0,0,0,0,0,0,Douglas-fir,0,0,0,1
2752.0,327.0,13.0,0.0,0.0,1854.0,188.0,225.0,176.0,2669.0,0,0,0,0,0,0,0,0,0,0,0,0,0,0,0,0,0,0,0,0,0,0,0,0,0,0,0,0,1,0,0,0,0,0,0,0,0,0,0,0,Lodgepole Pine,0,1,0,0
3234.0,337.0,9.0,742.0,90.0,6212.0,200.0,228.0,166.0,1411.0,0,0,0,0,0,0,0,0,0,0,0,0,0,0,0,0,0,0,0,0,0,0,0,0,0,0,0,0,1,0,0,0,0,0,0,0,0,0,0,0,Spruce/Fir,0,1,0,0
3136.0,245.0,10.0,484.0,4.0,6218.0,200.0,248.0,185.0,1905.0,0,0,0,0,0,0,0,0,0,0,0,0,0,0,0,0,0,0,0,0,0,0,0,0,0,0,0,0,1,0,0,0,0,0,0,0,0,0,0,0,Lodgepole Pine,0,1,0,0
2892.0,226.0,30.0,212.0,96.0,3203.0,165.0,251.0,208.0,1602.0,0,0,0,0,0,0,0,0,0,0,0,0,0,0,0,0,0,0,0,0,0,0,0,0,0,0,0,0,1,0,0,0,0,0,0,0,0,0,0,0,Lodgepole Pine,0,0,1,0
2781.0,347.0,16.0,67.0,12.0,960.0,188.0,212.0,162.0,2060.0,0,0,0,0,0,0,0,0,0,1,0,0,0,0,0,0,0,0,0,0,0,0,0,0,0,0,0,0,0,0,0,0,0,0,0,0,0,0,0,0,Spruce/Fir,0,0,1,0
2954.0,342.0,6.0,0.0,0.0,1899.0,208.0,231.0,162.0,1480.0,0,0,0,0,0,0,0,0,0,0,0,0,0,0,0,0,0,0,0,0,0,0,0,0,0,0,0,0,1,0,0,0,0,0,0,0,0,0,0,0,Spruce/Fir,0,1,0,0
2404.0,65.0,10.0,283.0,30.0,420.0,230.0,221.0,123.0,722.0,0,1,0,0,0,0,0,0,0,0,0,0,0,0,0,0,0,0,0,0,0,0,0,0,0,0,0,0,0,0,0,0,0,0,0,0,0,0,0,0,Ponderosa Pine,0,0,1,0
3164.0,127.0,23.0,319.0,62.0,212.0,251.0,217.0,81.0,4320.0,0,0,0,0,0,0,0,0,0,0,0,0,0,0,0,0,0,0,0,0,0,0,0,0,0,0,0,0,1,0,0,0,0,0,0,0,0,0,0,0,Lodgepole Pine,1,0,0,0
3244.0,47.0,8.0,108.0,17.0,1489.0,223.0,223.0,134.0,2746.0,0,0,0,0,0,0,0,0,0,0,0,0,0,0,0,0,0,0,0,0,0,0,0,0,0,0,0,0,0,1,0,0,0,0,0,0,0,0,0,0,Spruce/Fir,0,1,0,0
2617.0,328.0,13.0,300.0,77.0,361.0,187.0,224.0,176.0,1565.0,0,0,0,0,0,0,0,0,0,0,0,1,0,0,0,0,0,0,0,0,0,0,0,0,0,0,0,0,0,0,0,0,0,0,0,0,0,0,0,0,Lodgepole Pine,0,1,0,0
3237.0,185.0,19.0,190.0,27.0,2220.0,220.0,249.0,154.0,1797.0,0,0,0,0,0,0,0,0,0,0,0,0,0,0,0,0,0,0,0,0,0,0,0,0,0,0,0,0,0,0,0,1,0,0,0,0,0,0,0,0,Spruce/Fir,0,0,1,0
3355.0,135.0,13.0,450.0,64.0,1972.0,240.0,234.0,120.0,2934.0,0,0,0,0,0,0,0,0,0,0,0,0,0,0,0,0,0,0,0,0,0,0,0,0,0,0,0,0,1,0,0,0,0,0,0,0,0,0,0,0,Lodgepole Pine,1,0,0,0
3057.0,64.0,20.0,258.0,42.0,4578.0,234.0,195.0,85.0,830.0,0,0,0,0,0,0,0,0,0,0,0,0,0,0,0,0,0,0,0,0,0,0,0,0,0,0,0,0,1,0,0,0,0,0,0,0,0,0,0,0,Lodgepole Pine,0,1,0,0
2990.0,89.0,17.0,277.0,51.0,309.0,244.0,210.0,89.0,2037.0,0,0,0,0,0,0,0,0,0,0,0,0,0,0,0,0,0,0,0,0,0,0,0,0,0,0,0,0,1,0,0,0,0,0,0,0,0,0,0,0,Lodgepole Pine,0,0,1,0
2566.0,47.0,10.0,360.0,38.0,591.0,224.0,218.0,128.0,1256.0,0,1,0,0,0,0,0,0,0,0,0,0,0,0,0,0,0,0,0,0,0,0,0,0,0,0,0,0,0,0,0,0,0,0,0,0,0,0,0,0,Douglas-fir,0,0,1,0
2774.0,44.0,15.0,42.0,11.0,2325.0,222.0,205.0,113.0,2936.0,0,0,0,0,0,0,0,0,0,0,0,0,0,0,0,0,0,0,0,0,0,0,0,0,0,0,0,0,1,0,0,0,0,0,0,0,0,0,0,0,Lodgepole Pine,0,1,0,0
2913.0,82.0,5.0,162.0,0.0,4958.0,227.0,231.0,138.0,2687.0,0,0,0,0,0,0,0,1,0,0,0,0,0,0,0,0,0,0,0,0,0,0,0,0,0,0,0,0,0,0,0,0,0,0,0,0,0,0,0,0,Spruce/Fir,0,1,0,0
2875.0,344.0,14.0,67.0,8.0,3084.0,192.0,218.0,164.0,2672.0,0,0,0,0,0,0,0,0,0,0,0,0,0,0,0,0,0,0,0,0,0,0,0,0,0,0,0,0,1,0,0,0,0,0,0,0,0,0,0,0,Lodgepole Pine,0,1,0,0
3362.0,283.0,17.0,60.0,13.0,2290.0,171.0,239.0,207.0,2400.0,0,0,0,0,0,0,0,0,0,0,0,0,0,0,0,0,0,0,0,0,0,0,0,0,0,0,0,0,0,0,0,0,0,0,0,0,0,1,0,0,Krummholz,0,0,1,0
3263.0,122.0,8.0,0.0,0.0,3666.0,233.0,234.0,133.0,3690.0,0,0,0,0,0,0,0,0,0,0,0,0,0,0,0,0,0,0,0,0,0,0,0,0,0,0,0,0,0,0,0,0,0,0,0,0,0,1,0,0,Krummholz,0,1,0,0
2959.0,26.0,15.0,450.0,70.0,2462.0,212.0,206.0,128.0,1495.0,0,0,0,0,0,0,0,0,0,0,0,0,0,0,0,0,0,0,0,0,0,0,0,0,0,0,0,0,0,0,0,1,0,0,0,0,0,0,0,0,Spruce/Fir,0,0,1,0
3228.0,352.0,7.0,258.0,49.0,4383.0,208.0,229.0,158.0,2955.0,0,0,0,0,0,0,0,0,0,0,0,0,0,0,0,0,0,0,0,0,0,0,0,0,0,0,0,0,1,0,0,0,0,0,0,0,0,0,0,0,Spruce/Fir,0,1,0,0
3064.0,86.0,10.0,192.0,10.0,3379.0,235.0,223.0,119.0,2914.0,0,0,0,0,0,0,0,0,0,0,0,0,0,0,0,0,0,0,0,0,0,0,0,0,0,0,0,0,1,0,0,0,0,0,0,0,0,0,0,0,Spruce/Fir,0,1,0,0
2756.0,11.0,8.0,162.0,8.0,1652.0,212.0,224.0,150.0,1784.0,0,0,0,0,0,0,0,0,0,0,0,1,0,0,0,0,0,0,0,0,0,0,0,0,0,0,0,0,0,0,0,0,0,0,0,0,0,0,0,0,Spruce/Fir,0,1,0,0
3091.0,196.0,10.0,108.0,3.0,1860.0,218.0,248.0,164.0,534.0,0,0,0,0,0,0,0,0,0,0,0,0,0,0,0,0,0,0,0,0,0,1,0,0,0,0,0,0,0,0,0,0,0,0,0,0,0,0,0,0,Spruce/Fir,0,1,0,0
3103.0,34.0,14.0,283.0,85.0,4842.0,217.0,208.0,123.0,2014.0,0,0,0,0,0,0,0,0,0,0,0,0,0,0,0,0,0,0,0,0,0,0,0,0,0,0,0,0,1,0,0,0,0,0,0,0,0,0,0,0,Spruce/Fir,0,1,0,0
2839.0,315.0,19.0,90.0,18.0,2070.0,166.0,221.0,194.0,1041.0,0,0,0,0,0,0,0,0,0,0,0,0,0,0,0,0,0,0,0,0,0,0,1,0,0,0,0,0,0,0,0,0,0,0,0,0,0,0,0,0,Spruce/Fir,0,0,1,0
2656.0,92.0,16.0,60.0,3.0,1952.0,243.0,214.0,96.0,875.0,0,0,0,0,0,0,0,0,0,0,1,0,0,0,0,0,0,0,0,0,0,0,0,0,0,0,0,0,0,0,0,0,0,0,0,0,0,0,0,0,Lodgepole Pine,0,0,1,0
2626.0,344.0,10.0,330.0,91.0,351.0,201.0,225.0,163.0,1473.0,0,0,0,0,0,0,0,0,0,0,0,0,0,0,0,0,0,0,0,0,0,0,0,0,0,0,0,0,1,0,0,0,0,0,0,0,0,0,0,0,Lodgepole Pine,0,1,0,0
3122.0,350.0,13.0,212.0,45.0,5109.0,196.0,218.0,160.0,426.0,0,0,0,0,0,0,0,0,0,0,0,0,0,0,0,0,0,0,0,0,0,0,0,0,0,0,0,0,1,0,0,0,0,0,0,0,0,0,0,0,Spruce/Fir,0,1,0,0
3351.0,299.0,16.0,175.0,69.0,2330.0,172.0,232.0,199.0,2714.0,0,0,0,0,0,0,0,0,0,0,0,0,0,0,0,0,0,0,0,0,0,0,0,0,0,0,0,0,0,0,0,0,0,0,0,0,0,0,1,0,Spruce/Fir,0,1,0,0
3063.0,18.0,9.0,300.0,12.0,1355.0,213.0,221.0,144.0,1869.0,0,0,0,0,0,0,0,0,0,0,0,0,0,0,0,0,0,0,0,0,0,0,0,0,0,0,0,0,0,0,0,1,0,0,0,0,0,0,0,0,Spruce/Fir,0,0,1,0
2967.0,162.0,5.0,270.0,31.0,1595.0,225.0,241.0,150.0,696.0,0,0,0,0,0,0,0,0,0,0,0,0,0,0,0,0,0,0,0,0,0,0,0,0,0,0,0,0,0,0,0,1,0,0,0,0,0,0,0,0,Lodgepole Pine,0,0,1,0
2913.0,113.0,4.0,127.0,13.0,4640.0,226.0,236.0,145.0,1641.0,0,0,0,0,0,0,0,0,0,0,0,0,0,0,0,0,0,0,0,0,0,0,0,0,0,0,0,0,0,1,0,0,0,0,0,0,0,0,0,0,Lodgepole Pine,0,1,0,0
2667.0,217.0,34.0,67.0,46.0,2174.0,164.0,248.0,198.0,543.0,0,0,0,1,0,0,0,0,0,0,0,0,0,0,0,0,0,0,0,0,0,0,0,0,0,0,0,0,0,0,0,0,0,0,0,0,0,0,0,0,Ponderosa Pine,0,0,1,0
3326.0,21.0,18.0,693.0,115.0,953.0,205.0,198.0,125.0,571.0,0,0,0,0,0,0,0,0,0,0,0,0,0,0,0,0,0,0,0,0,0,0,0,0,0,0,0,0,0,0,0,0,0,0,0,0,0,1,0,0,Spruce/Fir,0,1,0,0
3062.0,88.0,12.0,150.0,12.0,1273.0,238.0,220.0,110.0,2125.0,0,0,0,0,0,0,0,0,0,0,0,0,0,0,0,0,0,0,0,0,0,0,0,0,0,0,0,0,1,0,0,0,0,0,0,0,0,0,0,0,Lodgepole Pine,0,1,0,0
2735.0,86.0,15.0,446.0,84.0,2460.0,241.0,214.0,99.0,2142.0,0,0,0,0,0,0,0,0,0,0,0,0,0,0,0,0,0,0,0,0,0,0,0,0,0,0,0,0,1,0,0,0,0,0,0,0,0,0,0,0,Lodgepole Pine,0,0,1,0
2742.0,13.0,11.0,60.0,2.0,2589.0,209.0,217.0,144.0,4447.0,0,0,0,0,0,0,0,0,0,0,0,0,0,0,0,0,0,0,0,0,0,0,0,0,0,0,0,0,1,0,0,0,0,0,0,0,0,0,0,0,Lodgepole Pine,0,1,0,0
3215.0,7.0,8.0,60.0,2.0,5380.0,210.0,224.0,151.0,659.0,0,0,0,0,0,0,0,0,0,0,0,0,0,0,0,0,0,0,0,0,0,1,0,0,0,0,0,0,0,0,0,0,0,0,0,0,0,0,0,0,Spruce/Fir,0,1,0,0
2954.0,92.0,24.0,459.0,149.0,484.0,249.0,195.0,61.0,1500.0,0,0,0,0,0,0,0,0,0,0,0,0,0,0,0,0,0,0,0,0,0,0,0,0,0,0,0,0,1,0,0,0,0,0,0,0,0,0,0,0,Lodgepole Pine,0,1,0,0
3147.0,161.0,26.0,488.0,147.0,696.0,235.0,236.0,115.0,1490.0,0,0,0,0,0,0,0,0,0,0,0,0,0,0,0,0,0,0,0,0,0,0,0,0,0,0,0,0,1,0,0,0,0,0,0,0,0,0,0,0,Lodgepole Pine,0,0,1,0
2843.0,10.0,16.0,108.0,17.0,323.0,200.0,205.0,139.0,242.0,0,0,0,0,0,0,0,0,0,0,0,0,0,0,0,0,0,0,0,0,0,0,0,0,0,0,0,0,0,0,0,1,0,0,0,0,0,0,0,0,Lodgepole Pine,0,0,1,0
3029.0,39.0,10.0,404.0,16.0,1101.0,221.0,218.0,131.0,1819.0,0,0,0,0,0,0,0,0,0,0,0,0,0,0,0,0,0,0,0,0,0,0,0,0,0,0,0,0,1,0,0,0,0,0,0,0,0,0,0,0,Spruce/Fir,0,0,1,0
2783.0,349.0,31.0,210.0,70.0,3062.0,150.0,173.0,151.0,1758.0,0,0,0,0,0,0,0,0,0,0,0,0,0,0,0,0,0,0,0,0,0,0,0,0,0,0,0,0,1,0,0,0,0,0,0,0,0,0,0,0,Lodgepole Pine,0,1,0,0
2838.0,98.0,2.0,277.0,56.0,2496.0,222.0,236.0,151.0,3412.0,0,0,0,0,0,0,0,0,0,0,0,0,0,0,0,0,0,0,0,0,0,0,0,0,0,0,0,0,1,0,0,0,0,0,0,0,0,0,0,0,Lodgepole Pine,0,1,0,0
2829.0,123.0,25.0,85.0,37.0,1148.0,253.0,211.0,70.0,1782.0,0,0,0,0,0,0,0,0,0,0,0,0,0,0,0,0,0,0,0,0,0,0,0,0,0,0,0,0,0,0,0,0,1,0,0,0,0,0,0,0,Lodgepole Pine,0,0,1,0
3304.0,204.0,19.0,120.0,44.0,2444.0,205.0,254.0,176.0,631.0,0,0,0,0,0,0,0,0,0,0,0,0,0,0,0,0,0,0,0,0,0,0,0,0,0,0,0,0,0,0,0,0,0,0,0,0,0,0,1,0,Krummholz,0,0,1,0
2797.0,7.0,18.0,150.0,49.0,2492.0,196.0,202.0,140.0,685.0,0,0,0,0,0,0,0,0,0,0,0,0,0,0,0,0,0,0,0,0,0,0,0,0,0,0,0,0,1,0,0,0,0,0,0,0,0,0,0,0,Lodgepole Pine,0,0,1,0
3243.0,337.0,8.0,67.0,4.0,616.0,203.0,229.0,165.0,1084.0,0,0,0,0,0,0,0,0,0,0,0,0,0,0,0,0,0,0,0,0,0,0,0,0,0,0,0,0,0,0,0,1,0,0,0,0,0,0,0,0,Spruce/Fir,1,0,0,0
2676.0,137.0,11.0,0.0,0.0,3570.0,237.0,236.0,128.0,2124.0,0,0,0,0,0,0,0,0,0,0,0,0,0,0,0,0,0,0,0,0,0,0,0,0,0,0,0,0,1,0,0,0,0,0,0,0,0,0,0,0,Lodgepole Pine,0,0,1,0
2988.0,1.0,23.0,67.0,16.0,2640.0,182.0,191.0,142.0,895.0,0,0,0,0,0,0,0,0,0,0,0,0,0,0,0,0,0,0,0,0,0,0,0,0,0,0,0,0,0,0,1,0,0,0,0,0,0,0,0,0,Lodgepole Pine,0,0,1,0
3000.0,174.0,15.0,67.0,4.0,2131.0,228.0,246.0,147.0,1308.0,0,0,0,0,0,0,0,0,0,0,0,0,1,0,0,0,0,0,0,0,0,0,0,0,0,0,0,0,0,0,0,0,0,0,0,0,0,0,0,0,Lodgepole Pine,0,0,1,0
2548.0,54.0,21.0,335.0,105.0,999.0,227.0,189.0,86.0,1080.0,0,0,0,0,0,0,0,0,0,1,0,0,0,0,0,0,0,0,0,0,0,0,0,0,0,0,0,0,0,0,0,0,0,0,0,0,0,0,0,0,Lodgepole Pine,0,0,1,0
2424.0,321.0,23.0,150.0,60.0,703.0,155.0,210.0,192.0,1452.0,0,0,0,0,0,0,0,0,0,1,0,0,0,0,0,0,0,0,0,0,0,0,0,0,0,0,0,0,0,0,0,0,0,0,0,0,0,0,0,0,Lodgepole Pine,0,0,0,1
3189.0,124.0,10.0,560.0,151.0,485.0,238.0,233.0,125.0,1739.0,0,0,0,0,0,0,0,0,0,0,0,0,0,0,0,0,0,0,0,0,0,0,0,0,0,0,0,0,1,0,0,0,0,0,0,0,0,0,0,0,Lodgepole Pine,0,1,0,0
3026.0,48.0,21.0,134.0,58.0,212.0,222.0,190.0,92.0,1518.0,0,0,0,0,0,0,0,0,0,0,0,0,0,0,0,0,0,0,0,0,0,0,0,0,0,0,0,0,0,0,1,0,0,0,0,0,0,0,0,0,Lodgepole Pine,0,0,1,0
3288.0,146.0,2.0,648.0,104.0,607.0,221.0,238.0,153.0,1310.0,0,0,0,0,0,0,0,0,0,0,0,0,0,0,0,0,0,0,0,0,0,0,1,0,0,0,0,0,0,0,0,0,0,0,0,0,0,0,0,0,Spruce/Fir,1,0,0,0
2990.0,172.0,7.0,108.0,3.0,2012.0,225.0,244.0,152.0,3951.0,0,0,0,0,0,0,0,0,0,0,0,0,0,0,0,0,0,0,0,0,0,0,1,0,0,0,0,0,0,0,0,0,0,0,0,0,0,0,0,0,Spruce/Fir,0,1,0,0
3051.0,45.0,4.0,424.0,8.0,1691.0,221.0,230.0,145.0,2672.0,0,0,0,0,0,0,0,0,0,0,0,0,0,0,0,0,0,0,0,0,0,0,0,0,0,0,0,0,1,0,0,0,0,0,0,0,0,0,0,0,Spruce/Fir,0,1,0,0
3106.0,59.0,4.0,127.0,2.0,4269.0,223.0,231.0,143.0,1471.0,0,0,0,0,0,0,0,0,0,0,0,0,0,0,0,0,0,0,0,0,0,1,0,0,0,0,0,0,0,0,0,0,0,0,0,0,0,0,0,0,Spruce/Fir,0,1,0,0
3013.0,5.0,8.0,124.0,12.0,845.0,210.0,224.0,152.0,2486.0,0,0,0,0,0,0,0,0,0,0,0,0,0,0,0,0,0,0,0,0,0,0,0,0,0,0,0,0,1,0,0,0,0,0,0,0,0,0,0,0,Lodgepole Pine,0,1,0,0
2815.0,333.0,17.0,170.0,11.0,2324.0,179.0,216.0,175.0,1033.0,0,0,0,0,0,0,0,0,0,0,0,0,0,0,0,0,0,0,0,0,0,0,0,0,0,0,0,0,0,0,0,0,1,0,0,0,0,0,0,0,Lodgepole Pine,0,0,1,0
2834.0,86.0,12.0,376.0,162.0,1155.0,237.0,221.0,113.0,706.0,0,0,0,0,0,0,0,0,0,0,0,0,0,0,0,0,0,0,0,0,0,0,0,0,0,0,0,0,1,0,0,0,0,0,0,0,0,0,0,0,Aspen,0,0,1,0
2693.0,170.0,12.0,170.0,20.0,1650.0,229.0,245.0,147.0,892.0,0,0,0,0,0,0,0,0,0,0,0,1,0,0,0,0,0,0,0,0,0,0,0,0,0,0,0,0,0,0,0,0,0,0,0,0,0,0,0,0,Lodgepole Pine,0,1,0,0
2888.0,126.0,27.0,430.0,109.0,2067.0,253.0,210.0,67.0,1930.0,0,0,0,0,0,0,0,0,0,0,0,0,1,0,0,0,0,0,0,0,0,0,0,0,0,0,0,0,0,0,0,0,0,0,0,0,0,0,0,0,Lodgepole Pine,0,0,1,0
3122.0,253.0,13.0,85.0,20.0,1440.0,191.0,248.0,195.0,876.0,0,0,0,0,0,0,0,0,0,0,0,0,0,0,0,0,0,0,0,0,0,0,1,0,0,0,0,0,0,0,0,0,0,0,0,0,0,0,0,0,Spruce/Fir,0,0,1,0
2635.0,35.0,6.0,42.0,2.0,987.0,219.0,227.0,144.0,1899.0,0,0,0,0,0,0,0,0,0,0,0,0,0,0,0,0,0,0,0,0,0,0,0,0,0,0,0,0,1,0,0,0,0,0,0,0,0,0,0,0,Lodgepole Pine,0,1,0,0
2815.0,64.0,12.0,323.0,105.0,390.0,231.0,215.0,114.0,1530.0,0,0,0,0,0,0,0,0,0,0,0,0,0,0,0,0,0,0,0,0,0,0,0,0,0,0,0,0,1,0,0,0,0,0,0,0,0,0,0,0,Lodgepole Pine,0,1,0,0
2952.0,178.0,25.0,190.0,89.0,6385.0,222.0,245.0,140.0,4178.0,0,0,0,0,0,0,0,0,0,0,0,0,0,0,0,0,0,0,0,0,0,0,0,0,0,0,0,0,0,1,0,0,0,0,0,0,0,0,0,0,Lodgepole Pine,0,1,0,0
2699.0,33.0,19.0,180.0,68.0,1655.0,213.0,195.0,111.0,1570.0,0,0,0,0,0,0,0,0,0,0,0,0,0,0,0,0,0,0,0,0,0,0,0,0,0,0,0,0,1,0,0,0,0,0,0,0,0,0,0,0,Lodgepole Pine,0,1,0,0
3307.0,112.0,12.0,335.0,49.0,1518.0,240.0,227.0,115.0,2353.0,0,0,0,0,0,0,0,0,0,0,0,0,0,0,0,0,0,0,0,0,0,0,0,0,0,0,0,0,0,0,0,1,0,0,0,0,0,0,0,0,Spruce/Fir,0,0,1,0
2883.0,335.0,13.0,175.0,28.0,2726.0,191.0,223.0,171.0,2704.0,0,0,0,0,0,0,0,0,0,0,0,0,0,0,0,0,0,0,0,0,0,0,0,0,0,0,0,0,1,0,0,0,0,0,0,0,0,0,0,0,Lodgepole Pine,0,1,0,0
2925.0,99.0,10.0,270.0,12.0,3549.0,236.0,227.0,121.0,4142.0,0,0,0,0,0,0,0,0,0,0,0,1,0,0,0,0,0,0,0,0,0,0,0,0,0,0,0,0,0,0,0,0,0,0,0,0,0,0,0,0,Lodgepole Pine,0,1,0,0
2808.0,248.0,7.0,0.0,0.0,2190.0,206.0,245.0,178.0,1994.0,0,0,0,0,0,0,0,0,0,0,0,0,0,0,0,0,0,0,0,0,0,0,1,0,0,0,0,0,0,0,0,0,0,0,0,0,0,0,0,0,Lodgepole Pine,0,0,1,0
2897.0,46.0,15.0,469.0,131.0,2435.0,224.0,207.0,114.0,458.0,0,0,0,0,0,0,0,0,0,0,1,0,0,0,0,0,0,0,0,0,0,0,0,0,0,0,0,0,0,0,0,0,0,0,0,0,0,0,0,0,Lodgepole Pine,0,0,1,0
2382.0,336.0,22.0,277.0,76.0,1129.0,165.0,203.0,175.0,1321.0,0,0,0,0,0,0,0,0,0,1,0,0,0,0,0,0,0,0,0,0,0,0,0,0,0,0,0,0,0,0,0,0,0,0,0,0,0,0,0,0,Douglas-fir,0,0,0,1
3233.0,239.0,10.0,582.0,123.0,1442.0,202.0,249.0,184.0,2551.0,0,0,0,0,0,0,0,0,0,0,0,0,0,0,0,0,0,0,0,0,0,0,0,0,0,0,0,0,1,0,0,0,0,0,0,0,0,0,0,0,Spruce/Fir,0,0,1,0
3018.0,171.0,17.0,285.0,43.0,2379.0,230.0,245.0,141.0,2965.0,0,0,0,0,0,0,0,0,0,0,0,0,0,0,0,0,0,0,0,0,0,0,0,0,0,0,0,0,1,0,0,0,0,0,0,0,0,0,0,0,Lodgepole Pine,0,0,1,0
3415.0,275.0,11.0,424.0,76.0,1621.0,189.0,243.0,193.0,918.0,0,0,0,0,0,0,0,0,0,0,0,0,0,0,0,0,0,0,0,0,0,0,0,0,0,0,0,0,0,0,0,0,0,0,0,0,0,1,0,0,Krummholz,0,0,1,0
2965.0,104.0,16.0,192.0,46.0,660.0,246.0,217.0,95.0,1699.0,0,0,0,0,0,0,0,0,0,0,0,0,0,0,0,0,0,0,0,0,0,0,0,0,0,0,0,0,1,0,0,0,0,0,0,0,0,0,0,0,Lodgepole Pine,0,0,1,0
3206.0,342.0,4.0,30.0,0.0,2263.0,212.0,234.0,160.0,3039.0,0,0,0,0,0,0,0,0,0,0,0,0,0,0,0,0,0,0,0,0,0,0,0,0,0,0,0,0,1,0,0,0,0,0,0,0,0,0,0,0,Lodgepole Pine,0,1,0,0
2629.0,31.0,6.0,228.0,7.0,566.0,219.0,228.0,145.0,1510.0,0,0,0,0,0,0,0,0,0,0,0,0,0,0,0,0,0,0,0,0,0,0,0,0,0,0,0,0,1,0,0,0,0,0,0,0,0,0,0,0,Lodgepole Pine,0,1,0,0
2882.0,21.0,15.0,379.0,87.0,3148.0,209.0,207.0,132.0,1003.0,0,0,0,0,0,0,0,0,0,0,0,0,0,0,0,0,0,0,0,0,0,0,0,0,0,0,0,0,1,0,0,0,0,0,0,0,0,0,0,0,Lodgepole Pine,0,0,1,0
3032.0,95.0,18.0,240.0,21.0,1075.0,245.0,211.0,89.0,937.0,0,0,0,0,0,0,0,0,0,0,0,0,0,0,0,0,0,0,0,0,0,0,0,0,0,0,0,0,1,0,0,0,0,0,0,0,0,0,0,0,Lodgepole Pine,0,1,0,0
3386.0,331.0,10.0,30.0,5.0,5167.0,197.0,228.0,170.0,3720.0,0,0,0,0,0,0,0,0,0,0,0,0,0,0,0,0,0,0,0,0,0,0,0,0,0,0,0,0,1,0,0,0,0,0,0,0,0,0,0,0,Krummholz,0,0,1,0
2820.0,69.0,15.0,218.0,32.0,1273.0,235.0,208.0,100.0,1371.0,0,0,0,0,0,0,0,0,0,0,1,0,0,0,0,0,0,0,0,0,0,0,0,0,0,0,0,0,0,0,0,0,0,0,0,0,0,0,0,0,Lodgepole Pine,0,0,1,0
3166.0,320.0,8.0,30.0,5.0,661.0,200.0,233.0,172.0,2358.0,0,0,0,0,0,0,0,0,0,0,0,0,0,0,0,0,0,0,0,0,0,0,1,0,0,0,0,0,0,0,0,0,0,0,0,0,0,0,0,0,Spruce/Fir,1,0,0,0
3217.0,117.0,14.0,319.0,54.0,2431.0,243.0,227.0,110.0,1406.0,0,0,0,0,0,0,0,0,0,0,0,0,0,0,0,0,0,0,0,0,0,0,0,0,0,0,0,0,1,0,0,0,0,0,0,0,0,0,0,0,Spruce/Fir,0,0,1,0
2894.0,269.0,13.0,0.0,0.0,1999.0,186.0,244.0,197.0,1101.0,0,0,0,0,0,0,0,0,0,0,0,0,0,0,0,0,0,0,1,0,0,0,0,0,0,0,0,0,0,0,0,0,0,0,0,0,0,0,0,0,Aspen,0,0,1,0
3187.0,191.0,10.0,255.0,25.0,2081.0,220.0,248.0,161.0,1826.0,0,0,0,0,0,0,0,0,0,0,0,0,0,0,0,0,0,0,0,0,0,0,0,0,0,0,0,0,0,0,1,0,0,0,0,0,0,0,0,0,Spruce/Fir,0,0,1,0
2793.0,42.0,12.0,201.0,32.0,1414.0,222.0,213.0,124.0,1128.0,0,0,0,0,0,0,0,0,0,0,1,0,0,0,0,0,0,0,0,0,0,0,0,0,0,0,0,0,0,0,0,0,0,0,0,0,0,0,0,0,Lodgepole Pine,0,0,1,0
2832.0,58.0,9.0,816.0,6.0,570.0,227.0,221.0,128.0,1239.0,0,0,0,0,0,0,0,0,0,0,1,0,0,0,0,0,0,0,0,0,0,0,0,0,0,0,0,0,0,0,0,0,0,0,0,0,0,0,0,0,Lodgepole Pine,0,0,1,0
2781.0,135.0,2.0,210.0,46.0,1615.0,222.0,238.0,151.0,2558.0,0,0,0,0,0,0,0,0,0,0,0,0,0,0,0,0,0,0,0,0,0,0,0,0,0,0,0,0,1,0,0,0,0,0,0,0,0,0,0,0,Lodgepole Pine,0,1,0,0
3221.0,337.0,13.0,323.0,73.0,830.0,192.0,222.0,169.0,1983.0,0,0,0,0,0,0,0,0,0,0,0,0,0,0,0,0,0,0,0,0,0,0,0,0,0,0,0,0,1,0,0,0,0,0,0,0,0,0,0,0,Lodgepole Pine,0,1,0,0
2413.0,198.0,5.0,395.0,69.0,960.0,218.0,244.0,161.0,1382.0,0,0,0,0,0,1,0,0,0,0,0,0,0,0,0,0,0,0,0,0,0,0,0,0,0,0,0,0,0,0,0,0,0,0,0,0,0,0,0,0,Ponderosa Pine,0,0,0,1
2796.0,177.0,5.0,95.0,0.0,2371.0,222.0,243.0,155.0,1668.0,0,0,0,0,0,0,0,0,0,0,0,1,0,0,0,0,0,0,0,0,0,0,0,0,0,0,0,0,0,0,0,0,0,0,0,0,0,0,0,0,Lodgepole Pine,0,1,0,0
3136.0,336.0,22.0,300.0,99.0,2295.0,166.0,204.0,174.0,955.0,0,0,0,0,0,0,0,0,0,0,0,0,0,0,0,0,0,0,0,0,0,0,0,0,0,0,0,0,1,0,0,0,0,0,0,0,0,0,0,0,Spruce/Fir,0,0,1,0
3157.0,56.0,10.0,210.0,56.0,2529.0,227.0,218.0,124.0,1747.0,0,0,0,0,0,0,0,0,0,0,0,0,0,0,0,0,0,0,0,0,0,0,0,0,0,0,0,0,1,0,0,0,0,0,0,0,0,0,0,0,Spruce/Fir,0,1,0,0
3254.0,174.0,9.0,618.0,63.0,3718.0,226.0,245.0,152.0,2377.0,0,0,0,0,0,0,0,0,0,0,0,0,0,0,0,0,0,0,0,0,0,0,0,0,0,0,0,0,0,0,0,0,0,0,0,0,0,0,0,1,Spruce/Fir,0,1,0,0
2604.0,180.0,1.0,342.0,86.0,2379.0,219.0,239.0,157.0,454.0,0,1,0,0,0,0,0,0,0,0,0,0,0,0,0,0,0,0,0,0,0,0,0,0,0,0,0,0,0,0,0,0,0,0,0,0,0,0,0,0,Ponderosa Pine,0,0,1,0
3128.0,67.0,9.0,485.0,102.0,1681.0,229.0,222.0,125.0,3482.0,0,0,0,0,0,0,0,0,0,0,0,0,0,0,0,0,0,0,0,0,0,0,0,0,0,0,0,0,1,0,0,0,0,0,0,0,0,0,0,0,Spruce/Fir,0,0,1,0
2311.0,298.0,17.0,30.0,11.0,446.0,172.0,232.0,200.0,1581.0,0,0,0,0,0,0,0,0,0,1,0,0,0,0,0,0,0,0,0,0,0,0,0,0,0,0,0,0,0,0,0,0,0,0,0,0,0,0,0,0,Ponderosa Pine,0,0,0,1
2895.0,47.0,22.0,150.0,28.0,1652.0,221.0,185.0,88.0,2689.0,0,0,0,0,0,0,0,0,0,0,0,0,0,0,0,0,0,0,0,0,0,0,0,0,0,0,0,0,1,0,0,0,0,0,0,0,0,0,0,0,Spruce/Fir,0,0,1,0
2954.0,8.0,8.0,108.0,22.0,3466.0,211.0,223.0,150.0,2537.0,0,0,0,0,0,0,0,0,0,0,0,0,0,0,0,0,0,0,0,0,0,0,0,0,0,0,0,0,1,0,0,0,0,0,0,0,0,0,0,0,Lodgepole Pine,0,1,0,0
2942.0,99.0,5.0,268.0,81.0,601.0,228.0,233.0,140.0,1782.0,0,0,0,0,0,0,0,0,0,0,0,0,0,0,0,0,0,0,0,0,0,0,0,0,0,0,0,0,1,0,0,0,0,0,0,0,0,0,0,0,Spruce/Fir,0,0,1,0
2939.0,125.0,19.0,150.0,46.0,2016.0,248.0,223.0,94.0,1642.0,0,0,0,0,0,0,0,0,0,0,0,0,0,0,0,0,0,0,0,0,0,0,0,0,0,0,0,0,0,0,1,0,0,0,0,0,0,0,0,0,Spruce/Fir,0,0,1,0
2775.0,348.0,20.0,134.0,33.0,3678.0,179.0,204.0,160.0,1189.0,0,0,0,0,0,0,0,0,0,0,0,0,0,0,0,0,0,0,0,0,0,0,0,0,0,0,0,0,1,0,0,0,0,0,0,0,0,0,0,0,Lodgepole Pine,0,1,0,0
2285.0,142.0,21.0,228.0,122.0,1406.0,245.0,229.0,101.0,907.0,0,0,1,0,0,0,0,0,0,0,0,0,0,0,0,0,0,0,0,0,0,0,0,0,0,0,0,0,0,0,0,0,0,0,0,0,0,0,0,0,Cottonwood/Willow,0,0,0,1
3165.0,45.0,3.0,201.0,26.0,2826.0,220.0,232.0,149.0,3601.0,0,0,0,0,0,0,0,0,0,0,0,0,0,0,0,0,0,0,0,0,0,0,0,0,0,0,0,0,1,0,0,0,0,0,0,0,0,0,0,0,Spruce/Fir,0,1,0,0
2743.0,86.0,18.0,124.0,29.0,360.0,243.0,207.0,87.0,437.0,0,0,0,0,0,0,0,0,0,0,0,0,0,0,0,0,0,0,0,0,0,0,0,0,0,0,0,0,1,0,0,0,0,0,0,0,0,0,0,0,Aspen,0,1,0,0
2947.0,16.0,15.0,85.0,14.0,757.0,206.0,207.0,136.0,1900.0,0,0,0,0,0,0,0,0,0,0,0,0,0,0,0,0,0,0,0,0,0,0,0,0,0,0,0,0,0,0,1,0,0,0,0,0,0,0,0,0,Lodgepole Pine,0,0,1,0
2867.0,317.0,18.0,319.0,108.0,2502.0,171.0,222.0,190.0,1063.0,0,0,0,0,0,0,0,0,0,0,0,0,0,0,0,0,0,0,0,0,0,0,0,1,0,0,0,0,0,0,0,0,0,0,0,0,0,0,0,0,Lodgepole Pine,0,0,1,0
2330.0,349.0,13.0,30.0,4.0,1290.0,195.0,218.0,161.0,190.0,0,0,0,0,0,0,0,0,0,0,0,0,0,0,0,1,0,0,0,0,0,0,0,0,0,0,0,0,0,0,0,0,0,0,0,0,0,0,0,0,Douglas-fir,0,0,0,1
3130.0,306.0,14.0,360.0,54.0,3089.0,180.0,231.0,191.0,1353.0,0,0,0,0,0,0,0,0,0,0,0,0,1,0,0,0,0,0,0,0,0,0,0,0,0,0,0,0,0,0,0,0,0,0,0,0,0,0,0,0,Spruce/Fir,0,0,1,0
2947.0,228.0,6.0,182.0,20.0,1972.0,212.0,245.0,171.0,1884.0,0,0,0,0,0,0,0,0,0,0,0,0,0,0,0,0,0,0,0,0,0,0,0,0,0,0,0,0,0,0,0,1,0,0,0,0,0,0,0,0,Lodgepole Pine,0,0,1,0
3258.0,108.0,14.0,127.0,11.0,1697.0,243.0,223.0,106.0,2100.0,0,0,0,0,0,0,0,0,0,0,0,0,0,0,0,0,0,0,0,0,0,0,0,0,0,0,0,0,0,0,0,1,0,0,0,0,0,0,0,0,Spruce/Fir,0,0,1,0
3183.0,172.0,7.0,335.0,32.0,2395.0,225.0,243.0,152.0,912.0,0,0,0,0,0,0,0,0,0,0,0,0,0,0,0,0,0,0,0,0,0,0,0,0,0,0,0,0,1,0,0,0,0,0,0,0,0,0,0,0,Spruce/Fir,0,1,0,0
2632.0,63.0,16.0,190.0,9.0,1180.0,232.0,206.0,101.0,108.0,0,0,0,0,0,0,0,0,0,0,0,0,0,0,0,0,0,0,0,0,0,0,0,0,0,0,0,0,1,0,0,0,0,0,0,0,0,0,0,0,Lodgepole Pine,0,1,0,0
3166.0,43.0,11.0,799.0,39.0,2334.0,222.0,215.0,126.0,3115.0,0,0,0,0,0,0,0,0,0,0,0,0,0,0,0,0,0,0,0,0,0,0,0,0,0,0,0,0,0,0,1,0,0,0,0,0,0,0,0,0,Spruce/Fir,0,0,1,0
2802.0,135.0,7.0,268.0,28.0,924.0,231.0,237.0,139.0,785.0,0,0,0,0,0,0,0,0,0,0,1,0,0,0,0,0,0,0,0,0,0,0,0,0,0,0,0,0,0,0,0,0,0,0,0,0,0,0,0,0,Ponderosa Pine,0,0,1,0
2715.0,147.0,15.0,210.0,4.0,1142.0,239.0,237.0,125.0,1922.0,0,0,0,0,0,0,0,0,0,0,0,0,0,0,0,0,0,0,0,0,0,0,0,0,0,0,0,0,1,0,0,0,0,0,0,0,0,0,0,0,Lodgepole Pine,0,1,0,0
3087.0,45.0,6.0,228.0,23.0,1546.0,222.0,227.0,140.0,2137.0,0,0,0,0,0,0,0,0,0,0,0,0,0,0,0,0,0,0,0,0,0,0,0,0,0,0,0,0,1,0,0,0,0,0,0,0,0,0,0,0,Lodgepole Pine,0,1,0,0
3217.0,34.0,20.0,201.0,53.0,4152.0,213.0,193.0,108.0,2040.0,0,0,0,0,0,0,0,0,0,0,0,0,0,0,0,0,0,0,0,0,0,0,0,0,0,0,0,0,1,0,0,0,0,0,0,0,0,0,0,0,Spruce/Fir,0,0,1,0
2750.0,358.0,5.0,60.0,16.0,1252.0,211.0,230.0,156.0,1517.0,0,0,0,0,0,0,0,0,0,0,0,0,0,0,0,0,0,0,0,0,0,0,1,0,0,0,0,0,0,0,0,0,0,0,0,0,0,0,0,0,Lodgepole Pine,0,1,0,0
2602.0,267.0,5.0,153.0,33.0,1396.0,207.0,242.0,173.0,1387.0,0,0,0,0,0,0,0,0,0,0,1,0,0,0,0,0,0,0,0,0,0,0,0,0,0,0,0,0,0,0,0,0,0,0,0,0,0,0,0,0,Lodgepole Pine,0,0,1,0
2518.0,152.0,14.0,85.0,13.0,931.0,237.0,239.0,130.0,1528.0,0,0,0,0,0,0,0,0,0,0,0,0,0,0,0,0,0,0,0,0,0,0,0,0,0,0,0,0,1,0,0,0,0,0,0,0,0,0,0,0,Ponderosa Pine,0,0,1,0
2997.0,265.0,3.0,450.0,82.0,4404.0,213.0,240.0,166.0,1943.0,0,0,0,0,0,0,0,0,0,0,0,0,0,0,0,0,0,0,0,0,0,0,0,0,0,0,0,0,1,0,0,0,0,0,0,0,0,0,0,0,Lodgepole Pine,0,1,0,0
3252.0,311.0,18.0,247.0,62.0,5201.0,168.0,224.0,196.0,1570.0,0,0,0,0,0,0,0,0,0,0,0,0,0,0,0,0,0,0,0,0,0,0,0,0,0,0,0,0,1,0,0,0,0,0,0,0,0,0,0,0,Lodgepole Pine,0,1,0,0
3357.0,60.0,17.0,335.0,78.0,1838.0,231.0,203.0,100.0,1839.0,0,0,0,0,0,0,0,0,0,0,0,0,0,0,0,0,0,0,0,0,0,0,0,0,0,0,0,0,1,0,0,0,0,0,0,0,0,0,0,0,Spruce/Fir,0,1,0,0
2605.0,0.0,27.0,190.0,54.0,1616.0,171.0,180.0,138.0,1503.0,0,0,0,0,0,0,0,0,0,1,0,0,0,0,0,0,0,0,0,0,0,0,0,0,0,0,0,0,0,0,0,0,0,0,0,0,0,0,0,0,Lodgepole Pine,0,0,1,0
3085.0,113.0,16.0,510.0,30.0,499.0,246.0,222.0,100.0,1158.0,0,0,0,0,0,0,0,0,0,0,0,0,0,0,0,0,0,0,0,0,0,0,0,0,0,0,0,0,1,0,0,0,0,0,0,0,0,0,0,0,Spruce/Fir,0,0,1,0
2854.0,267.0,15.0,553.0,140.0,283.0,180.0,245.0,204.0,1806.0,0,0,0,0,0,0,0,0,0,1,0,0,0,0,0,0,0,0,0,0,0,0,0,0,0,0,0,0,0,0,0,0,0,0,0,0,0,0,0,0,Lodgepole Pine,0,0,1,0
2867.0,118.0,19.0,60.0,7.0,3059.0,249.0,219.0,91.0,2758.0,0,0,0,0,0,0,0,0,0,0,0,0,0,0,0,0,0,0,0,0,0,0,0,0,0,0,0,0,1,0,0,0,0,0,0,0,0,0,0,0,Lodgepole Pine,0,1,0,0
3072.0,252.0,10.0,60.0,7.0,5479.0,197.0,247.0,188.0,2507.0,0,0,0,0,0,0,0,0,0,0,0,0,0,0,0,0,0,0,0,0,0,0,0,0,0,0,0,0,1,0,0,0,0,0,0,0,0,0,0,0,Lodgepole Pine,0,1,0,0
3022.0,317.0,12.0,60.0,10.0,918.0,188.0,230.0,181.0,1315.0,0,0,0,0,0,0,0,0,0,0,0,0,0,0,0,0,0,0,0,0,0,1,0,0,0,0,0,0,0,0,0,0,0,0,0,0,0,0,0,0,Lodgepole Pine,1,0,0,0
2778.0,337.0,10.0,67.0,13.0,624.0,197.0,225.0,167.0,2828.0,0,0,0,0,0,0,0,0,0,0,0,0,0,0,0,0,0,0,0,0,0,0,0,0,0,0,0,0,1,0,0,0,0,0,0,0,0,0,0,0,Lodgepole Pine,0,0,1,0
3258.0,205.0,12.0,600.0,123.0,630.0,213.0,251.0,171.0,2525.0,0,0,0,0,0,0,0,0,0,0,0,0,1,0,0,0,0,0,0,0,0,0,0,0,0,0,0,0,0,0,0,0,0,0,0,0,0,0,0,0,Lodgepole Pine,0,0,1,0
2833.0,353.0,13.0,408.0,80.0,2616.0,196.0,216.0,157.0,2696.0,0,0,0,0,0,0,0,0,0,0,0,1,0,0,0,0,0,0,0,0,0,0,0,0,0,0,0,0,0,0,0,0,0,0,0,0,0,0,0,0,Lodgepole Pine,0,1,0,0
3316.0,310.0,14.0,218.0,46.0,5676.0,180.0,230.0,189.0,774.0,0,0,0,0,0,0,0,0,0,0,0,0,0,0,0,0,0,0,0,0,0,0,0,0,0,0,0,0,0,0,0,0,0,0,0,0,0,1,0,0,Spruce/Fir,0,1,0,0
3049.0,70.0,15.0,0.0,0.0,1168.0,235.0,210.0,103.0,1116.0,0,0,0,0,0,0,0,0,0,0,0,0,0,0,0,0,0,0,0,0,0,0,0,0,0,0,0,0,1,0,0,0,0,0,0,0,0,0,0,0,Spruce/Fir,0,1,0,0
3237.0,16.0,19.0,170.0,35.0,1950.0,200.0,196.0,128.0,2028.0,0,0,0,0,0,0,0,0,0,0,0,0,0,0,0,0,0,0,0,0,0,0,0,0,0,0,0,0,0,0,0,0,1,0,0,0,0,0,0,0,Lodgepole Pine,0,0,1,0
3102.0,151.0,5.0,30.0,0.0,3987.0,226.0,240.0,148.0,1291.0,0,0,0,0,0,0,0,0,0,0,0,0,0,0,0,0,0,0,0,0,0,0,0,0,0,0,0,0,1,0,0,0,0,0,0,0,0,0,0,0,Spruce/Fir,0,1,0,0
2929.0,163.0,15.0,108.0,16.0,5359.0,233.0,243.0,137.0,3976.0,0,0,0,0,0,0,0,0,0,0,0,0,0,0,0,0,0,0,0,0,0,0,0,0,0,0,0,0,1,0,0,0,0,0,0,0,0,0,0,0,Lodgepole Pine,0,1,0,0
3000.0,356.0,4.0,192.0,19.0,3861.0,214.0,233.0,157.0,1732.0,0,0,0,0,0,0,0,0,0,0,0,0,0,0,0,0,0,0,0,0,0,0,0,0,0,0,0,0,1,0,0,0,0,0,0,0,0,0,0,0,Lodgepole Pine,0,1,0,0
3071.0,350.0,15.0,300.0,28.0,390.0,191.0,213.0,159.0,552.0,0,0,0,0,0,0,0,0,0,0,0,0,0,0,0,0,0,0,0,0,0,1,0,0,0,0,0,0,0,0,0,0,0,0,0,0,0,0,0,0,Spruce/Fir,1,0,0,0
2968.0,216.0,6.0,339.0,59.0,5813.0,214.0,246.0,169.0,2966.0,0,0,0,0,0,0,0,0,0,0,0,0,0,0,0,0,0,0,0,0,0,0,0,0,0,0,0,0,1,0,0,0,0,0,0,0,0,0,0,0,Lodgepole Pine,0,1,0,0
2678.0,41.0,9.0,319.0,31.0,908.0,221.0,220.0,133.0,1861.0,0,0,0,0,0,0,0,0,0,0,0,0,0,0,0,0,0,0,0,0,0,0,1,0,0,0,0,0,0,0,0,0,0,0,0,0,0,0,0,0,Lodgepole Pine,0,1,0,0
2928.0,60.0,19.0,382.0,12.0,2458.0,231.0,196.0,89.0,2430.0,0,0,0,0,0,0,0,0,0,0,0,0,0,0,0,0,0,0,0,0,0,0,0,0,0,0,0,0,1,0,0,0,0,0,0,0,0,0,0,0,Lodgepole Pine,0,1,0,0
2366.0,10.0,8.0,190.0,29.0,1426.0,211.0,224.0,149.0,426.0,0,0,0,0,0,0,0,0,0,0,0,0,0,0,0,0,0,0,0,0,0,0,0,0,0,0,0,0,1,0,0,0,0,0,0,0,0,0,0,0,Ponderosa Pine,0,0,0,1
2787.0,200.0,26.0,134.0,63.0,2748.0,201.0,252.0,172.0,1073.0,0,0,0,0,0,0,0,0,0,0,0,0,0,0,0,0,0,0,0,0,0,0,0,0,0,0,0,0,1,0,0,0,0,0,0,0,0,0,0,0,Lodgepole Pine,0,0,1,0
3027.0,347.0,13.0,301.0,94.0,552.0,195.0,218.0,162.0,1661.0,0,0,0,0,0,0,0,0,0,0,0,0,0,0,0,0,0,0,0,0,0,0,0,1,0,0,0,0,0,0,0,0,0,0,0,0,0,0,0,0,Spruce/Fir,0,0,1,0
3311.0,303.0,8.0,201.0,30.0,1584.0,198.0,236.0,178.0,1588.0,0,0,0,0,0,0,0,0,0,0,0,0,0,0,0,0,0,0,0,0,0,0,0,0,0,0,0,0,0,0,0,1,0,0,0,0,0,0,0,0,Spruce/Fir,0,0,1,0
2960.0,299.0,12.0,240.0,45.0,2991.0,187.0,236.0,189.0,1463.0,0,0,0,0,0,0,0,0,0,0,0,0,0,0,0,0,0,0,0,0,0,0,0,0,0,0,0,0,0,0,1,0,0,0,0,0,0,0,0,0,Lodgepole Pine,0,0,1,0
3086.0,31.0,4.0,0.0,0.0,3893.0,219.0,230.0,148.0,1101.0,0,0,0,0,0,0,0,0,0,0,0,0,0,0,0,0,0,0,0,0,0,1,0,0,0,0,0,0,0,0,0,0,0,0,0,0,0,0,0,0,Spruce/Fir,0,1,0,0
3093.0,80.0,17.0,0.0,0.0,4200.0,240.0,207.0,91.0,2929.0,0,0,0,0,0,0,0,0,0,0,0,0,0,0,0,0,0,0,0,0,0,0,0,0,0,0,0,0,1,0,0,0,0,0,0,0,0,0,0,0,Spruce/Fir,0,1,0,0
2993.0,353.0,8.0,351.0,45.0,4182.0,206.0,226.0,158.0,2042.0,0,0,0,0,0,0,0,0,0,0,0,0,0,0,0,0,0,0,0,0,0,0,0,0,0,0,0,0,1,0,0,0,0,0,0,0,0,0,0,0,Lodgepole Pine,0,1,0,0
3067.0,5.0,16.0,518.0,17.0,3583.0,198.0,208.0,145.0,2814.0,0,0,0,0,0,0,0,0,0,0,0,0,0,0,0,0,0,0,0,0,0,0,0,0,0,0,0,0,1,0,0,0,0,0,0,0,0,0,0,0,Lodgepole Pine,0,1,0,0
2664.0,45.0,3.0,120.0,7.0,153.0,220.0,232.0,148.0,892.0,0,0,0,0,0,0,0,0,0,0,1,0,0,0,0,0,0,0,0,0,0,0,0,0,0,0,0,0,0,0,0,0,0,0,0,0,0,0,0,0,Lodgepole Pine,0,0,1,0
3347.0,80.0,11.0,242.0,24.0,2665.0,234.0,221.0,118.0,2471.0,0,0,0,0,0,0,0,0,0,0,0,0,0,0,0,0,0,0,0,0,0,0,0,0,0,0,0,0,0,0,0,0,0,0,0,0,0,0,1,0,Krummholz,0,1,0,0
3273.0,203.0,12.0,390.0,46.0,4114.0,214.0,251.0,170.0,2239.0,0,0,0,0,0,0,0,0,0,0,0,0,0,0,0,0,0,0,0,0,0,0,1,0,0,0,0,0,0,0,0,0,0,0,0,0,0,0,0,0,Krummholz,0,1,0,0
2900.0,67.0,20.0,124.0,31.0,1900.0,236.0,197.0,85.0,2163.0,0,0,0,0,0,0,0,0,0,0,0,0,0,0,0,0,0,0,0,0,0,0,0,0,0,0,0,0,0,0,0,1,0,0,0,0,0,0,0,0,Lodgepole Pine,0,0,1,0
3321.0,43.0,8.0,649.0,107.0,1050.0,222.0,222.0,136.0,2495.0,0,0,0,0,0,0,0,0,0,0,0,0,0,0,0,0,0,0,0,0,0,0,1,0,0,0,0,0,0,0,0,0,0,0,0,0,0,0,0,0,Lodgepole Pine,0,0,1,0
3340.0,98.0,13.0,120.0,21.0,2236.0,240.0,222.0,110.0,987.0,0,0,0,0,0,0,0,0,0,0,0,0,0,0,0,0,0,0,0,0,0,0,0,0,0,0,0,0,0,0,0,0,0,0,0,0,0,0,1,0,Krummholz,0,0,1,0
3360.0,225.0,4.0,390.0,49.0,872.0,215.0,243.0,166.0,1741.0,0,0,0,0,0,0,0,0,0,0,0,0,0,0,0,0,0,0,0,0,0,0,0,0,0,0,0,0,1,0,0,0,0,0,0,0,0,0,0,0,Spruce/Fir,0,0,1,0
2681.0,110.0,7.0,418.0,69.0,819.0,233.0,232.0,132.0,1361.0,0,0,0,0,0,0,0,0,0,0,0,0,0,0,0,0,0,0,0,0,0,0,0,0,0,0,0,0,0,1,0,0,0,0,0,0,0,0,0,0,Lodgepole Pine,0,1,0,0
2662.0,48.0,17.0,277.0,15.0,765.0,224.0,202.0,106.0,1842.0,0,0,0,0,0,0,0,0,0,0,0,0,0,0,0,0,0,0,0,0,0,0,0,0,0,0,0,0,1,0,0,0,0,0,0,0,0,0,0,0,Lodgepole Pine,0,1,0,0
3388.0,87.0,17.0,638.0,103.0,1983.0,242.0,210.0,92.0,1739.0,0,0,0,0,0,0,0,0,0,0,0,0,0,0,0,0,0,0,0,0,0,0,0,0,0,0,0,0,0,0,0,0,0,0,0,0,0,0,0,1,Spruce/Fir,0,1,0,0
3338.0,179.0,13.0,319.0,59.0,3883.0,225.0,247.0,152.0,1844.0,0,0,0,0,0,0,0,0,0,0,0,0,0,0,0,0,0,0,0,0,0,0,0,0,0,0,0,0,0,0,0,0,0,0,0,0,0,1,0,0,Spruce/Fir,0,0,1,0
2841.0,130.0,7.0,234.0,26.0,1974.0,232.0,236.0,136.0,2604.0,0,0,0,0,0,0,0,0,0,0,0,0,0,0,0,0,0,0,0,0,0,0,0,0,0,0,0,0,1,0,0,0,0,0,0,0,0,0,0,0,Spruce/Fir,0,1,0,0
3154.0,258.0,19.0,362.0,52.0,1134.0,170.0,247.0,213.0,2718.0,0,0,0,0,0,0,0,0,0,0,0,0,0,0,0,0,0,0,0,0,0,0,0,0,0,0,0,0,1,0,0,0,0,0,0,0,0,0,0,0,Spruce/Fir,0,0,1,0
2971.0,67.0,5.0,285.0,102.0,2483.0,226.0,229.0,138.0,2175.0,0,0,0,0,0,0,0,0,0,0,0,0,0,0,0,0,0,0,0,0,0,0,0,0,0,0,0,0,0,0,0,1,0,0,0,0,0,0,0,0,Spruce/Fir,0,0,1,0
2509.0,301.0,12.0,309.0,40.0,42.0,185.0,234.0,189.0,633.0,0,0,0,0,0,1,0,0,0,0,0,0,0,0,0,0,0,0,0,0,0,0,0,0,0,0,0,0,0,0,0,0,0,0,0,0,0,0,0,0,Ponderosa Pine,0,0,0,1
3229.0,213.0,7.0,641.0,90.0,595.0,214.0,246.0,168.0,626.0,0,0,0,0,0,0,0,0,0,0,0,0,0,0,0,0,0,0,0,0,0,0,0,0,0,0,0,0,0,0,0,1,0,0,0,0,0,0,0,0,Lodgepole Pine,0,0,1,0
2448.0,358.0,16.0,324.0,121.0,1537.0,192.0,208.0,151.0,390.0,0,0,0,0,0,1,0,0,0,0,0,0,0,0,0,0,0,0,0,0,0,0,0,0,0,0,0,0,0,0,0,0,0,0,0,0,0,0,0,0,Ponderosa Pine,0,0,0,1
3238.0,36.0,8.0,175.0,6.0,1614.0,220.0,222.0,138.0,1015.0,0,0,0,0,0,0,0,0,0,0,0,0,0,0,0,0,0,0,0,0,0,0,0,0,0,0,0,0,0,0,0,0,0,0,0,0,0,0,1,0,Krummholz,0,0,1,0
3291.0,153.0,20.0,470.0,110.0,1543.0,240.0,237.0,118.0,1168.0,0,0,0,0,0,0,0,0,0,0,0,0,0,0,0,0,0,0,0,0,0,0,0,0,0,0,0,0,0,0,0,0,1,0,0,0,0,0,0,0,Spruce/Fir,1,0,0,0
3339.0,114.0,9.0,90.0,10.0,806.0,236.0,231.0,125.0,3948.0,0,0,0,0,0,0,0,0,0,0,0,0,0,0,0,0,0,0,0,0,0,0,0,0,0,0,0,0,1,0,0,0,0,0,0,0,0,0,0,0,Lodgepole Pine,1,0,0,0
3048.0,67.0,4.0,484.0,29.0,4499.0,223.0,232.0,144.0,1325.0,0,0,0,0,0,0,0,0,0,0,0,0,0,0,0,0,0,0,0,0,0,0,0,0,0,0,0,0,1,0,0,0,0,0,0,0,0,0,0,0,Lodgepole Pine,0,1,0,0
2984.0,324.0,24.0,108.0,45.0,1410.0,154.0,207.0,189.0,2255.0,0,0,0,0,0,0,0,0,0,0,0,0,0,0,0,0,0,0,0,0,0,0,0,0,0,0,0,0,0,0,0,0,1,0,0,0,0,0,0,0,Lodgepole Pine,0,0,1,0
2746.0,110.0,18.0,255.0,49.0,2166.0,248.0,217.0,91.0,488.0,0,0,0,0,0,0,0,0,0,1,0,0,0,0,0,0,0,0,0,0,0,0,0,0,0,0,0,0,0,0,0,0,0,0,0,0,0,0,0,0,Lodgepole Pine,0,0,1,0
3212.0,35.0,19.0,510.0,25.0,1984.0,214.0,195.0,109.0,1869.0,0,0,0,0,0,0,0,0,0,0,0,0,0,0,0,0,0,0,0,0,0,0,0,0,0,0,0,0,0,0,0,0,1,0,0,0,0,0,0,0,Spruce/Fir,0,0,1,0
3112.0,8.0,7.0,95.0,7.0,1464.0,212.0,227.0,152.0,1282.0,0,0,0,0,0,0,0,0,0,0,0,0,0,0,0,0,0,0,0,0,0,0,1,0,0,0,0,0,0,0,0,0,0,0,0,0,0,0,0,0,Lodgepole Pine,1,0,0,0
2901.0,114.0,16.0,95.0,10.0,642.0,245.0,223.0,102.0,1727.0,0,0,0,0,0,0,0,0,0,0,0,0,0,0,0,0,0,0,0,0,0,0,0,0,0,0,0,0,1,0,0,0,0,0,0,0,0,0,0,0,Lodgepole Pine,0,0,1,0
3285.0,39.0,13.0,283.0,66.0,2970.0,220.0,211.0,123.0,2353.0,0,0,0,0,0,0,0,0,0,0,0,0,0,0,0,0,0,0,0,0,0,0,0,0,0,0,0,0,1,0,0,0,0,0,0,0,0,0,0,0,Spruce/Fir,0,1,0,0
2955.0,2.0,6.0,511.0,13.0,4205.0,211.0,228.0,154.0,4544.0,0,0,0,0,0,0,0,0,0,0,0,0,0,0,0,0,0,0,0,0,0,0,0,0,0,0,0,0,1,0,0,0,0,0,0,0,0,0,0,0,Lodgepole Pine,0,1,0,0
2575.0,68.0,5.0,150.0,19.0,962.0,225.0,230.0,139.0,1518.0,0,0,0,0,0,0,0,0,0,0,0,0,0,0,0,0,0,0,0,0,0,0,0,0,0,0,0,0,1,0,0,0,0,0,0,0,0,0,0,0,Lodgepole Pine,0,0,1,0
2985.0,244.0,8.0,566.0,85.0,5650.0,204.0,247.0,181.0,4385.0,0,0,0,0,0,0,0,0,0,0,0,0,0,0,0,0,0,0,0,0,0,0,0,0,0,0,0,0,1,0,0,0,0,0,0,0,0,0,0,0,Lodgepole Pine,0,1,0,0
3215.0,170.0,12.0,234.0,25.0,4032.0,229.0,245.0,147.0,2021.0,0,0,0,0,0,0,0,0,0,0,0,0,0,0,0,0,0,0,0,0,0,0,0,0,0,0,0,0,0,0,0,0,1,0,0,0,0,0,0,0,Spruce/Fir,0,0,1,0
3206.0,349.0,4.0,175.0,0.0,2135.0,213.0,233.0,158.0,3076.0,0,0,0,0,0,0,0,0,0,0,0,0,0,0,0,0,0,0,0,0,0,0,0,0,0,0,0,0,1,0,0,0,0,0,0,0,0,0,0,0,Spruce/Fir,0,1,0,0
3243.0,345.0,20.0,382.0,87.0,700.0,177.0,205.0,164.0,1714.0,0,0,0,0,0,0,0,0,0,0,0,0,0,0,0,0,0,0,0,0,0,0,0,0,0,0,0,0,1,0,0,0,0,0,0,0,0,0,0,0,Spruce/Fir,1,0,0,0
3023.0,340.0,7.0,339.0,16.0,2916.0,205.0,230.0,163.0,313.0,0,0,0,0,0,0,0,0,0,0,0,0,0,0,0,0,0,0,0,0,0,1,0,0,0,0,0,0,0,0,0,0,0,0,0,0,0,0,0,0,Spruce/Fir,0,1,0,0
2740.0,107.0,18.0,228.0,41.0,2160.0,248.0,216.0,89.0,488.0,0,0,0,0,0,0,0,0,0,1,0,0,0,0,0,0,0,0,0,0,0,0,0,0,0,0,0,0,0,0,0,0,0,0,0,0,0,0,0,0,Lodgepole Pine,0,0,1,0
3316.0,142.0,11.0,0.0,0.0,703.0,236.0,237.0,130.0,3842.0,0,0,0,0,0,0,0,0,0,0,0,0,0,0,0,0,0,0,0,0,0,0,0,0,0,0,0,0,0,0,0,1,0,0,0,0,0,0,0,0,Lodgepole Pine,1,0,0,0
3220.0,207.0,2.0,516.0,18.0,540.0,218.0,241.0,160.0,1604.0,0,0,0,0,0,0,0,0,0,0,0,0,0,0,0,0,0,0,0,0,0,0,0,0,0,0,0,0,0,0,0,1,0,0,0,0,0,0,0,0,Lodgepole Pine,0,0,1,0
2942.0,125.0,12.0,216.0,102.0,5762.0,240.0,232.0,120.0,4347.0,0,0,0,0,0,0,0,0,0,0,0,0,0,0,0,0,0,0,0,0,0,0,0,0,0,0,0,0,0,1,0,0,0,0,0,0,0,0,0,0,Lodgepole Pine,0,1,0,0
2861.0,225.0,19.0,297.0,100.0,2171.0,190.0,254.0,196.0,698.0,0,0,0,0,0,0,0,0,0,0,0,0,0,0,0,0,0,0,0,0,0,0,0,0,0,0,0,0,1,0,0,0,0,0,0,0,0,0,0,0,Aspen,0,0,1,0
3060.0,75.0,3.0,0.0,0.0,3723.0,223.0,234.0,147.0,433.0,0,0,0,0,0,0,0,0,0,0,0,0,0,0,0,0,0,0,0,0,0,0,0,0,0,0,0,0,1,0,0,0,0,0,0,0,0,0,0,0,Lodgepole Pine,0,1,0,0
3176.0,114.0,11.0,0.0,0.0,1573.0,239.0,229.0,119.0,1463.0,0,0,0,0,0,0,0,0,0,0,0,0,0,0,0,0,0,0,0,0,0,0,0,0,0,0,0,0,1,0,0,0,0,0,0,0,0,0,0,0,Lodgepole Pine,0,1,0,0
3075.0,20.0,21.0,446.0,50.0,4604.0,200.0,190.0,120.0,3020.0,0,0,0,0,0,0,0,0,0,0,0,0,0,0,0,0,0,0,0,0,0,0,0,0,0,0,0,0,1,0,0,0,0,0,0,0,0,0,0,0,Spruce/Fir,0,1,0,0
3143.0,159.0,6.0,42.0,1.0,2135.0,226.0,241.0,149.0,658.0,0,0,0,0,0,0,0,0,0,0,0,0,0,0,0,0,0,0,0,0,0,0,0,0,0,0,0,0,1,0,0,0,0,0,0,0,0,0,0,0,Spruce/Fir,0,1,0,0
2961.0,60.0,21.0,180.0,41.0,1707.0,231.0,191.0,83.0,1471.0,0,0,0,0,0,0,0,0,0,0,0,0,0,0,0,0,0,0,0,0,0,0,0,0,0,0,0,0,1,0,0,0,0,0,0,0,0,0,0,0,Spruce/Fir,0,0,1,0
3025.0,102.0,12.0,150.0,20.0,2315.0,240.0,224.0,111.0,3013.0,0,0,0,0,0,0,0,0,0,0,0,0,0,0,0,0,0,0,0,0,0,0,0,0,0,0,0,0,1,0,0,0,0,0,0,0,0,0,0,0,Lodgepole Pine,0,0,1,0
3093.0,199.0,15.0,693.0,117.0,6185.0,214.0,252.0,169.0,1507.0,0,0,0,0,0,0,0,0,0,0,0,0,0,0,0,0,0,0,0,0,0,0,0,0,0,0,0,0,1,0,0,0,0,0,0,0,0,0,0,0,Spruce/Fir,0,1,0,0
3131.0,306.0,8.0,242.0,18.0,1103.0,197.0,235.0,178.0,1584.0,0,0,0,0,0,0,0,0,0,0,0,0,0,0,0,0,0,0,0,0,0,0,0,0,0,0,0,0,1,0,0,0,0,0,0,0,0,0,0,0,Lodgepole Pine,1,0,0,0
3014.0,207.0,17.0,309.0,19.0,5749.0,207.0,253.0,177.0,2285.0,0,0,0,0,0,0,0,0,0,0,0,0,0,0,0,0,0,0,0,0,0,0,0,0,0,0,0,0,1,0,0,0,0,0,0,0,0,0,0,0,Lodgepole Pine,0,1,0,0
2792.0,186.0,24.0,470.0,110.0,3454.0,215.0,249.0,154.0,1639.0,0,0,0,0,0,0,0,0,0,0,0,0,1,0,0,0,0,0,0,0,0,0,0,0,0,0,0,0,0,0,0,0,0,0,0,0,0,0,0,0,Lodgepole Pine,0,0,1,0
2928.0,115.0,17.0,306.0,57.0,3515.0,247.0,222.0,98.0,2947.0,0,0,0,0,0,0,0,0,0,0,0,0,0,0,0,0,0,0,0,0,0,0,0,0,0,0,0,0,1,0,0,0,0,0,0,0,0,0,0,0,Lodgepole Pine,0,1,0,0
2744.0,105.0,14.0,0.0,0.0,1448.0,243.0,222.0,106.0,2399.0,0,0,0,0,0,0,0,0,0,0,0,0,0,0,0,0,0,0,0,0,0,0,0,0,0,0,0,0,1,0,0,0,0,0,0,0,0,0,0,0,Aspen,0,1,0,0
2985.0,144.0,9.0,497.0,118.0,5716.0,233.0,239.0,137.0,4306.0,0,0,0,0,0,0,0,0,0,0,0,0,0,0,0,0,0,0,0,0,0,0,0,0,0,0,0,0,1,0,0,0,0,0,0,0,0,0,0,0,Lodgepole Pine,0,1,0,0
2941.0,132.0,21.0,258.0,83.0,5521.0,248.0,224.0,93.0,738.0,0,0,0,0,0,0,0,0,0,0,0,0,0,0,0,0,0,0,0,0,0,0,0,0,0,0,0,0,0,1,0,0,0,0,0,0,0,0,0,0,Lodgepole Pine,0,1,0,0
3283.0,193.0,16.0,474.0,150.0,2924.0,217.0,251.0,163.0,932.0,0,0,0,0,0,0,0,0,0,0,0,0,0,0,0,0,0,0,0,0,0,0,0,0,0,0,0,0,1,0,0,0,0,0,0,0,0,0,0,0,Lodgepole Pine,0,0,1,0
2835.0,94.0,9.0,85.0,3.0,2969.0,235.0,226.0,122.0,4214.0,0,0,0,0,0,0,0,0,0,0,0,0,0,0,0,0,0,0,0,0,0,0,0,0,0,0,0,0,1,0,0,0,0,0,0,0,0,0,0,0,Lodgepole Pine,0,1,0,0
3093.0,237.0,11.0,319.0,43.0,6025.0,200.0,250.0,187.0,2136.0,0,0,0,0,0,0,0,0,0,0,0,0,0,0,0,0,0,0,0,0,0,0,0,0,0,0,0,0,1,0,0,0,0,0,0,0,0,0,0,0,Lodgepole Pine,0,1,0,0
2520.0,288.0,5.0,216.0,62.0,722.0,207.0,239.0,171.0,967.0,0,1,0,0,0,0,0,0,0,0,0,0,0,0,0,0,0,0,0,0,0,0,0,0,0,0,0,0,0,0,0,0,0,0,0,0,0,0,0,0,Ponderosa Pine,0,0,1,0
2985.0,180.0,3.0,470.0,89.0,5417.0,220.0,241.0,156.0,4357.0,0,0,0,0,0,0,0,0,0,0,0,0,0,0,0,0,0,0,0,0,0,0,0,0,0,0,0,0,1,0,0,0,0,0,0,0,0,0,0,0,Lodgepole Pine,0,1,0,0
3117.0,332.0,21.0,579.0,103.0,3594.0,168.0,209.0,178.0,1739.0,0,0,0,0,0,0,0,0,0,0,0,0,0,0,0,0,0,0,0,0,0,0,0,0,0,0,0,0,0,0,0,0,0,0,0,0,0,0,1,0,Lodgepole Pine,0,0,1,0
3075.0,85.0,15.0,212.0,40.0,2155.0,240.0,213.0,99.0,1337.0,0,0,0,0,0,0,0,0,0,0,0,0,0,0,0,0,0,0,0,0,0,0,0,0,0,0,0,0,1,0,0,0,0,0,0,0,0,0,0,0,Spruce/Fir,0,1,0,0
3168.0,344.0,15.0,659.0,75.0,3320.0,189.0,216.0,164.0,3200.0,0,0,0,0,0,0,0,0,0,0,0,0,0,0,0,0,0,0,0,0,0,0,0,0,0,0,0,0,1,0,0,0,0,0,0,0,0,0,0,0,Spruce/Fir,0,1,0,0
3293.0,58.0,3.0,404.0,30.0,5970.0,222.0,233.0,147.0,488.0,0,0,0,0,0,0,0,0,0,0,0,0,0,0,0,0,0,0,0,0,0,1,0,0,0,0,0,0,0,0,0,0,0,0,0,0,0,0,0,0,Spruce/Fir,0,1,0,0
3285.0,78.0,14.0,180.0,59.0,4436.0,237.0,214.0,105.0,1233.0,0,0,0,0,0,0,0,0,0,0,0,0,0,0,0,0,0,0,0,0,0,0,0,0,0,0,0,0,1,0,0,0,0,0,0,0,0,0,0,0,Spruce/Fir,0,1,0,0
3109.0,84.0,7.0,60.0,0.0,3893.0,230.0,228.0,131.0,3102.0,0,0,0,0,0,0,0,0,0,0,0,0,0,0,0,0,0,0,0,0,0,0,0,0,0,0,0,0,1,0,0,0,0,0,0,0,0,0,0,0,Spruce/Fir,0,0,1,0
2752.0,127.0,22.0,283.0,114.0,1560.0,250.0,219.0,85.0,866.0,0,0,0,0,0,0,0,0,0,0,0,0,0,0,0,0,0,0,0,0,0,0,0,0,0,0,0,0,0,1,0,0,0,0,0,0,0,0,0,0,Aspen,0,1,0,0
3357.0,154.0,15.0,210.0,45.0,1487.0,237.0,240.0,128.0,2998.0,0,0,0,0,0,0,0,0,0,0,0,0,0,0,0,0,0,0,0,0,0,1,0,0,0,0,0,0,0,0,0,0,0,0,0,0,0,0,0,0,Spruce/Fir,0,1,0,0
3246.0,61.0,15.0,450.0,80.0,882.0,231.0,207.0,105.0,1842.0,0,0,0,0,0,0,0,0,0,0,0,0,0,0,0,0,0,0,0,0,0,0,0,0,0,0,0,0,1,0,0,0,0,0,0,0,0,0,0,0,Spruce/Fir,1,0,0,0
3277.0,90.0,1.0,0.0,0.0,3901.0,220.0,237.0,153.0,3738.0,0,0,0,0,0,0,0,0,0,0,0,0,0,0,0,0,0,0,0,0,0,0,0,0,0,0,0,0,0,0,0,0,0,0,0,0,0,1,0,0,Krummholz,0,1,0,0
2849.0,63.0,11.0,212.0,19.0,1890.0,230.0,218.0,121.0,2666.0,0,0,0,0,0,0,0,0,0,0,0,0,0,0,0,0,0,0,0,0,0,0,0,0,0,1,0,0,0,0,0,0,0,0,0,0,0,0,0,0,Lodgepole Pine,0,0,1,0
2722.0,53.0,15.0,457.0,65.0,497.0,227.0,207.0,110.0,859.0,0,0,0,0,0,0,0,0,0,0,1,0,0,0,0,0,0,0,0,0,0,0,0,0,0,0,0,0,0,0,0,0,0,0,0,0,0,0,0,0,Lodgepole Pine,0,0,1,0
3166.0,73.0,6.0,339.0,95.0,658.0,228.0,228.0,134.0,631.0,0,0,0,0,0,0,0,0,0,0,0,0,0,0,0,0,0,0,0,0,0,0,0,0,0,0,0,0,1,0,0,0,0,0,0,0,0,0,0,0,Spruce/Fir,0,0,1,0
2999.0,276.0,12.0,424.0,84.0,2777.0,187.0,243.0,195.0,1566.0,0,0,0,0,0,0,0,0,0,0,0,0,0,0,0,0,0,0,0,0,0,0,0,0,0,0,0,0,0,0,0,1,0,0,0,0,0,0,0,0,Lodgepole Pine,0,0,1,0
3226.0,20.0,16.0,60.0,13.0,4456.0,207.0,204.0,130.0,3493.0,0,0,0,0,0,0,0,0,0,0,0,0,0,0,0,0,0,0,0,0,0,1,0,0,0,0,0,0,0,0,0,0,0,0,0,0,0,0,0,0,Spruce/Fir,0,0,1,0
2766.0,59.0,1.0,319.0,7.0,2130.0,220.0,235.0,152.0,1390.0,0,0,0,0,0,0,0,0,0,0,0,1,0,0,0,0,0,0,0,0,0,0,0,0,0,0,0,0,0,0,0,0,0,0,0,0,0,0,0,0,Lodgepole Pine,0,1,0,0
3205.0,252.0,10.0,323.0,57.0,488.0,197.0,247.0,189.0,768.0,0,0,0,0,0,0,0,0,0,0,0,0,0,0,0,0,0,0,0,0,0,0,0,0,0,0,0,0,1,0,0,0,0,0,0,0,0,0,0,0,Lodgepole Pine,1,0,0,0
3227.0,352.0,14.0,216.0,41.0,5265.0,195.0,215.0,157.0,1687.0,0,0,0,0,0,0,0,0,0,0,0,0,0,0,0,0,0,0,0,0,0,0,0,0,0,0,0,0,1,0,0,0,0,0,0,0,0,0,0,0,Lodgepole Pine,0,1,0,0
3021.0,357.0,14.0,339.0,76.0,2919.0,197.0,213.0,153.0,1590.0,0,0,0,0,0,0,0,0,0,0,0,0,0,0,0,0,0,0,0,0,0,0,0,0,0,0,0,0,0,0,0,0,1,0,0,0,0,0,0,0,Spruce/Fir,0,0,1,0
3177.0,15.0,8.0,684.0,160.0,1825.0,213.0,223.0,147.0,2516.0,0,0,0,0,0,0,0,0,0,0,0,0,0,0,0,0,0,0,0,0,0,0,0,0,0,0,0,0,1,0,0,0,0,0,0,0,0,0,0,0,Spruce/Fir,0,0,1,0
3247.0,96.0,16.0,690.0,109.0,666.0,244.0,215.0,95.0,1965.0,0,0,0,0,0,0,0,0,0,0,0,0,0,0,0,0,0,0,0,0,0,0,0,0,0,0,0,0,1,0,0,0,0,0,0,0,0,0,0,0,Lodgepole Pine,0,1,0,0
2894.0,55.0,15.0,283.0,26.0,3192.0,228.0,207.0,108.0,2714.0,0,0,0,0,0,0,0,0,0,0,0,0,0,0,0,0,0,0,0,0,0,0,0,0,0,0,0,0,1,0,0,0,0,0,0,0,0,0,0,0,Lodgepole Pine,0,1,0,0
3137.0,238.0,26.0,765.0,46.0,4159.0,163.0,251.0,216.0,1072.0,0,0,0,0,0,0,0,0,0,0,0,0,0,0,0,0,0,0,0,0,0,0,0,0,0,0,0,0,0,0,0,0,1,0,0,0,0,0,0,0,Lodgepole Pine,0,0,1,0
2659.0,39.0,3.0,180.0,7.0,738.0,220.0,232.0,149.0,1599.0,0,0,0,0,0,0,0,0,0,0,0,0,0,0,0,0,0,0,0,0,0,0,0,0,0,0,0,0,1,0,0,0,0,0,0,0,0,0,0,0,Lodgepole Pine,0,1,0,0
3202.0,30.0,8.0,511.0,58.0,6183.0,218.0,223.0,140.0,1218.0,0,0,0,0,0,0,0,0,0,0,0,0,0,0,0,0,0,0,0,0,0,0,0,0,0,0,0,0,1,0,0,0,0,0,0,0,0,0,0,0,Spruce/Fir,0,1,0,0
3249.0,352.0,8.0,553.0,50.0,649.0,206.0,226.0,158.0,1087.0,0,0,0,0,0,0,0,0,0,0,0,0,0,0,0,0,0,0,0,0,0,0,1,0,0,0,0,0,0,0,0,0,0,0,0,0,0,0,0,0,Spruce/Fir,1,0,0,0
2900.0,84.0,7.0,216.0,20.0,3845.0,231.0,227.0,129.0,3982.0,0,0,0,0,0,0,0,0,0,0,0,0,0,0,0,0,0,0,0,0,0,0,0,0,0,0,0,0,1,0,0,0,0,0,0,0,0,0,0,0,Lodgepole Pine,0,1,0,0
2980.0,259.0,5.0,330.0,54.0,5291.0,208.0,243.0,173.0,1698.0,0,0,0,0,0,0,0,0,0,0,0,0,0,0,0,0,0,0,0,0,0,0,0,0,0,0,0,0,1,0,0,0,0,0,0,0,0,0,0,0,Lodgepole Pine,0,1,0,0
2873.0,141.0,23.0,67.0,23.0,6023.0,247.0,226.0,95.0,4373.0,0,0,0,0,0,0,0,0,0,0,0,0,0,0,0,0,0,0,0,0,0,0,0,0,0,0,0,0,0,1,0,0,0,0,0,0,0,0,0,0,Lodgepole Pine,0,1,0,0
3261.0,244.0,11.0,735.0,151.0,1436.0,197.0,249.0,189.0,2647.0,0,0,0,0,0,0,0,0,0,0,0,0,0,0,0,0,0,0,0,0,0,0,0,0,0,0,0,0,0,0,1,0,0,0,0,0,0,0,0,0,Spruce/Fir,0,0,1,0
2749.0,231.0,3.0,85.0,6.0,1712.0,214.0,242.0,166.0,2568.0,0,0,0,0,0,0,0,0,0,0,0,0,0,0,0,0,0,0,0,0,0,0,0,0,0,0,0,0,1,0,0,0,0,0,0,0,0,0,0,0,Lodgepole Pine,0,1,0,0
2793.0,72.0,4.0,150.0,6.0,2706.0,224.0,232.0,144.0,2329.0,0,0,0,0,0,0,0,0,0,0,0,1,0,0,0,0,0,0,0,0,0,0,0,0,0,0,0,0,0,0,0,0,0,0,0,0,0,0,0,0,Lodgepole Pine,0,1,0,0
2674.0,51.0,13.0,255.0,66.0,443.0,226.0,211.0,117.0,201.0,0,0,0,0,0,0,0,0,0,1,0,0,0,0,0,0,0,0,0,0,0,0,0,0,0,0,0,0,0,0,0,0,0,0,0,0,0,0,0,0,Lodgepole Pine,0,0,1,0
3120.0,128.0,10.0,228.0,30.0,1074.0,238.0,234.0,125.0,1776.0,0,0,0,0,0,0,0,0,0,0,0,0,0,0,0,0,0,0,0,0,0,1,0,0,0,0,0,0,0,0,0,0,0,0,0,0,0,0,0,0,Spruce/Fir,0,1,0,0
2959.0,53.0,14.0,295.0,29.0,742.0,227.0,210.0,113.0,2233.0,0,0,0,0,0,0,0,0,0,0,0,0,0,0,0,0,0,0,0,0,0,0,0,0,0,0,0,0,1,0,0,0,0,0,0,0,0,0,0,0,Lodgepole Pine,0,1,0,0
3216.0,41.0,15.0,67.0,9.0,2323.0,221.0,207.0,118.0,1087.0,0,0,0,0,0,0,0,0,0,0,0,0,0,0,0,0,0,0,0,0,0,0,0,0,0,0,0,0,1,0,0,0,0,0,0,0,0,0,0,0,Spruce/Fir,0,1,0,0
3168.0,15.0,11.0,120.0,19.0,1443.0,210.0,216.0,142.0,690.0,0,0,0,0,0,0,0,0,0,0,0,0,0,0,0,0,0,0,0,0,0,0,0,0,0,0,0,0,0,0,0,0,0,0,0,0,0,0,1,0,Spruce/Fir,0,0,1,0
2804.0,107.0,19.0,60.0,8.0,2090.0,249.0,213.0,84.0,2994.0,0,0,0,0,0,0,0,0,0,0,0,0,0,0,0,0,0,0,0,0,0,0,0,0,0,0,0,0,1,0,0,0,0,0,0,0,0,0,0,0,Lodgepole Pine,0,1,0,0
2901.0,34.0,14.0,60.0,16.0,1794.0,217.0,210.0,125.0,1342.0,0,0,0,0,0,0,0,0,0,0,0,0,0,0,0,0,0,0,0,0,0,0,0,0,0,0,0,0,1,0,0,0,0,0,0,0,0,0,0,0,Lodgepole Pine,0,0,1,0
2748.0,150.0,11.0,95.0,13.0,603.0,235.0,240.0,134.0,2317.0,0,0,0,0,0,0,0,0,0,0,0,0,0,0,0,0,0,0,0,0,0,0,0,0,0,0,0,0,1,0,0,0,0,0,0,0,0,0,0,0,Lodgepole Pine,0,1,0,0
3047.0,45.0,8.0,255.0,20.0,6538.0,223.0,222.0,134.0,2926.0,0,0,0,0,0,0,0,0,0,0,0,0,0,0,0,0,0,0,0,0,0,0,0,0,0,0,0,0,1,0,0,0,0,0,0,0,0,0,0,0,Lodgepole Pine,0,1,0,0
2774.0,78.0,18.0,228.0,16.0,1771.0,240.0,204.0,87.0,2446.0,0,0,0,0,0,0,0,0,0,0,0,0,0,0,0,0,0,0,0,0,0,0,0,0,0,0,0,0,1,0,0,0,0,0,0,0,0,0,0,0,Lodgepole Pine,0,1,0,0
2778.0,170.0,15.0,60.0,11.0,1129.0,230.0,245.0,143.0,940.0,0,1,0,0,0,0,0,0,0,0,0,0,0,0,0,0,0,0,0,0,0,0,0,0,0,0,0,0,0,0,0,0,0,0,0,0,0,0,0,0,Ponderosa Pine,0,0,1,0
2937.0,184.0,4.0,190.0,0.0,1590.0,220.0,242.0,157.0,180.0,0,0,0,0,0,0,0,0,0,0,0,0,0,0,0,0,0,0,0,0,0,0,0,0,0,0,0,0,0,0,0,1,0,0,0,0,0,0,0,0,Lodgepole Pine,0,0,1,0
2973.0,90.0,15.0,182.0,44.0,2070.0,242.0,215.0,99.0,1939.0,0,0,0,0,0,0,0,0,0,0,0,0,0,0,0,0,0,0,0,0,0,0,0,0,0,0,0,0,0,0,1,0,0,0,0,0,0,0,0,0,Lodgepole Pine,0,0,1,0
2540.0,184.0,10.0,85.0,11.0,2061.0,222.0,247.0,157.0,1958.0,0,1,0,0,0,0,0,0,0,0,0,0,0,0,0,0,0,0,0,0,0,0,0,0,0,0,0,0,0,0,0,0,0,0,0,0,0,0,0,0,Ponderosa Pine,0,0,1,0
2956.0,28.0,7.0,170.0,15.0,5522.0,218.0,225.0,143.0,2143.0,0,0,0,0,0,0,0,0,0,0,0,0,0,0,0,0,0,0,0,0,0,0,1,0,0,0,0,0,0,0,0,0,0,0,0,0,0,0,0,0,Spruce/Fir,0,1,0,0
2869.0,22.0,10.0,0.0,0.0,1410.0,214.0,218.0,140.0,2614.0,0,0,0,0,0,0,0,0,0,0,1,0,0,0,0,0,0,0,0,0,0,0,0,0,0,0,0,0,0,0,0,0,0,0,0,0,0,0,0,0,Lodgepole Pine,0,0,1,0
3338.0,26.0,24.0,335.0,123.0,2002.0,200.0,179.0,105.0,2105.0,0,0,0,0,0,0,0,0,0,0,0,0,0,0,0,0,0,0,0,0,0,0,0,0,0,0,0,0,0,0,0,0,0,0,0,0,0,0,1,0,Spruce/Fir,0,1,0,0
3113.0,286.0,8.0,331.0,42.0,1824.0,197.0,240.0,183.0,752.0,0,0,0,0,0,0,0,0,0,0,0,0,0,0,0,0,0,0,0,0,0,0,0,0,0,0,0,0,0,0,0,1,0,0,0,0,0,0,0,0,Spruce/Fir,0,0,1,0
3305.0,330.0,16.0,769.0,77.0,2092.0,179.0,218.0,177.0,860.0,0,0,0,0,0,0,0,0,0,0,0,0,0,0,0,0,0,0,0,0,0,0,0,0,0,0,0,0,0,0,0,1,0,0,0,0,0,0,0,0,Spruce/Fir,0,0,1,0
3175.0,45.0,13.0,323.0,52.0,3062.0,223.0,210.0,119.0,3239.0,0,0,0,0,0,0,0,0,0,0,0,0,0,0,0,0,0,0,0,0,0,0,0,0,0,0,0,0,1,0,0,0,0,0,0,0,0,0,0,0,Spruce/Fir,0,1,0,0
2965.0,58.0,12.0,474.0,20.0,774.0,228.0,214.0,117.0,1840.0,0,0,0,0,0,0,0,0,0,0,0,0,0,0,0,0,0,0,0,0,0,0,0,0,0,0,0,0,1,0,0,0,0,0,0,0,0,0,0,0,Spruce/Fir,0,0,1,0
3383.0,63.0,10.0,180.0,34.0,2821.0,229.0,221.0,124.0,1552.0,0,0,0,0,0,0,0,0,0,0,0,0,0,0,0,0,0,0,0,0,0,0,0,0,0,0,0,0,1,0,0,0,0,0,0,0,0,0,0,0,Krummholz,0,0,1,0
2623.0,163.0,13.0,0.0,0.0,1231.0,232.0,243.0,140.0,815.0,0,1,0,0,0,0,0,0,0,0,0,0,0,0,0,0,0,0,0,0,0,0,0,0,0,0,0,0,0,0,0,0,0,0,0,0,0,0,0,0,Aspen,0,0,1,0
2312.0,30.0,21.0,67.0,18.0,979.0,208.0,189.0,109.0,721.0,0,0,0,0,0,1,0,0,0,0,0,0,0,0,0,0,0,0,0,0,0,0,0,0,0,0,0,0,0,0,0,0,0,0,0,0,0,0,0,0,Ponderosa Pine,0,0,0,1
2895.0,7.0,15.0,0.0,0.0,3369.0,202.0,210.0,144.0,1864.0,0,0,0,0,0,0,0,0,0,0,0,0,0,0,0,0,0,0,0,0,0,0,0,0,0,0,0,0,1,0,0,0,0,0,0,0,0,0,0,0,Lodgepole Pine,0,1,0,0
2814.0,5.0,13.0,787.0,115.0,420.0,204.0,215.0,148.0,1082.0,0,0,0,0,0,0,0,0,0,0,1,0,0,0,0,0,0,0,0,0,0,0,0,0,0,0,0,0,0,0,0,0,0,0,0,0,0,0,0,0,Lodgepole Pine,0,0,1,0
2254.0,2.0,25.0,277.0,89.0,395.0,176.0,184.0,138.0,390.0,0,0,0,0,0,0,0,0,0,1,0,0,0,0,0,0,0,0,0,0,0,0,0,0,0,0,0,0,0,0,0,0,0,0,0,0,0,0,0,0,Lodgepole Pine,0,0,0,1
2999.0,122.0,6.0,85.0,0.0,390.0,231.0,235.0,137.0,1718.0,0,0,0,0,0,0,0,0,0,0,0,0,0,0,0,0,0,0,0,0,0,0,1,0,0,0,0,0,0,0,0,0,0,0,0,0,0,0,0,0,Spruce/Fir,0,0,1,0
3383.0,236.0,20.0,350.0,128.0,3424.0,181.0,253.0,205.0,633.0,0,0,0,0,0,0,0,0,0,0,0,0,0,0,0,0,0,0,0,0,0,0,0,0,0,0,0,0,0,0,0,0,0,0,0,0,0,0,1,0,Spruce/Fir,0,1,0,0
3270.0,27.0,17.0,330.0,47.0,3740.0,211.0,202.0,123.0,1563.0,0,0,0,0,0,0,0,0,0,0,0,0,0,0,0,0,0,0,0,0,0,0,0,0,0,0,0,0,0,0,0,0,0,0,0,0,0,0,1,0,Spruce/Fir,0,1,0,0
2884.0,79.0,16.0,127.0,27.0,4254.0,239.0,210.0,96.0,3452.0,0,0,0,0,0,0,0,0,0,0,0,0,0,0,0,0,0,0,0,0,0,0,0,0,0,0,0,0,1,0,0,0,0,0,0,0,0,0,0,0,Lodgepole Pine,0,1,0,0
3116.0,87.0,14.0,180.0,3.0,720.0,240.0,215.0,102.0,1664.0,0,0,0,0,0,0,0,0,0,0,0,0,0,0,0,0,0,0,0,0,0,0,0,0,0,0,0,0,1,0,0,0,0,0,0,0,0,0,0,0,Spruce/Fir,0,1,0,0
2750.0,267.0,10.0,0.0,0.0,1187.0,193.0,244.0,190.0,1451.0,0,0,0,0,0,0,0,0,0,0,0,0,0,0,0,0,0,0,0,0,0,0,0,0,0,0,0,0,1,0,0,0,0,0,0,0,0,0,0,0,Lodgepole Pine,0,0,1,0
2850.0,58.0,21.0,108.0,52.0,124.0,230.0,191.0,84.0,1368.0,0,0,0,0,0,0,0,0,0,0,0,0,0,0,0,0,0,0,0,0,0,0,0,0,0,0,0,0,1,0,0,0,0,0,0,0,0,0,0,0,Spruce/Fir,0,1,0,0
3303.0,313.0,13.0,365.0,85.0,3989.0,186.0,230.0,184.0,1655.0,0,0,0,0,0,0,0,0,0,0,0,0,0,0,0,0,0,0,0,0,0,0,0,0,0,0,0,0,1,0,0,0,0,0,0,0,0,0,0,0,Spruce/Fir,0,0,1,0
3174.0,26.0,14.0,323.0,49.0,2123.0,213.0,208.0,129.0,2694.0,0,0,0,0,0,0,0,0,0,0,0,0,0,0,0,0,0,0,0,0,0,0,0,1,0,0,0,0,0,0,0,0,0,0,0,0,0,0,0,0,Spruce/Fir,0,0,1,0
2873.0,117.0,10.0,277.0,52.0,2420.0,237.0,231.0,124.0,2659.0,0,0,0,0,0,0,0,0,0,0,0,0,0,0,0,0,0,0,0,0,0,0,0,0,0,0,0,0,1,0,0,0,0,0,0,0,0,0,0,0,Lodgepole Pine,0,1,0,0
3223.0,18.0,21.0,175.0,37.0,3360.0,198.0,191.0,123.0,3612.0,0,0,0,0,0,0,0,0,0,0,0,0,0,0,0,0,0,0,0,0,0,0,0,0,0,0,0,0,0,0,0,0,0,0,0,0,0,1,0,0,Krummholz,0,1,0,0
2932.0,206.0,7.0,240.0,29.0,3100.0,216.0,247.0,166.0,1549.0,0,0,0,0,0,0,0,0,0,0,0,0,0,0,0,0,0,0,0,0,0,0,0,0,0,0,0,0,1,0,0,0,0,0,0,0,0,0,0,0,Lodgepole Pine,0,1,0,0
2951.0,225.0,6.0,361.0,87.0,1761.0,211.0,246.0,172.0,1140.0,0,0,0,0,0,0,0,0,0,0,0,0,0,0,0,0,0,0,0,0,0,0,0,0,0,0,0,0,0,0,1,0,0,0,0,0,0,0,0,0,Lodgepole Pine,0,0,1,0
2878.0,9.0,24.0,134.0,39.0,2239.0,185.0,184.0,128.0,1826.0,0,0,0,0,0,0,0,0,0,0,0,0,0,0,0,0,0,0,0,0,0,0,0,0,0,0,0,0,0,0,0,0,1,0,0,0,0,0,0,0,Spruce/Fir,0,0,1,0
3150.0,146.0,7.0,42.0,4.0,4671.0,230.0,239.0,142.0,1201.0,0,0,0,0,0,0,0,0,0,0,0,0,0,0,0,0,0,0,0,0,0,0,1,0,0,0,0,0,0,0,0,0,0,0,0,0,0,0,0,0,Spruce/Fir,0,1,0,0
3343.0,68.0,12.0,309.0,58.0,1830.0,232.0,216.0,114.0,1805.0,0,0,0,0,0,0,0,0,0,0,0,0,0,0,0,0,0,0,0,0,0,0,0,0,0,0,0,0,1,0,0,0,0,0,0,0,0,0,0,0,Spruce/Fir,0,1,0,0
2789.0,65.0,10.0,170.0,31.0,2916.0,230.0,220.0,123.0,4734.0,0,0,0,0,0,0,0,0,0,0,0,0,0,0,0,0,0,0,0,0,0,0,0,1,0,0,0,0,0,0,0,0,0,0,0,0,0,0,0,0,Lodgepole Pine,0,1,0,0
3157.0,18.0,17.0,552.0,41.0,2096.0,204.0,201.0,130.0,3342.0,0,0,0,0,0,0,0,0,0,0,0,0,0,0,0,0,0,0,0,0,0,0,0,0,0,0,0,0,0,0,1,0,0,0,0,0,0,0,0,0,Spruce/Fir,0,0,1,0
3157.0,162.0,8.0,313.0,17.0,1034.0,229.0,242.0,146.0,2256.0,0,0,0,0,0,0,0,0,0,0,0,0,0,0,0,0,0,0,0,0,0,0,1,0,0,0,0,0,0,0,0,0,0,0,0,0,0,0,0,0,Spruce/Fir,0,1,0,0
3027.0,148.0,9.0,150.0,5.0,990.0,232.0,240.0,139.0,874.0,0,0,0,0,0,0,0,0,0,0,0,0,0,0,0,0,0,0,0,0,0,0,0,0,0,0,0,0,1,0,0,0,0,0,0,0,0,0,0,0,Spruce/Fir,0,0,1,0
3133.0,159.0,8.0,360.0,38.0,5563.0,229.0,242.0,145.0,1302.0,0,0,0,0,0,0,0,0,0,0,0,0,0,0,0,0,0,0,0,0,0,0,0,0,0,0,0,0,1,0,0,0,0,0,0,0,0,0,0,0,Spruce/Fir,0,1,0,0
3218.0,186.0,26.0,242.0,87.0,2630.0,214.0,248.0,152.0,1062.0,0,0,0,0,0,0,0,0,0,0,0,0,0,0,0,0,0,0,0,0,0,0,0,0,0,0,0,0,0,0,0,0,1,0,0,0,0,0,0,0,Spruce/Fir,0,0,1,0
2723.0,254.0,19.0,60.0,25.0,1134.0,172.0,249.0,212.0,2402.0,0,0,0,0,0,0,0,0,0,0,0,0,0,0,0,0,0,0,0,0,0,0,0,0,0,0,0,0,1,0,0,0,0,0,0,0,0,0,0,0,Lodgepole Pine,0,1,0,0
3110.0,281.0,12.0,170.0,15.0,3628.0,185.0,241.0,195.0,819.0,0,0,0,0,0,0,0,0,0,0,0,0,0,0,0,0,0,0,0,0,0,0,0,0,0,0,0,0,1,0,0,0,0,0,0,0,0,0,0,0,Lodgepole Pine,0,1,0,0
2975.0,196.0,6.0,492.0,56.0,5529.0,219.0,245.0,162.0,3830.0,0,0,0,0,0,0,0,0,0,0,0,0,0,0,0,0,0,0,0,0,0,0,0,0,0,0,0,0,1,0,0,0,0,0,0,0,0,0,0,0,Lodgepole Pine,0,1,0,0
2462.0,356.0,12.0,95.0,12.0,900.0,201.0,219.0,155.0,242.0,0,1,0,0,0,0,0,0,0,0,0,0,0,0,0,0,0,0,0,0,0,0,0,0,0,0,0,0,0,0,0,0,0,0,0,0,0,0,0,0,Ponderosa Pine,0,0,0,1
2749.0,112.0,21.0,85.0,12.0,2049.0,250.0,213.0,81.0,2812.0,0,0,0,0,0,0,0,0,0,0,0,0,0,0,0,0,0,0,0,0,0,0,0,0,0,0,0,0,0,1,0,0,0,0,0,0,0,0,0,0,Lodgepole Pine,0,1,0,0
2714.0,22.0,13.0,108.0,20.0,1433.0,212.0,213.0,136.0,2242.0,0,0,0,0,0,0,0,0,0,0,1,0,0,0,0,0,0,0,0,0,0,0,0,0,0,0,0,0,0,0,0,0,0,0,0,0,0,0,0,0,Lodgepole Pine,0,0,1,0
3016.0,120.0,9.0,67.0,2.0,2952.0,236.0,232.0,127.0,591.0,0,0,0,0,0,0,0,0,0,0,0,0,0,0,0,0,0,0,0,0,0,0,0,0,0,0,0,0,1,0,0,0,0,0,0,0,0,0,0,0,Spruce/Fir,0,1,0,0
2614.0,196.0,16.0,30.0,7.0,2070.0,215.0,252.0,167.0,1191.0,0,0,0,1,0,0,0,0,0,0,0,0,0,0,0,0,0,0,0,0,0,0,0,0,0,0,0,0,0,0,0,0,0,0,0,0,0,0,0,0,Spruce/Fir,0,0,1,0
2885.0,112.0,11.0,134.0,12.0,2068.0,239.0,228.0,119.0,2471.0,0,0,0,0,0,0,0,0,0,0,0,0,0,0,0,0,0,0,0,0,0,0,0,0,0,0,0,0,1,0,0,0,0,0,0,0,0,0,0,0,Lodgepole Pine,0,1,0,0
3240.0,314.0,17.0,67.0,13.0,1448.0,173.0,225.0,191.0,2659.0,0,0,0,0,0,0,0,0,0,0,0,0,0,0,0,0,0,0,0,0,0,0,0,0,0,0,0,0,1,0,0,0,0,0,0,0,0,0,0,0,Spruce/Fir,0,1,0,0
3077.0,52.0,15.0,277.0,17.0,3710.0,227.0,206.0,108.0,2630.0,0,0,0,0,0,0,0,0,0,0,0,0,0,0,0,0,0,0,0,0,0,0,0,0,0,0,0,0,1,0,0,0,0,0,0,0,0,0,0,0,Spruce/Fir,0,1,0,0
3140.0,315.0,21.0,108.0,7.0,3844.0,161.0,218.0,196.0,1806.0,0,0,0,0,0,0,0,0,0,0,0,0,0,0,0,0,0,0,0,0,0,0,0,1,0,0,0,0,0,0,0,0,0,0,0,0,0,0,0,0,Spruce/Fir,0,1,0,0
3260.0,109.0,21.0,297.0,99.0,1651.0,250.0,212.0,79.0,2741.0,0,0,0,0,0,0,0,0,0,0,0,0,0,0,0,0,0,0,0,0,0,0,0,0,0,0,0,0,0,1,0,0,0,0,0,0,0,0,0,0,Spruce/Fir,0,1,0,0
3137.0,143.0,14.0,201.0,32.0,874.0,239.0,236.0,123.0,1953.0,0,0,0,0,0,0,0,0,0,0,0,0,0,0,0,0,0,0,0,0,0,0,0,0,0,0,0,0,1,0,0,0,0,0,0,0,0,0,0,0,Spruce/Fir,0,1,0,0
3114.0,85.0,20.0,301.0,139.0,2047.0,244.0,202.0,78.0,3782.0,0,0,0,0,0,0,0,0,0,0,0,0,0,0,0,0,0,0,0,0,0,0,0,0,0,0,0,0,1,0,0,0,0,0,0,0,0,0,0,0,Spruce/Fir,0,1,0,0
3206.0,21.0,7.0,510.0,62.0,6232.0,215.0,224.0,146.0,1237.0,0,0,0,0,0,0,0,0,0,0,0,0,0,0,0,0,0,0,0,0,0,0,0,0,0,0,0,0,1,0,0,0,0,0,0,0,0,0,0,0,Spruce/Fir,0,1,0,0
2708.0,20.0,21.0,300.0,104.0,1632.0,200.0,191.0,121.0,2613.0,0,0,0,0,0,0,0,0,0,1,0,0,0,0,0,0,0,0,0,0,0,0,0,0,0,0,0,0,0,0,0,0,0,0,0,0,0,0,0,0,Lodgepole Pine,0,0,1,0
2949.0,113.0,22.0,85.0,23.0,1592.0,251.0,211.0,77.0,1592.0,0,0,0,0,0,0,0,0,0,0,0,0,0,0,0,0,0,0,0,0,0,0,0,0,0,0,0,0,1,0,0,0,0,0,0,0,0,0,0,0,Lodgepole Pine,0,0,1,0
3203.0,36.0,10.0,0.0,0.0,3063.0,219.0,218.0,133.0,4061.0,0,0,0,0,0,0,0,0,0,0,0,0,0,0,0,0,0,0,0,0,0,0,1,0,0,0,0,0,0,0,0,0,0,0,0,0,0,0,0,0,Spruce/Fir,0,1,0,0
3060.0,311.0,14.0,571.0,43.0,1421.0,180.0,229.0,188.0,876.0,0,0,0,0,0,0,0,0,0,0,0,0,0,0,0,0,0,0,0,0,0,0,1,0,0,0,0,0,0,0,0,0,0,0,0,0,0,0,0,0,Lodgepole Pine,0,0,1,0
2642.0,94.0,14.0,95.0,30.0,1571.0,241.0,218.0,103.0,210.0,0,0,0,0,0,0,0,0,0,1,0,0,0,0,0,0,0,0,0,0,0,0,0,0,0,0,0,0,0,0,0,0,0,0,0,0,0,0,0,0,Ponderosa Pine,0,0,1,0
3326.0,80.0,10.0,450.0,75.0,870.0,234.0,223.0,120.0,1243.0,0,0,0,0,0,0,0,0,0,0,0,0,0,0,0,0,0,0,0,0,0,0,0,0,0,0,0,0,0,0,0,0,0,0,0,0,0,0,1,0,Krummholz,0,0,1,0
2616.0,247.0,25.0,283.0,16.0,564.0,161.0,249.0,220.0,1179.0,0,0,0,1,0,0,0,0,0,0,0,0,0,0,0,0,0,0,0,0,0,0,0,0,0,0,0,0,0,0,0,0,0,0,0,0,0,0,0,0,Ponderosa Pine,0,0,1,0
2492.0,86.0,6.0,0.0,0.0,301.0,229.0,230.0,134.0,3141.0,0,0,0,0,0,0,0,0,0,0,0,0,0,0,0,0,0,0,0,1,0,0,0,0,0,0,0,0,0,0,0,0,0,0,0,0,0,0,0,0,Lodgepole Pine,0,1,0,0
3321.0,347.0,3.0,426.0,74.0,940.0,213.0,234.0,159.0,1320.0,0,0,0,0,0,0,0,0,0,0,0,0,0,0,0,0,0,0,0,0,0,0,0,0,0,0,0,0,1,0,0,0,0,0,0,0,0,0,0,0,Spruce/Fir,1,0,0,0
2935.0,229.0,20.0,255.0,100.0,912.0,186.0,254.0,200.0,726.0,0,0,0,0,0,0,0,0,0,0,0,0,1,0,0,0,0,0,0,0,0,0,0,0,0,0,0,0,0,0,0,0,0,0,0,0,0,0,0,0,Lodgepole Pine,0,0,1,0
2652.0,76.0,18.0,228.0,5.0,454.0,239.0,205.0,90.0,1181.0,0,0,0,0,0,0,0,0,0,0,0,0,0,0,0,0,0,0,0,0,0,0,0,0,0,0,0,0,1,0,0,0,0,0,0,0,0,0,0,0,Lodgepole Pine,0,1,0,0
3352.0,357.0,18.0,182.0,20.0,1591.0,189.0,205.0,151.0,1950.0,0,0,0,0,0,0,0,0,0,0,0,0,0,0,0,0,0,0,0,0,0,0,0,0,0,0,0,0,1,0,0,0,0,0,0,0,0,0,0,0,Spruce/Fir,1,0,0,0
3054.0,168.0,17.0,379.0,40.0,5586.0,231.0,244.0,139.0,1690.0,0,0,0,0,0,0,0,0,0,0,0,0,0,0,0,0,0,0,0,0,0,0,0,0,0,0,0,0,1,0,0,0,0,0,0,0,0,0,0,0,Lodgepole Pine,0,1,0,0
3352.0,144.0,18.0,680.0,146.0,503.0,242.0,234.0,114.0,218.0,0,0,0,0,0,0,0,0,0,0,0,0,0,0,0,0,0,0,0,0,0,0,0,0,0,0,0,0,1,0,0,0,0,0,0,0,0,0,0,0,Spruce/Fir,1,0,0,0
3110.0,3.0,24.0,633.0,19.0,2871.0,180.0,186.0,137.0,2671.0,0,0,0,0,0,0,0,0,0,0,0,0,0,0,0,0,0,0,0,0,0,0,0,0,0,0,0,0,1,0,0,0,0,0,0,0,0,0,0,0,Lodgepole Pine,0,0,1,0
2787.0,4.0,18.0,67.0,5.0,2353.0,194.0,203.0,144.0,1451.0,0,0,0,0,0,0,0,0,0,0,0,0,0,0,0,0,0,0,0,0,0,0,0,0,0,0,0,0,1,0,0,0,0,0,0,0,0,0,0,0,Lodgepole Pine,0,1,0,0
2830.0,67.0,12.0,301.0,147.0,330.0,232.0,215.0,113.0,1683.0,0,0,0,0,0,0,0,0,0,0,0,0,0,0,0,0,0,0,0,0,0,0,0,0,0,0,0,0,1,0,0,0,0,0,0,0,0,0,0,0,Lodgepole Pine,0,1,0,0
3364.0,287.0,6.0,301.0,25.0,1200.0,204.0,240.0,175.0,2219.0,0,0,0,0,0,0,0,0,0,0,0,0,0,0,0,0,0,0,0,0,0,0,0,0,0,0,0,0,1,0,0,0,0,0,0,0,0,0,0,0,Spruce/Fir,0,0,1,0
3119.0,82.0,20.0,256.0,36.0,900.0,243.0,201.0,79.0,1132.0,0,0,0,0,0,0,0,0,0,0,0,0,0,0,0,0,0,0,0,0,0,0,0,0,0,0,0,0,1,0,0,0,0,0,0,0,0,0,0,0,Spruce/Fir,0,1,0,0
2713.0,28.0,18.0,0.0,0.0,1500.0,209.0,197.0,118.0,2733.0,0,0,0,0,0,0,0,0,0,0,0,0,0,0,0,0,0,0,0,0,0,0,0,0,0,0,0,0,1,0,0,0,0,0,0,0,0,0,0,0,Lodgepole Pine,0,1,0,0
2958.0,118.0,8.0,0.0,0.0,2282.0,234.0,233.0,130.0,1681.0,0,0,0,0,0,0,0,0,0,0,0,0,0,0,0,0,0,0,0,0,0,0,0,0,0,0,0,0,1,0,0,0,0,0,0,0,0,0,0,0,Lodgepole Pine,0,1,0,0
3018.0,329.0,25.0,552.0,134.0,3336.0,153.0,202.0,184.0,1744.0,0,0,0,0,0,0,0,0,0,0,0,0,0,0,0,0,0,0,0,0,0,0,0,0,0,0,0,0,1,0,0,0,0,0,0,0,0,0,0,0,Spruce/Fir,0,0,1,0
2942.0,12.0,13.0,335.0,47.0,859.0,207.0,214.0,143.0,1724.0,0,0,0,0,0,0,0,0,0,0,0,0,0,0,0,0,0,0,0,0,0,0,0,0,0,0,0,0,1,0,0,0,0,0,0,0,0,0,0,0,Lodgepole Pine,0,0,1,0
3139.0,284.0,16.0,90.0,15.0,2291.0,174.0,238.0,204.0,930.0,0,0,0,0,0,0,0,0,0,0,0,0,0,0,0,0,0,0,0,0,0,0,1,0,0,0,0,0,0,0,0,0,0,0,0,0,0,0,0,0,Spruce/Fir,0,0,1,0
3198.0,171.0,9.0,162.0,37.0,1624.0,227.0,244.0,150.0,1611.0,0,0,0,0,0,0,0,0,0,0,0,0,0,0,0,0,0,0,0,0,0,0,1,0,0,0,0,0,0,0,0,0,0,0,0,0,0,0,0,0,Spruce/Fir,1,0,0,0
3154.0,201.0,14.0,277.0,51.0,2295.0,213.0,252.0,170.0,874.0,0,0,0,0,0,0,0,0,0,0,0,0,0,0,0,0,0,0,0,0,0,0,0,0,0,0,0,0,0,0,0,1,0,0,0,0,0,0,0,0,Lodgepole Pine,0,0,1,0
2881.0,319.0,14.0,67.0,11.0,3036.0,183.0,226.0,183.0,2047.0,0,0,0,0,0,0,0,0,0,0,0,0,0,0,0,0,0,0,0,0,0,0,0,0,0,0,0,0,1,0,0,0,0,0,0,0,0,0,0,0,Lodgepole Pine,0,1,0,0
2679.0,120.0,8.0,499.0,11.0,1041.0,234.0,234.0,132.0,2721.0,0,0,0,0,0,0,0,0,0,0,0,0,0,0,0,0,0,0,0,0,0,0,0,0,0,0,0,0,1,0,0,0,0,0,0,0,0,0,0,0,Lodgepole Pine,0,1,0,0
3220.0,43.0,19.0,700.0,104.0,1842.0,220.0,194.0,102.0,2912.0,0,0,0,0,0,0,0,0,0,0,0,0,0,0,0,0,0,0,0,0,0,0,0,0,0,0,0,0,1,0,0,0,0,0,0,0,0,0,0,0,Spruce/Fir,0,0,1,0
3156.0,197.0,13.0,42.0,7.0,3035.0,216.0,251.0,166.0,997.0,0,0,0,0,0,0,0,0,0,0,0,0,0,0,0,0,0,0,0,0,0,0,0,0,0,0,0,0,0,0,0,0,1,0,0,0,0,0,0,0,Spruce/Fir,0,0,1,0
3280.0,40.0,4.0,30.0,0.0,3973.0,220.0,231.0,147.0,3772.0,0,0,0,0,0,0,0,0,0,0,0,0,0,0,0,0,0,0,0,0,0,0,0,0,0,0,0,0,0,0,0,0,0,0,0,0,0,1,0,0,Krummholz,0,1,0,0
3190.0,6.0,2.0,514.0,95.0,5169.0,216.0,234.0,155.0,2147.0,0,0,0,0,0,0,0,0,0,0,0,0,0,0,0,0,0,0,0,0,0,0,0,0,0,0,0,0,1,0,0,0,0,0,0,0,0,0,0,0,Spruce/Fir,0,1,0,0
3253.0,138.0,20.0,201.0,71.0,2780.0,246.0,228.0,101.0,3022.0,0,0,0,0,0,0,0,0,0,0,0,0,0,0,0,0,0,0,0,0,0,0,0,0,0,0,0,0,1,0,0,0,0,0,0,0,0,0,0,0,Spruce/Fir,0,0,1,0
2953.0,36.0,8.0,30.0,0.0,2131.0,220.0,221.0,137.0,2687.0,0,0,0,0,0,0,0,0,0,0,0,0,0,0,0,0,0,0,1,0,0,0,0,0,0,0,0,0,0,0,0,0,0,0,0,0,0,0,0,0,Lodgepole Pine,0,0,1,0
3113.0,74.0,22.0,124.0,33.0,2913.0,240.0,192.0,71.0,1074.0,0,0,0,0,0,0,0,0,0,0,0,0,0,0,0,0,0,0,0,0,0,0,0,0,0,0,0,0,0,0,0,1,0,0,0,0,0,0,0,0,Lodgepole Pine,0,0,1,0
3299.0,336.0,9.0,95.0,5.0,4163.0,199.0,227.0,167.0,3890.0,0,0,0,0,0,0,0,0,0,0,0,0,0,0,0,0,0,0,0,0,0,0,0,0,0,0,0,0,1,0,0,0,0,0,0,0,0,0,0,0,Krummholz,0,1,0,0
2940.0,91.0,12.0,150.0,18.0,3671.0,238.0,222.0,113.0,1463.0,0,0,0,0,0,0,0,0,0,0,0,0,0,0,0,0,0,0,0,0,0,0,0,0,0,0,0,0,1,0,0,0,0,0,0,0,0,0,0,0,Lodgepole Pine,0,1,0,0
2515.0,95.0,11.0,285.0,72.0,864.0,238.0,223.0,114.0,939.0,0,0,0,0,0,0,0,0,0,0,1,0,0,0,0,0,0,0,0,0,0,0,0,0,0,0,0,0,0,0,0,0,0,0,0,0,0,0,0,0,Lodgepole Pine,0,0,1,0
2989.0,104.0,18.0,108.0,20.0,2071.0,247.0,215.0,90.0,2518.0,0,0,0,0,0,0,0,0,0,0,0,0,0,0,0,0,0,0,0,0,0,0,0,0,0,0,0,0,0,0,0,1,0,0,0,0,0,0,0,0,Spruce/Fir,0,0,1,0
2959.0,165.0,13.0,212.0,43.0,5101.0,231.0,244.0,142.0,4410.0,0,0,0,0,0,0,0,0,0,0,0,0,0,0,0,0,0,0,0,0,0,0,0,0,0,0,0,0,0,1,0,0,0,0,0,0,0,0,0,0,Lodgepole Pine,0,1,0,0
3168.0,261.0,6.0,85.0,5.0,3123.0,205.0,243.0,177.0,1194.0,0,0,0,0,0,0,0,0,0,0,0,0,0,0,0,0,0,0,0,0,0,0,0,0,0,0,0,0,1,0,0,0,0,0,0,0,0,0,0,0,Spruce/Fir,0,0,1,0
3109.0,144.0,25.0,182.0,35.0,4376.0,246.0,225.0,91.0,912.0,0,0,0,0,0,0,0,0,0,0,0,0,0,0,0,0,0,0,0,0,0,0,0,0,0,0,0,0,1,0,0,0,0,0,0,0,0,0,0,0,Lodgepole Pine,0,1,0,0
3174.0,13.0,12.0,108.0,20.0,1194.0,208.0,215.0,142.0,607.0,0,0,0,0,0,0,0,0,0,0,0,0,0,0,0,0,0,0,0,0,0,0,0,0,0,0,0,0,1,0,0,0,0,0,0,0,0,0,0,0,Spruce/Fir,0,0,1,0
2986.0,72.0,7.0,124.0,23.0,1465.0,228.0,227.0,133.0,1958.0,0,0,0,0,0,0,0,0,0,0,0,0,0,0,0,0,0,0,0,0,0,0,0,0,0,0,0,0,1,0,0,0,0,0,0,0,0,0,0,0,Lodgepole Pine,0,1,0,0
3246.0,205.0,4.0,503.0,67.0,4716.0,217.0,243.0,162.0,2864.0,0,0,0,0,0,0,0,0,0,0,0,0,0,0,0,0,0,0,0,0,0,0,0,0,0,0,0,0,1,0,0,0,0,0,0,0,0,0,0,0,Spruce/Fir,0,1,0,0
2772.0,338.0,24.0,256.0,89.0,930.0,160.0,198.0,172.0,2279.0,0,0,0,0,0,0,0,0,0,0,0,0,0,0,0,0,0,0,0,0,0,0,0,0,0,0,0,0,1,0,0,0,0,0,0,0,0,0,0,0,Lodgepole Pine,0,0,1,0
2664.0,101.0,21.0,150.0,38.0,2301.0,249.0,207.0,76.0,2506.0,0,0,0,0,0,0,0,0,0,0,1,0,0,0,0,0,0,0,0,0,0,0,0,0,0,0,0,0,0,0,0,0,0,0,0,0,0,0,0,0,Ponderosa Pine,0,0,1,0
3060.0,18.0,9.0,339.0,16.0,1302.0,213.0,220.0,144.0,1875.0,0,0,0,0,0,0,0,0,0,0,0,0,0,0,0,0,0,0,0,0,0,0,0,0,0,0,0,0,1,0,0,0,0,0,0,0,0,0,0,0,Spruce/Fir,0,0,1,0
3267.0,358.0,8.0,573.0,109.0,5275.0,208.0,225.0,155.0,1793.0,0,0,0,0,0,0,0,0,0,0,0,0,0,0,0,0,0,0,0,0,0,0,0,0,0,0,0,0,1,0,0,0,0,0,0,0,0,0,0,0,Spruce/Fir,0,1,0,0
2962.0,143.0,7.0,480.0,76.0,5650.0,231.0,239.0,140.0,4434.0,0,0,0,0,0,0,0,0,0,0,0,0,0,0,0,0,0,0,0,0,0,0,0,0,0,0,0,0,1,0,0,0,0,0,0,0,0,0,0,0,Lodgepole Pine,0,1,0,0
3093.0,86.0,10.0,127.0,26.0,680.0,234.0,224.0,120.0,1425.0,0,0,0,0,0,0,0,0,0,0,0,0,0,0,0,0,0,0,0,0,0,0,0,0,0,0,0,0,1,0,0,0,0,0,0,0,0,0,0,0,Spruce/Fir,0,1,0,0
2909.0,213.0,5.0,124.0,24.0,4243.0,216.0,244.0,165.0,3807.0,0,0,0,0,0,0,0,0,0,0,0,1,0,0,0,0,0,0,0,0,0,0,0,0,0,0,0,0,0,0,0,0,0,0,0,0,0,0,0,0,Lodgepole Pine,0,1,0,0
3085.0,22.0,15.0,153.0,28.0,3713.0,209.0,206.0,130.0,2012.0,0,0,0,0,0,0,0,0,0,0,0,0,0,0,0,0,0,0,0,0,0,0,0,1,0,0,0,0,0,0,0,0,0,0,0,0,0,0,0,0,Spruce/Fir,0,0,1,0
2820.0,108.0,15.0,150.0,64.0,1392.0,245.0,221.0,101.0,1539.0,0,0,0,0,0,0,0,0,0,0,0,0,0,0,0,0,0,0,0,0,0,0,0,1,0,0,0,0,0,0,0,0,0,0,0,0,0,0,0,0,Lodgepole Pine,0,0,1,0
3184.0,71.0,11.0,124.0,11.0,2610.0,233.0,218.0,115.0,1606.0,0,0,0,0,0,0,0,0,0,0,0,0,0,0,0,0,0,0,0,0,0,0,0,0,0,0,0,0,1,0,0,0,0,0,0,0,0,0,0,0,Spruce/Fir,0,0,1,0
3108.0,242.0,13.0,175.0,10.0,2394.0,195.0,250.0,192.0,395.0,0,0,0,0,0,0,0,0,0,0,0,0,0,0,0,0,0,0,0,0,0,0,0,0,0,0,0,0,1,0,0,0,0,0,0,0,0,0,0,0,Lodgepole Pine,0,0,1,0
2785.0,309.0,12.0,30.0,1.0,2125.0,186.0,232.0,186.0,3197.0,0,0,0,0,0,0,0,0,0,0,0,0,0,0,0,0,0,0,0,1,0,0,0,0,0,0,0,0,0,0,0,0,0,0,0,0,0,0,0,0,Spruce/Fir,0,1,0,0
2953.0,220.0,17.0,258.0,119.0,900.0,198.0,254.0,188.0,591.0,0,0,0,0,0,0,0,0,0,0,0,0,0,0,0,0,0,0,0,0,0,0,0,0,0,0,0,0,1,0,0,0,0,0,0,0,0,0,0,0,Lodgepole Pine,0,0,1,0
2981.0,35.0,15.0,752.0,151.0,1513.0,217.0,206.0,120.0,2764.0,0,0,0,0,0,0,0,0,0,0,0,0,0,0,0,0,0,0,0,0,0,0,0,0,0,0,0,0,1,0,0,0,0,0,0,0,0,0,0,0,Lodgepole Pine,0,0,1,0
2920.0,199.0,10.0,120.0,12.0,4224.0,217.0,249.0,166.0,4362.0,0,0,0,0,0,0,0,0,0,0,0,0,0,0,0,0,0,0,0,0,0,0,0,0,0,0,0,0,1,0,0,0,0,0,0,0,0,0,0,0,Lodgepole Pine,0,1,0,0
3244.0,64.0,26.0,424.0,1.0,1533.0,233.0,179.0,62.0,4865.0,0,0,0,0,0,0,0,0,0,0,0,0,0,0,0,0,0,0,0,0,0,0,0,0,0,0,0,0,1,0,0,0,0,0,0,0,0,0,0,0,Spruce/Fir,1,0,0,0
3095.0,293.0,2.0,212.0,26.0,1803.0,214.0,238.0,162.0,604.0,0,0,0,0,0,0,0,0,0,0,0,0,0,0,0,0,0,0,0,0,0,0,0,0,0,0,0,0,1,0,0,0,0,0,0,0,0,0,0,0,Spruce/Fir,0,0,1,0
2687.0,158.0,19.0,285.0,102.0,1902.0,237.0,239.0,124.0,2742.0,0,0,0,1,0,0,0,0,0,0,0,0,0,0,0,0,0,0,0,0,0,0,0,0,0,0,0,0,0,0,0,0,0,0,0,0,0,0,0,0,Ponderosa Pine,0,0,1,0
2708.0,99.0,20.0,234.0,76.0,2460.0,248.0,209.0,81.0,2282.0,0,0,0,0,0,0,0,0,0,1,0,0,0,0,0,0,0,0,0,0,0,0,0,0,0,0,0,0,0,0,0,0,0,0,0,0,0,0,0,0,Ponderosa Pine,0,0,1,0
3117.0,358.0,11.0,192.0,38.0,3020.0,202.0,219.0,154.0,2355.0,0,0,0,0,0,0,0,0,0,0,0,0,0,0,0,0,0,0,0,0,0,0,0,0,0,0,0,0,1,0,0,0,0,0,0,0,0,0,0,0,Spruce/Fir,0,0,1,0
2698.0,37.0,9.0,175.0,44.0,2188.0,220.0,220.0,135.0,2044.0,0,0,0,0,0,0,0,0,0,0,0,0,0,0,0,0,0,0,0,0,0,0,0,0,0,0,0,0,0,0,0,1,0,0,0,0,0,0,0,0,Douglas-fir,0,0,1,0
2824.0,167.0,17.0,42.0,5.0,2121.0,232.0,244.0,137.0,1180.0,0,0,0,0,0,0,0,0,0,1,0,0,0,0,0,0,0,0,0,0,0,0,0,0,0,0,0,0,0,0,0,0,0,0,0,0,0,0,0,0,Lodgepole Pine,0,0,1,0
3309.0,343.0,16.0,234.0,25.0,1273.0,187.0,215.0,166.0,806.0,0,0,0,0,0,0,0,0,0,0,0,0,0,0,0,0,0,0,0,0,0,0,0,0,0,0,0,0,1,0,0,0,0,0,0,0,0,0,0,0,Spruce/Fir,0,1,0,0
2568.0,158.0,19.0,108.0,31.0,1616.0,237.0,239.0,125.0,1531.0,0,0,0,0,0,0,0,0,0,0,0,0,0,0,0,0,0,0,0,0,0,0,0,0,0,0,0,0,1,0,0,0,0,0,0,0,0,0,0,0,Ponderosa Pine,0,0,1,0
2803.0,84.0,17.0,90.0,24.0,570.0,242.0,210.0,93.0,960.0,0,0,0,0,0,0,0,0,0,0,0,0,0,0,0,0,0,0,0,0,0,0,0,0,0,0,0,0,1,0,0,0,0,0,0,0,0,0,0,0,Lodgepole Pine,0,1,0,0
3178.0,113.0,28.0,450.0,161.0,3426.0,254.0,198.0,51.0,1952.0,0,0,0,0,0,0,0,0,0,0,0,0,0,0,0,0,0,0,0,0,0,0,0,0,0,0,0,0,0,0,0,0,1,0,0,0,0,0,0,0,Spruce/Fir,0,0,1,0
3431.0,109.0,9.0,480.0,146.0,2067.0,236.0,230.0,124.0,1556.0,0,0,0,0,0,0,0,0,0,0,0,0,0,0,0,0,0,0,0,0,0,0,0,0,0,0,0,0,1,0,0,0,0,0,0,0,0,0,0,0,Spruce/Fir,0,1,0,0
3041.0,243.0,12.0,42.0,9.0,3000.0,197.0,249.0,190.0,1142.0,0,0,0,0,0,0,0,0,0,0,0,0,0,0,0,0,0,0,0,0,0,0,0,0,0,0,0,0,1,0,0,0,0,0,0,0,0,0,0,0,Lodgepole Pine,0,0,1,0
3039.0,123.0,10.0,150.0,6.0,870.0,237.0,233.0,126.0,1574.0,0,0,0,0,0,0,0,0,0,0,0,0,0,0,0,0,0,0,0,0,0,1,0,0,0,0,0,0,0,0,0,0,0,0,0,0,0,0,0,0,Lodgepole Pine,0,0,1,0
2846.0,129.0,19.0,30.0,6.0,1087.0,247.0,225.0,98.0,1332.0,0,0,0,0,0,0,0,0,0,0,0,0,0,0,0,0,0,0,0,0,0,0,0,0,0,0,0,0,0,0,0,0,1,0,0,0,0,0,0,0,Lodgepole Pine,0,0,1,0
3210.0,112.0,4.0,351.0,29.0,5695.0,227.0,235.0,142.0,2514.0,0,0,0,0,0,0,0,0,0,0,0,0,0,0,0,0,0,0,0,0,0,0,0,0,0,0,0,0,1,0,0,0,0,0,0,0,0,0,0,0,Spruce/Fir,0,1,0,0
2906.0,27.0,21.0,297.0,7.0,690.0,205.0,189.0,112.0,120.0,0,0,0,0,0,0,0,0,0,0,0,0,0,0,0,0,0,0,0,0,0,0,0,0,0,0,0,0,0,0,0,0,1,0,0,0,0,0,0,0,Lodgepole Pine,0,0,1,0
3240.0,282.0,7.0,30.0,4.0,4648.0,201.0,241.0,179.0,1132.0,0,0,0,0,0,0,0,0,0,0,0,0,0,0,0,0,0,0,0,0,0,0,1,0,0,0,0,0,0,0,0,0,0,0,0,0,0,0,0,0,Lodgepole Pine,0,1,0,0
2554.0,319.0,15.0,360.0,84.0,872.0,181.0,226.0,184.0,830.0,0,1,0,0,0,0,0,0,0,0,0,0,0,0,0,0,0,0,0,0,0,0,0,0,0,0,0,0,0,0,0,0,0,0,0,0,0,0,0,0,Lodgepole Pine,0,0,1,0
3270.0,115.0,30.0,684.0,154.0,2836.0,254.0,196.0,46.0,2738.0,0,0,0,0,0,0,0,0,0,0,0,0,0,0,0,0,0,0,0,0,0,0,0,0,0,0,0,0,0,0,0,0,1,0,0,0,0,0,0,0,Spruce/Fir,0,0,1,0
3149.0,123.0,20.0,339.0,92.0,4818.0,249.0,221.0,91.0,1722.0,0,0,0,0,0,0,0,0,0,0,0,0,0,0,0,0,0,0,0,0,0,0,0,0,0,0,0,0,1,0,0,0,0,0,0,0,0,0,0,0,Spruce/Fir,0,1,0,0
3060.0,241.0,9.0,579.0,63.0,2914.0,204.0,248.0,181.0,934.0,0,0,0,0,0,0,0,0,0,0,0,0,0,0,0,0,0,0,0,0,0,0,0,0,0,0,0,0,1,0,0,0,0,0,0,0,0,0,0,0,Lodgepole Pine,0,0,1,0
2951.0,140.0,11.0,301.0,48.0,3140.0,236.0,237.0,130.0,1482.0,0,0,0,0,0,0,0,0,0,0,0,0,0,0,0,0,0,0,0,0,0,0,0,0,0,0,0,0,1,0,0,0,0,0,0,0,0,0,0,0,Lodgepole Pine,0,1,0,0
3263.0,111.0,8.0,0.0,0.0,1262.0,234.0,231.0,129.0,3212.0,0,0,0,0,0,0,0,0,0,0,0,0,0,0,0,0,0,0,0,0,0,0,0,0,0,0,0,0,1,0,0,0,0,0,0,0,0,0,0,0,Lodgepole Pine,1,0,0,0
2888.0,69.0,12.0,454.0,140.0,1172.0,232.0,217.0,115.0,1328.0,0,0,0,0,0,0,0,0,0,0,0,0,0,0,0,0,0,0,0,0,0,0,0,0,0,0,0,0,0,0,0,1,0,0,0,0,0,0,0,0,Lodgepole Pine,0,0,1,0
3201.0,56.0,3.0,457.0,18.0,5461.0,222.0,232.0,146.0,2222.0,0,0,0,0,0,0,0,0,0,0,0,0,0,0,0,0,0,0,0,0,0,0,0,0,0,0,0,0,1,0,0,0,0,0,0,0,0,0,0,0,Spruce/Fir,0,1,0,0
3197.0,134.0,13.0,90.0,2.0,2227.0,240.0,233.0,120.0,2240.0,0,0,0,0,0,0,0,0,0,0,0,0,0,0,0,0,0,0,0,0,0,0,0,0,0,0,0,0,1,0,0,0,0,0,0,0,0,0,0,0,Spruce/Fir,0,1,0,0
3278.0,341.0,27.0,516.0,137.0,3904.0,153.0,189.0,168.0,2163.0,0,0,0,0,0,0,0,0,0,0,0,0,0,0,0,0,0,0,0,0,0,0,0,0,0,0,0,0,0,0,1,0,0,0,0,0,0,0,0,0,Spruce/Fir,0,0,1,0
3110.0,113.0,15.0,300.0,65.0,4884.0,245.0,223.0,103.0,942.0,0,0,0,0,0,0,0,0,0,0,0,0,0,0,0,0,0,0,0,0,0,0,0,0,0,0,0,0,1,0,0,0,0,0,0,0,0,0,0,0,Lodgepole Pine,0,1,0,0
3038.0,0.0,23.0,234.0,51.0,362.0,180.0,190.0,143.0,1315.0,0,0,0,0,0,0,0,0,0,0,0,0,0,0,0,0,0,0,0,0,0,0,0,0,0,0,0,0,0,0,0,1,0,0,0,0,0,0,0,0,Lodgepole Pine,0,0,1,0
2941.0,174.0,11.0,42.0,9.0,1041.0,227.0,246.0,150.0,607.0,0,0,0,0,0,0,0,0,0,0,0,0,1,0,0,0,0,0,0,0,0,0,0,0,0,0,0,0,0,0,0,0,0,0,0,0,0,0,0,0,Spruce/Fir,0,0,1,0
2740.0,8.0,11.0,85.0,7.0,1528.0,207.0,218.0,147.0,1326.0,0,0,0,0,0,0,0,0,0,1,0,0,0,0,0,0,0,0,0,0,0,0,0,0,0,0,0,0,0,0,0,0,0,0,0,0,0,0,0,0,Spruce/Fir,0,0,1,0
3206.0,121.0,11.0,390.0,48.0,516.0,239.0,231.0,120.0,785.0,0,0,0,0,0,0,0,0,0,0,0,0,0,0,0,0,0,0,0,0,0,0,0,0,0,0,0,0,1,0,0,0,0,0,0,0,0,0,0,0,Lodgepole Pine,1,0,0,0
3228.0,189.0,14.0,577.0,37.0,6037.0,220.0,250.0,160.0,3125.0,0,0,0,0,0,0,0,0,0,0,0,0,0,0,0,0,0,0,0,0,0,0,0,0,0,0,0,0,1,0,0,0,0,0,0,0,0,0,0,0,Lodgepole Pine,0,1,0,0
3093.0,74.0,16.0,150.0,49.0,4977.0,238.0,208.0,96.0,1801.0,0,0,0,0,0,0,0,0,0,0,0,0,0,0,0,0,0,0,0,0,0,0,0,0,0,0,0,0,1,0,0,0,0,0,0,0,0,0,0,0,Spruce/Fir,0,1,0,0
3188.0,44.0,13.0,497.0,95.0,3849.0,222.0,211.0,121.0,2866.0,0,0,0,0,0,0,0,0,0,0,0,0,0,0,0,0,0,0,0,0,0,0,0,0,0,0,0,0,1,0,0,0,0,0,0,0,0,0,0,0,Lodgepole Pine,0,1,0,0
3095.0,45.0,5.0,390.0,94.0,2024.0,222.0,228.0,142.0,2766.0,0,0,0,0,0,0,0,0,0,0,0,0,0,0,0,0,0,0,0,0,0,0,0,0,0,0,0,0,1,0,0,0,0,0,0,0,0,0,0,0,Spruce/Fir,0,0,1,0
2945.0,13.0,10.0,0.0,0.0,4478.0,210.0,219.0,145.0,3715.0,0,0,0,0,0,0,0,0,0,0,0,0,0,0,0,0,0,0,0,0,0,0,0,0,0,0,0,0,1,0,0,0,0,0,0,0,0,0,0,0,Spruce/Fir,0,1,0,0
2826.0,349.0,14.0,450.0,71.0,1084.0,193.0,215.0,161.0,1120.0,0,0,0,0,0,0,0,0,0,0,0,0,0,0,0,0,0,0,0,0,0,0,0,0,0,0,0,1,0,0,0,0,0,0,0,0,0,0,0,0,Lodgepole Pine,0,0,1,0
2859.0,144.0,17.0,85.0,11.0,4745.0,242.0,235.0,116.0,95.0,0,0,0,0,0,0,0,0,0,0,0,0,0,0,0,0,0,0,0,0,0,0,0,0,0,0,0,0,1,0,0,0,0,0,0,0,0,0,0,0,Lodgepole Pine,0,1,0,0
3006.0,359.0,12.0,67.0,9.0,3360.0,202.0,219.0,153.0,1914.0,0,0,0,0,0,0,0,0,0,0,0,0,0,0,0,0,0,0,0,0,0,0,0,0,0,0,0,0,1,0,0,0,0,0,0,0,0,0,0,0,Spruce/Fir,0,1,0,0
2689.0,16.0,26.0,175.0,42.0,2010.0,189.0,178.0,116.0,875.0,0,0,0,0,0,0,0,0,0,1,0,0,0,0,0,0,0,0,0,0,0,0,0,0,0,0,0,0,0,0,0,0,0,0,0,0,0,0,0,0,Lodgepole Pine,0,0,1,0
2817.0,171.0,5.0,350.0,26.0,2184.0,223.0,242.0,154.0,2161.0,0,0,0,0,0,0,0,0,0,0,0,0,0,0,0,0,0,0,0,0,0,0,0,0,0,0,0,0,1,0,0,0,0,0,0,0,0,0,0,0,Lodgepole Pine,0,1,0,0
2985.0,33.0,16.0,424.0,91.0,4410.0,215.0,205.0,121.0,2018.0,0,0,0,0,0,0,0,0,0,0,0,0,0,0,0,0,0,0,0,0,0,0,0,0,0,0,0,0,1,0,0,0,0,0,0,0,0,0,0,0,Lodgepole Pine,0,1,0,0
2981.0,317.0,16.0,247.0,8.0,1784.0,176.0,224.0,187.0,1812.0,0,0,0,0,0,0,0,0,0,0,0,0,0,0,0,0,0,0,0,0,0,0,0,0,0,0,0,0,1,0,0,0,0,0,0,0,0,0,0,0,Lodgepole Pine,0,0,1,0
3238.0,6.0,6.0,67.0,7.0,616.0,212.0,227.0,153.0,1170.0,0,0,0,0,0,0,0,0,0,0,0,0,0,0,0,0,0,0,0,0,0,0,0,0,0,0,0,0,1,0,0,0,0,0,0,0,0,0,0,0,Spruce/Fir,1,0,0,0
2781.0,81.0,3.0,0.0,0.0,1987.0,223.0,234.0,146.0,1871.0,0,0,0,0,0,0,0,0,0,0,0,0,0,0,0,0,0,0,0,0,0,0,1,0,0,0,0,0,0,0,0,0,0,0,0,0,0,0,0,0,Spruce/Fir,0,0,1,0
2745.0,313.0,13.0,108.0,18.0,1437.0,186.0,230.0,184.0,1919.0,0,0,0,0,0,0,0,0,0,0,0,0,0,0,0,0,0,0,0,0,0,0,0,0,0,0,0,0,1,0,0,0,0,0,0,0,0,0,0,0,Spruce/Fir,0,1,0,0
3223.0,102.0,22.0,192.0,59.0,2605.0,250.0,205.0,71.0,3048.0,0,0,0,0,0,0,0,0,0,0,0,0,0,0,0,0,0,0,0,0,0,0,0,0,0,0,0,0,0,0,0,0,1,0,0,0,0,0,0,0,Spruce/Fir,0,0,1,0
2593.0,332.0,5.0,127.0,28.0,1296.0,209.0,234.0,163.0,4934.0,0,0,0,0,0,0,0,0,0,0,0,1,0,0,0,0,0,0,0,0,0,0,0,0,0,0,0,0,0,0,0,0,0,0,0,0,0,0,0,0,Lodgepole Pine,0,1,0,0
2740.0,39.0,20.0,190.0,52.0,1209.0,216.0,191.0,103.0,1610.0,0,0,0,0,0,0,0,0,0,1,0,0,0,0,0,0,0,0,0,0,0,0,0,0,0,0,0,0,0,0,0,0,0,0,0,0,0,0,0,0,Lodgepole Pine,0,0,1,0
3065.0,7.0,17.0,509.0,34.0,1182.0,198.0,205.0,142.0,1965.0,0,0,0,0,0,0,0,0,0,0,0,0,0,0,0,0,0,0,0,0,0,0,0,0,0,0,0,0,1,0,0,0,0,0,0,0,0,0,0,0,Spruce/Fir,0,0,1,0
2907.0,93.0,12.0,42.0,5.0,3481.0,239.0,221.0,110.0,1406.0,0,0,0,0,0,0,0,0,0,0,0,0,0,0,0,0,0,0,0,0,0,0,1,0,0,0,0,0,0,0,0,0,0,0,0,0,0,0,0,0,Lodgepole Pine,0,1,0,0
2848.0,343.0,13.0,30.0,4.0,3257.0,194.0,220.0,165.0,2516.0,0,0,0,0,0,0,0,0,0,0,0,0,0,0,0,0,0,0,0,0,0,0,0,0,0,0,0,0,1,0,0,0,0,0,0,0,0,0,0,0,Lodgepole Pine,0,1,0,0
2781.0,6.0,23.0,153.0,36.0,1155.0,185.0,188.0,134.0,1050.0,0,0,0,0,0,0,0,0,0,0,0,0,0,0,0,0,0,0,0,0,0,0,0,0,0,0,0,0,1,0,0,0,0,0,0,0,0,0,0,0,Spruce/Fir,0,0,1,0
2801.0,146.0,18.0,60.0,3.0,4566.0,242.0,235.0,115.0,4902.0,0,0,0,0,0,0,0,0,0,0,0,0,0,0,0,0,0,0,0,0,0,0,0,0,0,0,0,0,0,1,0,0,0,0,0,0,0,0,0,0,Lodgepole Pine,0,1,0,0
2507.0,116.0,26.0,90.0,6.0,1328.0,253.0,206.0,63.0,920.0,0,0,1,0,0,0,0,0,0,0,0,0,0,0,0,0,0,0,0,0,0,0,0,0,0,0,0,0,0,0,0,0,0,0,0,0,0,0,0,0,Ponderosa Pine,0,0,1,0
2788.0,99.0,10.0,324.0,58.0,2513.0,237.0,226.0,119.0,2122.0,0,0,0,0,0,0,0,0,0,0,0,0,0,0,0,0,0,0,0,0,0,0,0,0,0,0,0,0,1,0,0,0,0,0,0,0,0,0,0,0,Ponderosa Pine,0,0,1,0
2978.0,309.0,6.0,30.0,3.0,1825.0,203.0,236.0,172.0,3583.0,0,0,0,0,0,0,0,0,0,0,0,0,0,0,0,0,0,0,0,0,0,0,0,0,0,0,0,0,1,0,0,0,0,0,0,0,0,0,0,0,Spruce/Fir,0,1,0,0
2894.0,23.0,4.0,67.0,0.0,3233.0,218.0,231.0,151.0,2014.0,0,0,0,0,0,0,0,0,0,0,0,0,0,0,0,0,0,0,0,0,0,0,0,0,0,0,0,0,1,0,0,0,0,0,0,0,0,0,0,0,Lodgepole Pine,0,1,0,0
3096.0,61.0,15.0,256.0,59.0,3369.0,231.0,207.0,105.0,2894.0,0,0,0,0,0,0,0,0,0,0,0,0,0,0,0,0,0,0,0,0,0,0,0,0,0,0,0,0,0,1,0,0,0,0,0,0,0,0,0,0,Spruce/Fir,0,1,0,0
3208.0,134.0,14.0,0.0,0.0,2372.0,242.0,232.0,117.0,2941.0,0,0,0,0,0,0,0,0,0,0,0,0,0,0,0,0,0,0,0,0,0,0,0,0,0,0,0,0,1,0,0,0,0,0,0,0,0,0,0,0,Spruce/Fir,0,1,0,0
3205.0,8.0,14.0,495.0,41.0,1992.0,203.0,212.0,145.0,2294.0,0,0,0,0,0,0,0,0,0,0,0,0,0,0,0,0,0,0,0,0,0,0,0,0,0,0,0,0,0,0,0,1,0,0,0,0,0,0,0,0,Spruce/Fir,0,0,1,0
2799.0,322.0,16.0,134.0,14.0,150.0,177.0,222.0,184.0,1209.0,0,0,0,0,0,0,0,0,0,0,0,0,0,0,0,0,0,0,0,0,0,0,0,0,0,0,0,0,1,0,0,0,0,0,0,0,0,0,0,0,Lodgepole Pine,0,1,0,0
2329.0,42.0,22.0,277.0,27.0,932.0,217.0,185.0,93.0,182.0,0,0,0,0,0,1,0,0,0,0,0,0,0,0,0,0,0,0,0,0,0,0,0,0,0,0,0,0,0,0,0,0,0,0,0,0,0,0,0,0,Ponderosa Pine,0,0,0,1
3278.0,83.0,4.0,212.0,11.0,5003.0,225.0,233.0,143.0,569.0,0,0,0,0,0,0,0,0,0,0,0,0,0,0,0,0,0,0,0,0,0,0,0,0,0,0,0,0,1,0,0,0,0,0,0,0,0,0,0,0,Lodgepole Pine,0,1,0,0
3047.0,36.0,6.0,153.0,13.0,6594.0,220.0,226.0,143.0,3371.0,0,0,0,0,0,0,0,0,0,0,0,0,0,0,0,0,0,0,0,0,0,0,0,0,0,0,0,0,1,0,0,0,0,0,0,0,0,0,0,0,Lodgepole Pine,0,1,0,0
3094.0,358.0,11.0,162.0,31.0,446.0,203.0,220.0,155.0,1351.0,0,0,0,0,0,0,0,0,0,0,0,0,0,0,0,0,0,0,0,0,0,1,0,0,0,0,0,0,0,0,0,0,0,0,0,0,0,0,0,0,Lodgepole Pine,0,1,0,0
3094.0,248.0,23.0,153.0,38.0,805.0,165.0,250.0,217.0,1524.0,0,0,0,0,0,0,0,0,0,0,0,0,0,0,0,0,0,0,0,0,0,0,0,0,0,0,0,0,1,0,0,0,0,0,0,0,0,0,0,0,Lodgepole Pine,0,0,1,0
3059.0,86.0,14.0,212.0,30.0,1260.0,239.0,216.0,105.0,2724.0,0,0,0,0,0,0,0,0,0,0,0,0,0,0,0,0,0,0,0,0,0,0,0,0,0,0,0,0,1,0,0,0,0,0,0,0,0,0,0,0,Lodgepole Pine,0,1,0,0
3059.0,297.0,14.0,30.0,11.0,1803.0,179.0,234.0,195.0,361.0,0,0,0,0,0,0,0,0,0,0,0,0,0,0,0,0,0,0,0,0,0,0,0,0,0,0,0,0,1,0,0,0,0,0,0,0,0,0,0,0,Spruce/Fir,0,0,1,0
2825.0,47.0,8.0,277.0,27.0,840.0,223.0,223.0,135.0,466.0,0,0,0,0,0,0,0,0,0,0,0,0,0,0,0,0,0,0,0,0,0,0,0,0,0,0,0,0,1,0,0,0,0,0,0,0,0,0,0,0,Lodgepole Pine,0,1,0,0
3311.0,56.0,7.0,42.0,0.0,5481.0,225.0,226.0,135.0,819.0,0,0,0,0,0,0,0,0,0,0,0,0,0,0,0,0,0,0,0,0,0,0,0,0,0,0,0,0,1,0,0,0,0,0,0,0,0,0,0,0,Spruce/Fir,0,1,0,0
3001.0,351.0,10.0,0.0,0.0,4418.0,203.0,224.0,159.0,1107.0,0,0,0,0,0,0,0,0,0,0,0,0,0,0,0,0,0,0,0,0,0,0,0,0,0,0,0,0,1,0,0,0,0,0,0,0,0,0,0,0,Spruce/Fir,0,1,0,0
2669.0,56.0,15.0,454.0,125.0,1170.0,229.0,206.0,106.0,1302.0,0,0,0,0,0,0,0,0,0,0,0,0,0,0,0,0,0,0,0,0,0,0,0,0,0,0,0,0,1,0,0,0,0,0,0,0,0,0,0,0,Lodgepole Pine,0,1,0,0
3185.0,32.0,3.0,0.0,0.0,5165.0,219.0,232.0,150.0,1919.0,0,0,0,0,0,0,0,0,0,0,0,0,0,0,0,0,0,0,0,0,0,0,1,0,0,0,0,0,0,0,0,0,0,0,0,0,0,0,0,0,Spruce/Fir,0,1,0,0
3426.0,300.0,13.0,626.0,134.0,2627.0,183.0,234.0,191.0,1357.0,0,0,0,0,0,0,0,0,0,0,0,0,0,0,0,0,0,0,0,0,0,0,0,0,0,0,0,0,0,0,0,0,0,0,0,0,0,1,0,0,Spruce/Fir,0,0,1,0
3384.0,125.0,9.0,558.0,76.0,1371.0,236.0,234.0,128.0,2742.0,0,0,0,0,0,0,0,0,0,0,0,0,0,0,0,0,0,0,0,0,0,0,0,0,0,0,0,0,1,0,0,0,0,0,0,0,0,0,0,0,Spruce/Fir,0,0,1,0
3292.0,333.0,13.0,60.0,37.0,6132.0,190.0,223.0,172.0,295.0,0,0,0,0,0,0,0,0,0,0,0,0,0,0,0,0,0,0,0,0,0,1,0,0,0,0,0,0,0,0,0,0,0,0,0,0,0,0,0,0,Spruce/Fir,0,1,0,0
3150.0,182.0,9.0,335.0,18.0,277.0,223.0,246.0,156.0,4887.0,0,0,0,0,0,0,0,0,0,0,0,0,0,0,0,0,0,0,0,0,0,1,0,0,0,0,0,0,0,0,0,0,0,0,0,0,0,0,0,0,Lodgepole Pine,1,0,0,0
2321.0,307.0,19.0,256.0,38.0,1158.0,164.0,225.0,199.0,931.0,0,0,0,0,0,0,0,0,0,0,1,0,0,0,0,0,0,0,0,0,0,0,0,0,0,0,0,0,0,0,0,0,0,0,0,0,0,0,0,0,Douglas-fir,0,0,0,1
3094.0,347.0,3.0,424.0,99.0,2718.0,213.0,234.0,159.0,1608.0,0,0,0,0,0,0,0,0,0,0,0,0,0,0,0,0,0,0,0,0,0,0,0,0,0,0,0,0,1,0,0,0,0,0,0,0,0,0,0,0,Lodgepole Pine,0,0,1,0
3111.0,72.0,12.0,210.0,68.0,5130.0,233.0,217.0,114.0,618.0,0,0,0,0,0,0,0,0,0,0,0,0,0,0,0,0,0,0,0,0,0,0,0,0,0,0,0,0,1,0,0,0,0,0,0,0,0,0,0,0,Spruce/Fir,0,1,0,0
3222.0,1.0,10.0,443.0,38.0,466.0,206.0,221.0,153.0,1033.0,0,0,0,0,0,0,0,0,0,0,0,0,0,0,0,0,0,0,0,0,0,0,1,0,0,0,0,0,0,0,0,0,0,0,0,0,0,0,0,0,Spruce/Fir,1,0,0,0
2554.0,5.0,22.0,150.0,19.0,384.0,185.0,190.0,136.0,1565.0,0,0,0,0,0,0,0,0,0,1,0,0,0,0,0,0,0,0,0,0,0,0,0,0,0,0,0,0,0,0,0,0,0,0,0,0,0,0,0,0,Lodgepole Pine,0,0,1,0
2783.0,50.0,18.0,319.0,17.0,1940.0,225.0,197.0,99.0,892.0,0,0,0,0,0,0,0,0,0,1,0,0,0,0,0,0,0,0,0,0,0,0,0,0,0,0,0,0,0,0,0,0,0,0,0,0,0,0,0,0,Lodgepole Pine,0,0,1,0
2934.0,55.0,21.0,42.0,1.0,430.0,227.0,190.0,86.0,270.0,0,0,0,0,0,0,0,0,0,0,0,0,0,0,0,0,0,0,0,0,0,0,0,0,0,0,0,0,0,0,0,0,1,0,0,0,0,0,0,0,Lodgepole Pine,0,0,1,0
3143.0,246.0,12.0,342.0,67.0,5761.0,195.0,249.0,192.0,2460.0,0,0,0,0,0,0,0,0,0,0,0,0,0,0,0,0,0,0,0,0,0,0,0,0,0,0,0,0,1,0,0,0,0,0,0,0,0,0,0,0,Lodgepole Pine,0,1,0,0
2912.0,234.0,21.0,108.0,21.0,3046.0,180.0,253.0,205.0,2072.0,0,0,0,0,0,0,0,0,0,0,0,0,1,0,0,0,0,0,0,0,0,0,0,0,0,0,0,0,0,0,0,0,0,0,0,0,0,0,0,0,Lodgepole Pine,0,0,1,0
3199.0,327.0,18.0,467.0,83.0,3753.0,172.0,216.0,182.0,1570.0,0,0,0,0,0,0,0,0,0,0,0,0,0,0,0,0,0,0,0,0,0,0,0,0,0,0,0,0,1,0,0,0,0,0,0,0,0,0,0,0,Lodgepole Pine,0,0,1,0
2803.0,132.0,13.0,150.0,51.0,459.0,241.0,233.0,120.0,2630.0,0,0,0,0,0,0,0,0,0,0,1,0,0,0,0,0,0,0,0,0,0,0,0,0,0,0,0,0,0,0,0,0,0,0,0,0,0,0,0,0,Lodgepole Pine,0,0,1,0
3014.0,303.0,15.0,108.0,7.0,3017.0,178.0,231.0,194.0,1850.0,0,0,0,0,0,0,0,0,0,0,0,0,0,0,0,0,0,0,0,0,0,0,0,1,0,0,0,0,0,0,0,0,0,0,0,0,0,0,0,0,Spruce/Fir,0,0,1,0
3158.0,106.0,9.0,30.0,5.0,4468.0,235.0,229.0,125.0,1915.0,0,0,0,0,0,0,0,0,0,0,0,0,0,0,0,0,0,0,0,0,0,0,0,0,0,0,0,0,1,0,0,0,0,0,0,0,0,0,0,0,Spruce/Fir,0,1,0,0
2788.0,126.0,8.0,450.0,58.0,2854.0,235.0,234.0,131.0,1828.0,0,0,0,0,0,0,0,0,0,0,1,0,0,0,0,0,0,0,0,0,0,0,0,0,0,0,0,0,0,0,0,0,0,0,0,0,0,0,0,0,Lodgepole Pine,0,0,1,0
3213.0,281.0,20.0,212.0,59.0,4618.0,162.0,238.0,213.0,3451.0,0,0,0,0,0,0,0,0,0,0,0,0,0,0,0,0,0,0,0,0,0,0,0,0,0,0,0,0,1,0,0,0,0,0,0,0,0,0,0,0,Spruce/Fir,0,1,0,0
3136.0,51.0,9.0,212.0,73.0,1261.0,225.0,220.0,128.0,457.0,0,0,0,0,0,0,0,0,0,0,0,0,0,0,0,0,0,0,0,0,0,1,0,0,0,0,0,0,0,0,0,0,0,0,0,0,0,0,0,0,Spruce/Fir,0,1,0,0
3168.0,331.0,8.0,582.0,111.0,3890.0,201.0,230.0,168.0,2758.0,0,0,0,0,0,0,0,0,0,0,0,0,0,0,0,0,0,0,0,0,0,0,0,0,0,0,0,0,1,0,0,0,0,0,0,0,0,0,0,0,Lodgepole Pine,0,1,0,0
2786.0,348.0,10.0,0.0,0.0,2058.0,201.0,224.0,161.0,3008.0,0,0,0,0,0,0,0,0,0,0,0,0,0,0,0,0,0,0,0,0,0,0,0,0,0,0,0,0,1,0,0,0,0,0,0,0,0,0,0,0,Lodgepole Pine,0,1,0,0
2920.0,88.0,6.0,360.0,62.0,3427.0,229.0,230.0,135.0,4470.0,0,0,0,0,0,0,0,0,0,0,0,0,0,0,0,0,0,0,0,0,0,0,0,0,0,0,0,0,1,0,0,0,0,0,0,0,0,0,0,0,Lodgepole Pine,0,1,0,0
3040.0,158.0,12.0,300.0,12.0,830.0,233.0,242.0,138.0,953.0,0,0,0,0,0,0,0,0,0,0,0,0,0,0,0,0,0,0,0,0,0,0,0,0,0,0,0,0,0,0,0,1,0,0,0,0,0,0,0,0,Spruce/Fir,0,0,1,0
2959.0,321.0,18.0,283.0,31.0,3226.0,171.0,219.0,187.0,2079.0,0,0,0,0,0,0,0,0,0,0,0,0,0,0,0,0,0,0,0,0,0,0,0,0,0,0,0,0,1,0,0,0,0,0,0,0,0,0,0,0,Spruce/Fir,0,0,1,0
3150.0,356.0,13.0,242.0,40.0,2881.0,198.0,216.0,155.0,755.0,0,0,0,0,0,0,0,0,0,0,0,0,0,0,0,0,0,0,0,0,0,0,0,0,0,0,0,0,1,0,0,0,0,0,0,0,0,0,0,0,Spruce/Fir,0,0,1,0
3116.0,189.0,25.0,108.0,32.0,2764.0,212.0,249.0,157.0,1188.0,0,0,0,0,0,0,0,0,0,0,0,0,0,0,0,0,0,0,0,0,0,0,1,0,0,0,0,0,0,0,0,0,0,0,0,0,0,0,0,0,Lodgepole Pine,0,0,1,0
3072.0,18.0,11.0,30.0,3.0,636.0,211.0,216.0,141.0,1537.0,0,0,0,0,0,0,0,0,0,0,0,0,0,0,0,0,0,0,0,0,0,0,1,0,0,0,0,0,0,0,0,0,0,0,0,0,0,0,0,0,Spruce/Fir,0,1,0,0
3330.0,297.0,14.0,242.0,83.0,1061.0,181.0,235.0,194.0,1451.0,0,0,0,0,0,0,0,0,0,0,0,0,0,0,0,0,0,0,0,0,0,1,0,0,0,0,0,0,0,0,0,0,0,0,0,0,0,0,0,0,Spruce/Fir,1,0,0,0
2601.0,327.0,14.0,67.0,14.0,2096.0,185.0,223.0,177.0,1549.0,0,0,0,0,0,0,0,0,0,1,0,0,0,0,0,0,0,0,0,0,0,0,0,0,0,0,0,0,0,0,0,0,0,0,0,0,0,0,0,0,Lodgepole Pine,0,0,1,0
3169.0,35.0,8.0,258.0,33.0,2643.0,219.0,223.0,139.0,1913.0,0,0,0,0,0,0,0,0,0,0,0,0,0,0,0,0,0,0,0,0,0,0,0,0,0,0,0,0,1,0,0,0,0,0,0,0,0,0,0,0,Spruce/Fir,0,1,0,0
3169.0,120.0,9.0,361.0,29.0,511.0,236.0,232.0,127.0,2382.0,0,0,0,0,0,0,0,0,0,0,0,0,0,0,0,0,0,0,0,0,0,1,0,0,0,0,0,0,0,0,0,0,0,0,0,0,0,0,0,0,Spruce/Fir,0,1,0,0
3138.0,331.0,5.0,150.0,9.0,2550.0,208.0,234.0,164.0,1328.0,0,0,0,0,0,0,0,0,0,0,0,0,0,0,0,0,0,0,0,0,0,0,0,0,0,0,0,0,1,0,0,0,0,0,0,0,0,0,0,0,Spruce/Fir,0,1,0,0
3244.0,169.0,11.0,366.0,51.0,4002.0,228.0,245.0,147.0,1978.0,0,0,0,0,0,0,0,0,0,0,0,0,0,0,0,0,0,0,0,0,0,0,0,0,0,0,0,0,0,0,0,0,1,0,0,0,0,0,0,0,Spruce/Fir,0,0,1,0
3004.0,249.0,15.0,655.0,13.0,5768.0,185.0,250.0,201.0,4621.0,0,0,0,0,0,0,0,0,0,0,0,0,0,0,0,0,0,0,0,0,0,0,0,0,0,0,0,0,1,0,0,0,0,0,0,0,0,0,0,0,Lodgepole Pine,0,1,0,0
2959.0,96.0,21.0,366.0,131.0,458.0,248.0,204.0,73.0,618.0,0,0,0,0,0,0,0,0,0,0,0,0,0,0,0,0,0,0,0,0,0,0,0,0,0,0,0,0,0,0,0,0,1,0,0,0,0,0,0,0,Spruce/Fir,0,0,1,0
2688.0,151.0,8.0,30.0,1.0,1136.0,231.0,240.0,141.0,2079.0,0,0,0,0,0,0,0,0,0,0,0,0,0,0,0,0,0,0,0,0,0,0,0,0,0,0,0,0,1,0,0,0,0,0,0,0,0,0,0,0,Lodgepole Pine,0,1,0,0
2810.0,61.0,17.0,404.0,119.0,404.0,231.0,202.0,98.0,2553.0,0,0,0,0,0,0,0,0,0,0,0,0,0,0,0,0,0,0,0,0,0,0,0,0,0,0,0,0,1,0,0,0,0,0,0,0,0,0,0,0,Lodgepole Pine,0,1,0,0
2563.0,320.0,11.0,390.0,93.0,841.0,191.0,229.0,178.0,808.0,0,1,0,0,0,0,0,0,0,0,0,0,0,0,0,0,0,0,0,0,0,0,0,0,0,0,0,0,0,0,0,0,0,0,0,0,0,0,0,0,Lodgepole Pine,0,0,1,0
2509.0,209.0,17.0,67.0,8.0,1342.0,206.0,253.0,179.0,1343.0,0,1,0,0,0,0,0,0,0,0,0,0,0,0,0,0,0,0,0,0,0,0,0,0,0,0,0,0,0,0,0,0,0,0,0,0,0,0,0,0,Lodgepole Pine,0,0,1,0
2921.0,3.0,21.0,190.0,29.0,153.0,187.0,195.0,141.0,201.0,0,0,0,0,0,0,0,0,0,0,0,0,0,0,0,0,0,0,0,0,0,0,0,0,0,0,0,0,1,0,0,0,0,0,0,0,0,0,0,0,Spruce/Fir,0,0,1,0
3190.0,214.0,7.0,376.0,70.0,5910.0,214.0,247.0,169.0,3090.0,0,0,0,0,0,0,0,0,0,0,0,0,0,0,0,0,0,0,0,0,0,0,0,0,0,0,0,0,1,0,0,0,0,0,0,0,0,0,0,0,Lodgepole Pine,0,1,0,0
3100.0,30.0,16.0,469.0,113.0,2666.0,213.0,203.0,121.0,2689.0,0,0,0,0,0,0,0,0,0,0,0,0,0,0,0,0,0,0,0,0,0,0,0,0,0,0,0,0,0,0,0,1,0,0,0,0,0,0,0,0,Lodgepole Pine,0,0,1,0
3123.0,304.0,13.0,42.0,0.0,3753.0,185.0,233.0,188.0,1889.0,0,0,0,0,0,0,0,0,0,0,0,0,0,0,0,0,0,0,0,0,0,0,0,1,0,0,0,0,0,0,0,0,0,0,0,0,0,0,0,0,Spruce/Fir,0,1,0,0
3247.0,87.0,19.0,0.0,0.0,1499.0,244.0,205.0,82.0,1766.0,0,0,0,0,0,0,0,0,0,0,0,0,0,0,0,0,0,0,0,0,0,0,0,0,0,0,0,0,1,0,0,0,0,0,0,0,0,0,0,0,Spruce/Fir,0,1,0,0
3139.0,39.0,12.0,420.0,70.0,4296.0,220.0,213.0,126.0,2068.0,0,0,0,0,0,0,0,0,0,0,0,0,0,0,0,0,0,0,0,0,0,0,0,0,0,0,0,0,1,0,0,0,0,0,0,0,0,0,0,0,Lodgepole Pine,0,1,0,0
3251.0,14.0,12.0,170.0,10.0,4348.0,209.0,216.0,143.0,1626.0,0,0,0,0,0,0,0,0,0,0,0,0,0,0,0,0,0,0,0,0,0,0,1,0,0,0,0,0,0,0,0,0,0,0,0,0,0,0,0,0,Spruce/Fir,0,1,0,0
3358.0,352.0,8.0,470.0,99.0,1034.0,206.0,226.0,158.0,2683.0,0,0,0,0,0,0,0,0,0,0,0,0,0,0,0,0,0,0,0,0,0,0,0,0,0,0,0,0,1,0,0,0,0,0,0,0,0,0,0,0,Spruce/Fir,0,0,1,0
2850.0,58.0,14.0,0.0,0.0,4094.0,229.0,211.0,112.0,3210.0,0,0,0,0,0,0,0,0,0,0,0,0,0,0,0,0,0,0,0,0,0,0,0,0,0,0,0,0,1,0,0,0,0,0,0,0,0,0,0,0,Lodgepole Pine,0,1,0,0
2967.0,205.0,12.0,182.0,30.0,3836.0,213.0,251.0,171.0,2173.0,0,0,0,0,0,0,0,0,0,0,0,0,0,0,0,0,0,0,0,0,0,0,0,0,0,0,0,0,1,0,0,0,0,0,0,0,0,0,0,0,Lodgepole Pine,0,1,0,0
3352.0,126.0,31.0,85.0,50.0,1915.0,253.0,202.0,51.0,768.0,0,0,0,0,0,0,0,0,0,0,0,0,0,0,0,0,0,0,0,0,0,0,0,0,0,0,0,0,0,0,0,0,0,0,0,0,0,0,0,1,Krummholz,0,0,1,0
3375.0,304.0,14.0,819.0,125.0,1075.0,182.0,233.0,191.0,2026.0,0,0,0,0,0,0,0,0,0,0,0,0,0,0,0,0,0,0,0,0,0,0,0,0,0,0,0,0,1,0,0,0,0,0,0,0,0,0,0,0,Krummholz,0,0,1,0
3256.0,105.0,5.0,604.0,108.0,769.0,228.0,234.0,140.0,1932.0,0,0,0,0,0,0,0,0,0,0,0,0,0,0,0,0,0,0,0,0,0,0,1,0,0,0,0,0,0,0,0,0,0,0,0,0,0,0,0,0,Lodgepole Pine,0,1,0,0
2434.0,321.0,19.0,127.0,4.0,972.0,167.0,218.0,189.0,1260.0,0,0,0,0,0,0,0,0,0,1,0,0,0,0,0,0,0,0,0,0,0,0,0,0,0,0,0,0,0,0,0,0,0,0,0,0,0,0,0,0,Ponderosa Pine,0,0,0,1
3235.0,311.0,20.0,297.0,84.0,2601.0,164.0,222.0,197.0,306.0,0,0,0,0,0,0,0,0,0,0,0,0,0,0,0,0,0,0,0,0,0,0,0,0,0,0,0,0,1,0,0,0,0,0,0,0,0,0,0,0,Spruce/Fir,0,0,1,0
2681.0,350.0,16.0,85.0,23.0,2016.0,188.0,210.0,159.0,2495.0,0,0,0,0,0,0,0,0,0,1,0,0,0,0,0,0,0,0,0,0,0,0,0,0,0,0,0,0,0,0,0,0,0,0,0,0,0,0,0,0,Douglas-fir,0,0,1,0
2886.0,149.0,27.0,124.0,0.0,5305.0,243.0,227.0,95.0,4356.0,0,0,0,0,0,0,0,0,0,0,0,0,0,0,0,0,0,0,0,0,0,0,0,0,0,0,0,0,1,0,0,0,0,0,0,0,0,0,0,0,Lodgepole Pine,0,1,0,0
3328.0,174.0,19.0,134.0,36.0,4520.0,228.0,246.0,142.0,3101.0,0,0,0,0,0,0,0,0,0,0,0,0,0,0,0,0,0,0,0,0,0,0,0,0,0,0,0,0,0,0,0,0,1,0,0,0,0,0,0,0,Spruce/Fir,0,0,1,0
2900.0,117.0,5.0,297.0,48.0,3293.0,229.0,235.0,139.0,2610.0,0,0,0,0,0,0,0,0,0,0,0,1,0,0,0,0,0,0,0,0,0,0,0,0,0,0,0,0,0,0,0,0,0,0,0,0,0,0,0,0,Lodgepole Pine,0,1,0,0
2886.0,134.0,16.0,150.0,37.0,2671.0,244.0,231.0,111.0,2028.0,0,0,0,0,0,0,0,0,0,0,0,0,0,0,0,0,0,0,0,0,0,0,0,0,0,0,0,0,1,0,0,0,0,0,0,0,0,0,0,0,Lodgepole Pine,0,1,0,0
3307.0,287.0,10.0,182.0,39.0,3407.0,193.0,240.0,187.0,1590.0,0,0,0,0,0,0,0,0,0,0,0,0,0,0,0,0,0,0,0,0,0,0,0,0,0,0,0,0,0,0,0,0,0,0,0,0,0,1,0,0,Spruce/Fir,0,1,0,0
3187.0,154.0,15.0,108.0,16.0,3823.0,237.0,240.0,129.0,1864.0,0,0,0,0,0,0,0,0,0,0,0,0,0,0,0,0,0,0,0,0,0,0,0,0,0,0,0,0,1,0,0,0,0,0,0,0,0,0,0,0,Lodgepole Pine,0,0,1,0
2550.0,134.0,21.0,150.0,28.0,1140.0,248.0,226.0,96.0,1725.0,0,0,0,0,0,0,0,0,0,0,0,0,0,0,0,0,0,0,0,0,0,0,0,0,0,0,0,0,1,0,0,0,0,0,0,0,0,0,0,0,Ponderosa Pine,0,0,1,0
2861.0,349.0,20.0,85.0,12.0,2489.0,180.0,204.0,159.0,1063.0,0,0,0,0,0,0,0,0,0,0,0,0,0,0,0,0,0,0,0,0,0,0,0,0,0,0,0,0,1,0,0,0,0,0,0,0,0,0,0,0,Lodgepole Pine,0,0,1,0
2302.0,279.0,11.0,134.0,58.0,977.0,191.0,242.0,191.0,1248.0,0,0,0,0,0,0,0,0,0,1,0,0,0,0,0,0,0,0,0,0,0,0,0,0,0,0,0,0,0,0,0,0,0,0,0,0,0,0,0,0,Douglas-fir,0,0,0,1
3048.0,322.0,5.0,255.0,26.0,2171.0,206.0,234.0,167.0,1356.0,0,0,0,0,0,0,0,0,0,0,0,0,0,0,0,0,0,0,0,0,0,0,1,0,0,0,0,0,0,0,0,0,0,0,0,0,0,0,0,0,Spruce/Fir,0,1,0,0
3144.0,315.0,5.0,390.0,48.0,1785.0,206.0,236.0,168.0,2666.0,0,0,0,0,0,0,0,0,0,0,0,0,0,0,0,0,0,0,0,0,0,0,0,0,0,0,0,0,1,0,0,0,0,0,0,0,0,0,0,0,Lodgepole Pine,0,0,1,0
3094.0,39.0,6.0,182.0,13.0,1510.0,220.0,227.0,142.0,2977.0,0,0,0,0,0,0,0,0,0,0,0,0,0,0,0,0,0,0,0,0,0,0,0,0,0,0,0,0,0,0,1,0,0,0,0,0,0,0,0,0,Spruce/Fir,0,0,1,0
3027.0,7.0,22.0,270.0,168.0,698.0,188.0,191.0,134.0,3114.0,0,0,0,0,0,0,0,0,0,0,0,0,0,0,0,0,0,0,0,0,0,0,0,1,0,0,0,0,0,0,0,0,0,0,0,0,0,0,0,0,Lodgepole Pine,0,0,1,0
2665.0,64.0,26.0,192.0,59.0,2318.0,233.0,177.0,60.0,789.0,0,0,0,0,0,0,0,0,0,1,0,0,0,0,0,0,0,0,0,0,0,0,0,0,0,0,0,0,0,0,0,0,0,0,0,0,0,0,0,0,Lodgepole Pine,0,0,1,0
3080.0,104.0,8.0,324.0,14.0,1489.0,234.0,230.0,129.0,1485.0,0,0,0,0,0,0,0,0,0,0,0,0,0,0,0,0,0,0,0,0,0,0,0,0,0,0,0,0,1,0,0,0,0,0,0,0,0,0,0,0,Spruce/Fir,0,1,0,0
3053.0,76.0,10.0,124.0,18.0,4786.0,232.0,222.0,121.0,603.0,0,0,0,0,0,0,0,0,0,0,0,0,0,0,0,0,0,0,0,0,0,0,0,0,0,0,0,0,0,1,0,0,0,0,0,0,0,0,0,0,Spruce/Fir,0,1,0,0
3012.0,19.0,16.0,342.0,153.0,1338.0,206.0,203.0,131.0,3355.0,0,0,0,0,0,0,0,0,0,0,0,0,0,0,0,0,0,0,0,0,0,0,0,1,0,0,0,0,0,0,0,0,0,0,0,0,0,0,0,0,Spruce/Fir,0,0,1,0
2949.0,228.0,19.0,433.0,40.0,5766.0,188.0,254.0,198.0,3416.0,0,0,0,0,0,0,0,0,0,0,0,0,0,0,0,0,0,0,0,0,0,0,0,0,0,0,0,0,1,0,0,0,0,0,0,0,0,0,0,0,Lodgepole Pine,0,1,0,0
2952.0,257.0,13.0,402.0,46.0,5560.0,188.0,248.0,197.0,4959.0,0,0,0,0,0,0,0,0,0,0,0,0,0,0,0,0,0,0,0,0,0,0,0,0,0,0,0,0,1,0,0,0,0,0,0,0,0,0,0,0,Lodgepole Pine,0,1,0,0
3107.0,325.0,9.0,570.0,53.0,2496.0,197.0,230.0,172.0,2101.0,0,0,0,0,0,0,0,0,0,0,0,0,0,0,0,0,0,0,0,0,0,0,0,0,0,0,0,0,1,0,0,0,0,0,0,0,0,0,0,0,Lodgepole Pine,0,0,1,0
3381.0,354.0,14.0,108.0,22.0,5161.0,196.0,215.0,156.0,3570.0,0,0,0,0,0,0,0,0,0,0,0,0,0,0,0,0,0,0,0,0,0,0,0,0,0,0,0,0,1,0,0,0,0,0,0,0,0,0,0,0,Krummholz,0,0,1,0
2835.0,59.0,11.0,573.0,105.0,2896.0,228.0,216.0,119.0,1739.0,0,0,0,0,0,0,0,0,0,1,0,0,0,0,0,0,0,0,0,0,0,0,0,0,0,0,0,0,0,0,0,0,0,0,0,0,0,0,0,0,Lodgepole Pine,0,0,1,0
3272.0,333.0,15.0,484.0,140.0,3728.0,184.0,220.0,174.0,2026.0,0,0,0,0,0,0,0,0,0,0,0,0,0,0,0,0,0,0,0,0,0,0,0,0,0,0,0,0,0,0,1,0,0,0,0,0,0,0,0,0,Spruce/Fir,0,0,1,0
2895.0,11.0,14.0,218.0,40.0,2730.0,204.0,211.0,142.0,2646.0,0,0,0,0,0,0,0,0,0,0,0,0,0,0,0,0,0,0,0,0,0,0,0,0,0,0,0,0,1,0,0,0,0,0,0,0,0,0,0,0,Lodgepole Pine,0,1,0,0
3263.0,223.0,21.0,382.0,30.0,2190.0,189.0,254.0,196.0,1110.0,0,0,0,0,0,0,0,0,0,0,0,0,0,0,0,0,0,0,0,0,0,0,0,0,0,0,0,0,1,0,0,0,0,0,0,0,0,0,0,0,Lodgepole Pine,0,1,0,0
3413.0,0.0,14.0,339.0,81.0,3788.0,198.0,212.0,151.0,3314.0,0,0,0,0,0,0,0,0,0,0,0,0,0,0,0,0,0,0,0,0,0,0,0,0,0,0,0,0,0,0,0,0,0,0,0,0,0,0,0,1,Krummholz,0,0,1,0
3291.0,351.0,22.0,277.0,57.0,4481.0,174.0,196.0,156.0,1283.0,0,0,0,0,0,0,0,0,0,0,0,0,0,0,0,0,0,0,0,0,0,0,0,0,0,0,0,0,0,0,0,0,0,0,0,0,0,0,1,0,Spruce/Fir,0,0,1,0
3294.0,16.0,12.0,384.0,96.0,1233.0,209.0,214.0,140.0,1786.0,0,0,0,0,0,0,0,0,0,0,0,0,0,0,0,0,0,0,0,0,0,1,0,0,0,0,0,0,0,0,0,0,0,0,0,0,0,0,0,0,Spruce/Fir,0,1,0,0
3125.0,43.0,10.0,268.0,25.0,2388.0,222.0,218.0,130.0,1544.0,0,0,0,0,0,0,0,0,0,0,0,0,0,0,0,0,0,0,0,0,0,0,0,0,0,0,0,0,1,0,0,0,0,0,0,0,0,0,0,0,Spruce/Fir,0,1,0,0
2895.0,45.0,6.0,524.0,82.0,3520.0,222.0,227.0,140.0,2995.0,0,0,0,0,0,0,0,0,0,0,0,1,0,0,0,0,0,0,0,0,0,0,0,0,0,0,0,0,0,0,0,0,0,0,0,0,0,0,0,0,Lodgepole Pine,0,1,0,0
3141.0,349.0,1.0,255.0,7.0,2589.0,216.0,236.0,157.0,1425.0,0,0,0,0,0,0,0,0,0,0,0,0,0,0,0,0,0,0,0,0,0,0,0,0,0,0,0,0,1,0,0,0,0,0,0,0,0,0,0,0,Spruce/Fir,0,1,0,0
3070.0,127.0,27.0,127.0,40.0,2567.0,253.0,210.0,66.0,3120.0,0,0,0,0,0,0,0,0,0,0,0,0,0,0,0,0,0,0,0,0,0,0,0,0,0,0,0,0,1,0,0,0,0,0,0,0,0,0,0,0,Spruce/Fir,0,1,0,0
2872.0,238.0,20.0,283.0,148.0,2755.0,180.0,253.0,206.0,1074.0,0,0,0,1,0,0,0,0,0,0,0,0,0,0,0,0,0,0,0,0,0,0,0,0,0,0,0,0,0,0,0,0,0,0,0,0,0,0,0,0,Lodgepole Pine,0,0,1,0
2711.0,17.0,16.0,240.0,54.0,1740.0,205.0,205.0,133.0,2136.0,0,0,0,0,0,0,0,0,0,1,0,0,0,0,0,0,0,0,0,0,0,0,0,0,0,0,0,0,0,0,0,0,0,0,0,0,0,0,0,0,Lodgepole Pine,0,0,1,0
3128.0,234.0,4.0,67.0,13.0,1410.0,212.0,244.0,169.0,811.0,0,0,0,0,0,0,0,0,0,0,0,0,0,0,0,0,0,0,0,0,0,0,0,0,0,0,0,0,1,0,0,0,0,0,0,0,0,0,0,0,Spruce/Fir,0,0,1,0
2283.0,51.0,18.0,95.0,16.0,180.0,226.0,197.0,99.0,994.0,0,0,0,0,0,0,0,0,0,1,0,0,0,0,0,0,0,0,0,0,0,0,0,0,0,0,0,0,0,0,0,0,0,0,0,0,0,0,0,0,Douglas-fir,0,0,0,1
2949.0,11.0,20.0,351.0,96.0,3026.0,195.0,196.0,133.0,1719.0,0,0,0,0,0,0,0,0,0,1,0,0,0,0,0,0,0,0,0,0,0,0,0,0,0,0,0,0,0,0,0,0,0,0,0,0,0,0,0,0,Lodgepole Pine,0,0,1,0
2887.0,172.0,11.0,212.0,1.0,1762.0,228.0,245.0,148.0,1514.0,0,0,0,0,0,0,0,0,0,0,0,0,0,0,0,0,0,0,0,0,0,0,0,0,0,0,0,0,0,0,0,0,1,0,0,0,0,0,0,0,Lodgepole Pine,0,0,1,0
2783.0,47.0,13.0,0.0,0.0,1902.0,224.0,212.0,120.0,1797.0,0,0,0,0,0,0,0,0,0,0,0,0,0,0,0,0,0,0,0,0,0,0,0,0,0,0,0,0,1,0,0,0,0,0,0,0,0,0,0,0,Spruce/Fir,0,0,1,0
2392.0,79.0,11.0,0.0,0.0,693.0,235.0,220.0,115.0,1091.0,0,0,0,0,0,0,0,0,0,0,0,0,0,0,0,1,0,0,0,0,0,0,0,0,0,0,0,0,0,0,0,0,0,0,0,0,0,0,0,0,Douglas-fir,0,0,1,0
2493.0,115.0,22.0,277.0,28.0,488.0,252.0,212.0,76.0,983.0,0,0,0,0,0,0,0,0,0,0,0,0,0,0,0,0,0,0,0,0,0,0,0,0,0,0,0,0,1,0,0,0,0,0,0,0,0,0,0,0,Ponderosa Pine,0,0,1,0
3208.0,82.0,16.0,85.0,23.0,4327.0,240.0,211.0,96.0,3478.0,0,0,0,0,0,0,0,0,0,0,0,0,0,0,0,0,0,0,0,0,0,0,0,0,0,0,0,0,1,0,0,0,0,0,0,0,0,0,0,0,Spruce/Fir,0,0,1,0
2700.0,106.0,17.0,95.0,26.0,1531.0,247.0,217.0,93.0,787.0,0,0,0,0,0,0,0,0,0,0,0,0,0,0,0,0,0,0,0,0,0,0,0,0,0,0,0,0,0,1,0,0,0,0,0,0,0,0,0,0,Aspen,0,1,0,0
2902.0,108.0,6.0,67.0,3.0,920.0,231.0,233.0,136.0,2848.0,0,0,0,0,0,0,0,0,0,0,0,0,0,0,0,0,0,0,0,0,0,0,0,0,0,0,0,0,1,0,0,0,0,0,0,0,0,0,0,0,Spruce/Fir,0,1,0,0
3257.0,302.0,9.0,767.0,109.0,6161.0,195.0,236.0,181.0,2400.0,0,0,0,0,0,0,0,0,0,0,0,0,0,0,0,0,0,0,0,0,0,0,0,0,0,0,0,0,1,0,0,0,0,0,0,0,0,0,0,0,Lodgepole Pine,0,1,0,0
2981.0,81.0,11.0,134.0,24.0,2499.0,235.0,221.0,117.0,1761.0,0,0,0,0,0,0,0,0,0,0,0,0,0,0,0,0,0,0,0,0,0,0,0,0,0,0,0,0,0,0,0,1,0,0,0,0,0,0,0,0,Lodgepole Pine,0,0,1,0
3206.0,331.0,15.0,418.0,2.0,3833.0,182.0,219.0,176.0,1507.0,0,0,0,0,0,0,0,0,0,0,0,0,0,0,0,0,0,0,0,0,0,1,0,0,0,0,0,0,0,0,0,0,0,0,0,0,0,0,0,0,Spruce/Fir,0,0,1,0
3100.0,344.0,4.0,175.0,12.0,4621.0,211.0,233.0,160.0,2460.0,0,0,0,0,0,0,0,0,0,0,0,0,0,0,0,0,0,0,0,0,0,0,0,0,0,0,0,0,1,0,0,0,0,0,0,0,0,0,0,0,Spruce/Fir,0,1,0,0
2919.0,80.0,22.0,120.0,33.0,5839.0,243.0,195.0,71.0,4714.0,0,0,0,0,0,0,0,0,0,0,0,0,0,0,0,0,0,0,0,0,0,0,0,0,0,0,0,0,1,0,0,0,0,0,0,0,0,0,0,0,Lodgepole Pine,0,1,0,0
3083.0,70.0,8.0,339.0,46.0,1531.0,229.0,225.0,129.0,2799.0,0,0,0,0,0,0,0,0,0,0,0,0,0,0,0,0,0,0,0,0,0,0,0,0,0,0,0,0,1,0,0,0,0,0,0,0,0,0,0,0,Spruce/Fir,0,1,0,0
3175.0,153.0,11.0,351.0,66.0,2898.0,233.0,241.0,138.0,3377.0,0,0,0,0,0,0,0,0,0,0,0,0,0,0,0,0,0,0,0,0,0,0,0,0,0,0,0,0,1,0,0,0,0,0,0,0,0,0,0,0,Spruce/Fir,0,1,0,0
3041.0,195.0,15.0,295.0,42.0,2016.0,216.0,251.0,165.0,3939.0,0,0,0,0,0,0,0,0,0,0,0,0,0,0,0,0,0,0,0,0,0,0,0,0,0,0,0,0,1,0,0,0,0,0,0,0,0,0,0,0,Spruce/Fir,0,1,0,0
3105.0,69.0,14.0,30.0,6.0,4110.0,234.0,212.0,107.0,1986.0,0,0,0,0,0,0,0,0,0,0,0,0,0,0,0,0,0,0,0,0,0,0,0,0,0,0,0,0,1,0,0,0,0,0,0,0,0,0,0,0,Spruce/Fir,0,1,0,0
3270.0,217.0,17.0,361.0,37.0,2197.0,201.0,254.0,185.0,1134.0,0,0,0,0,0,0,0,0,0,0,0,0,0,0,0,0,0,0,0,0,0,0,0,0,0,0,0,0,1,0,0,0,0,0,0,0,0,0,0,0,Lodgepole Pine,0,1,0,0
3156.0,80.0,12.0,300.0,67.0,1154.0,236.0,219.0,113.0,1173.0,0,0,0,0,0,0,0,0,0,0,0,0,0,0,0,0,0,0,0,1,0,0,0,0,0,0,0,0,0,0,0,0,0,0,0,0,0,0,0,0,Spruce/Fir,0,1,0,0
2919.0,302.0,4.0,256.0,6.0,5182.0,207.0,238.0,169.0,2244.0,0,0,0,0,0,0,0,0,0,0,0,0,0,0,0,1,0,0,0,0,0,0,0,0,0,0,0,0,0,0,0,0,0,0,0,0,0,0,0,0,Lodgepole Pine,0,1,0,0
3098.0,68.0,18.0,242.0,61.0,2642.0,236.0,200.0,89.0,1120.0,0,0,0,0,0,0,0,0,0,0,0,0,0,0,0,0,0,0,0,0,0,0,0,0,0,0,0,0,0,0,0,0,1,0,0,0,0,0,0,0,Spruce/Fir,0,0,1,0
3045.0,257.0,9.0,30.0,5.0,3084.0,200.0,246.0,185.0,1384.0,0,0,0,0,0,0,0,0,0,0,0,0,0,0,0,0,0,0,0,1,0,0,0,0,0,0,0,0,0,0,0,0,0,0,0,0,0,0,0,0,Spruce/Fir,0,0,1,0
2998.0,164.0,16.0,702.0,113.0,2882.0,233.0,243.0,136.0,1897.0,0,0,0,0,0,0,0,0,0,0,0,0,0,0,0,0,0,0,0,0,0,0,0,0,0,0,0,0,0,0,0,0,1,0,0,0,0,0,0,0,Lodgepole Pine,0,0,1,0
3008.0,38.0,11.0,150.0,13.0,4262.0,220.0,215.0,128.0,2312.0,0,0,0,0,0,0,0,0,0,0,0,0,0,0,0,0,0,0,0,0,0,0,0,0,0,0,0,0,1,0,0,0,0,0,0,0,0,0,0,0,Lodgepole Pine,0,1,0,0
3064.0,52.0,13.0,30.0,11.0,4986.0,226.0,211.0,115.0,738.0,0,0,0,0,0,0,0,0,0,0,0,0,0,0,0,0,0,0,0,0,0,0,0,0,0,0,0,0,0,1,0,0,0,0,0,0,0,0,0,0,Spruce/Fir,0,1,0,0
2630.0,32.0,7.0,361.0,18.0,3113.0,219.0,224.0,142.0,2852.0,0,0,0,0,0,0,0,0,0,0,1,0,0,0,0,0,0,0,0,0,0,0,0,0,0,0,0,0,0,0,0,0,0,0,0,0,0,0,0,0,Spruce/Fir,0,0,1,0
2998.0,154.0,11.0,270.0,19.0,1800.0,234.0,241.0,137.0,1357.0,0,0,0,0,0,0,0,0,0,0,0,0,0,0,0,0,0,0,0,0,0,0,1,0,0,0,0,0,0,0,0,0,0,0,0,0,0,0,0,0,Spruce/Fir,0,1,0,0
2988.0,112.0,23.0,67.0,26.0,949.0,252.0,209.0,73.0,242.0,0,0,0,0,0,0,0,0,0,0,0,0,0,0,0,0,0,0,0,0,0,0,0,0,0,0,0,0,1,0,0,0,0,0,0,0,0,0,0,0,Lodgepole Pine,0,0,1,0
3221.0,97.0,23.0,124.0,55.0,1463.0,250.0,201.0,68.0,1385.0,0,0,0,0,0,0,0,0,0,0,0,0,0,0,0,0,0,0,0,0,0,0,0,0,0,0,0,0,1,0,0,0,0,0,0,0,0,0,0,0,Lodgepole Pine,0,1,0,0
2984.0,310.0,11.0,108.0,18.0,3217.0,191.0,233.0,182.0,1999.0,0,0,0,0,0,0,0,0,0,0,0,0,0,0,0,0,0,0,0,0,0,0,0,0,0,0,0,0,1,0,0,0,0,0,0,0,0,0,0,0,Lodgepole Pine,0,1,0,0
2770.0,102.0,12.0,42.0,6.0,845.0,240.0,224.0,111.0,2190.0,0,0,0,0,0,0,0,0,0,0,1,0,0,0,0,0,0,0,0,0,0,0,0,0,0,0,0,0,0,0,0,0,0,0,0,0,0,0,0,0,Lodgepole Pine,0,0,1,0
2300.0,153.0,16.0,85.0,21.0,150.0,237.0,239.0,127.0,330.0,0,0,0,0,0,0,0,0,0,0,1,0,0,0,0,0,0,0,0,0,0,0,0,0,0,0,0,0,0,0,0,0,0,0,0,0,0,0,0,0,Ponderosa Pine,0,0,0,1
3161.0,331.0,8.0,30.0,1.0,1385.0,201.0,230.0,168.0,1087.0,0,0,0,0,0,0,0,0,0,0,0,0,0,0,0,0,0,0,0,0,0,0,0,1,0,0,0,0,0,0,0,0,0,0,0,0,0,0,0,0,Spruce/Fir,1,0,0,0
2780.0,341.0,9.0,120.0,23.0,1572.0,201.0,226.0,165.0,2200.0,0,0,0,0,0,0,0,0,0,0,0,0,0,0,0,0,0,0,0,0,0,0,0,0,0,0,0,0,0,0,1,0,0,0,0,0,0,0,0,0,Lodgepole Pine,0,0,1,0
3141.0,88.0,15.0,124.0,8.0,2993.0,241.0,214.0,99.0,3035.0,0,0,0,0,0,0,0,0,0,0,0,0,0,0,0,0,0,0,0,0,0,0,0,1,0,0,0,0,0,0,0,0,0,0,0,0,0,0,0,0,Lodgepole Pine,0,0,1,0
3056.0,115.0,5.0,212.0,10.0,2941.0,229.0,235.0,140.0,799.0,0,0,0,0,0,0,0,0,0,0,0,0,0,0,0,0,0,0,0,0,0,0,1,0,0,0,0,0,0,0,0,0,0,0,0,0,0,0,0,0,Lodgepole Pine,0,1,0,0
3038.0,185.0,14.0,108.0,12.0,1939.0,222.0,249.0,157.0,1602.0,0,0,0,0,0,0,0,0,0,0,0,0,0,0,0,0,0,0,0,0,0,0,1,0,0,0,0,0,0,0,0,0,0,0,0,0,0,0,0,0,Lodgepole Pine,0,0,1,0
2617.0,51.0,15.0,60.0,14.0,1527.0,226.0,207.0,111.0,1034.0,0,0,0,0,0,0,0,0,0,0,0,0,0,0,0,0,0,0,0,0,0,0,0,1,0,0,0,0,0,0,0,0,0,0,0,0,0,0,0,0,Lodgepole Pine,0,0,1,0
2921.0,339.0,7.0,0.0,0.0,1783.0,206.0,231.0,163.0,700.0,0,0,0,0,0,0,0,0,0,0,0,0,0,0,0,0,0,0,0,0,0,0,1,0,0,0,0,0,0,0,0,0,0,0,0,0,0,0,0,0,Lodgepole Pine,0,0,1,0
3190.0,358.0,13.0,552.0,57.0,4287.0,199.0,215.0,153.0,3355.0,0,0,0,0,0,0,0,0,0,0,0,0,0,0,0,0,0,0,0,0,0,0,1,0,0,0,0,0,0,0,0,0,0,0,0,0,0,0,0,0,Spruce/Fir,0,1,0,0
3190.0,61.0,11.0,691.0,85.0,990.0,229.0,217.0,120.0,1911.0,0,0,0,0,0,0,0,0,0,0,0,0,0,0,0,0,0,0,0,0,0,0,0,0,0,0,0,0,1,0,0,0,0,0,0,0,0,0,0,0,Lodgepole Pine,0,1,0,0
2759.0,339.0,12.0,228.0,4.0,933.0,195.0,223.0,167.0,1087.0,0,0,0,0,0,0,0,0,0,0,0,0,0,0,0,0,0,0,0,0,0,0,0,0,0,0,0,0,0,0,1,0,0,0,0,0,0,0,0,0,Lodgepole Pine,0,0,1,0
3318.0,54.0,4.0,816.0,45.0,914.0,222.0,230.0,143.0,1006.0,0,0,0,0,0,0,0,0,0,0,0,0,0,0,0,0,0,0,0,0,0,0,1,0,0,0,0,0,0,0,0,0,0,0,0,0,0,0,0,0,Spruce/Fir,1,0,0,0
2442.0,43.0,23.0,90.0,5.0,751.0,218.0,184.0,90.0,1123.0,0,0,0,1,0,0,0,0,0,0,0,0,0,0,0,0,0,0,0,0,0,0,0,0,0,0,0,0,0,0,0,0,0,0,0,0,0,0,0,0,Douglas-fir,0,0,1,0
3161.0,252.0,7.0,342.0,47.0,870.0,205.0,245.0,178.0,1240.0,0,0,0,0,0,0,0,0,0,0,0,0,0,0,0,0,0,0,0,0,0,0,1,0,0,0,0,0,0,0,0,0,0,0,0,0,0,0,0,0,Lodgepole Pine,0,0,1,0
3230.0,339.0,16.0,295.0,16.0,1578.0,184.0,215.0,169.0,537.0,0,0,0,0,0,0,0,0,0,0,0,0,0,0,0,0,0,0,0,0,0,0,0,0,0,0,0,0,0,0,1,0,0,0,0,0,0,0,0,0,Spruce/Fir,0,0,1,0
3065.0,283.0,3.0,0.0,0.0,2026.0,211.0,239.0,167.0,1395.0,0,0,0,0,0,0,0,0,0,0,0,0,0,0,0,0,0,0,0,0,0,0,0,0,0,0,0,0,1,0,0,0,0,0,0,0,0,0,0,0,Lodgepole Pine,0,0,1,0
2766.0,115.0,16.0,124.0,31.0,1441.0,246.0,222.0,100.0,2376.0,0,0,0,0,0,0,0,0,0,0,0,0,0,0,0,0,0,0,0,0,0,0,0,0,0,0,0,0,1,0,0,0,0,0,0,0,0,0,0,0,Lodgepole Pine,0,1,0,0
3103.0,130.0,20.0,558.0,58.0,1798.0,248.0,225.0,96.0,849.0,0,0,0,0,0,0,0,0,0,0,0,0,1,0,0,0,0,0,0,0,0,0,0,0,0,0,0,0,0,0,0,0,0,0,0,0,0,0,0,0,Lodgepole Pine,0,0,1,0
2943.0,89.0,22.0,30.0,14.0,2250.0,247.0,198.0,68.0,2802.0,0,0,0,0,0,0,0,0,0,0,0,0,0,0,0,0,0,0,0,0,0,0,0,0,0,0,0,0,0,0,0,0,1,0,0,0,0,0,0,0,Spruce/Fir,0,0,1,0
2987.0,145.0,11.0,108.0,18.0,5060.0,236.0,238.0,131.0,722.0,0,0,0,0,0,0,0,0,0,0,0,0,0,0,0,0,0,0,0,0,0,0,0,0,0,0,0,0,0,1,0,0,0,0,0,0,0,0,0,0,Lodgepole Pine,0,1,0,0
3258.0,149.0,14.0,162.0,25.0,1852.0,238.0,238.0,127.0,1549.0,0,0,0,0,0,0,0,0,0,0,0,0,0,0,0,0,0,0,0,0,0,0,0,0,0,0,0,0,1,0,0,0,0,0,0,0,0,0,0,0,Lodgepole Pine,0,1,0,0
3032.0,345.0,16.0,67.0,11.0,2259.0,186.0,212.0,164.0,1761.0,0,0,0,0,0,0,0,0,0,0,0,0,0,0,0,0,0,0,0,0,0,0,0,0,0,0,0,0,1,0,0,0,0,0,0,0,0,0,0,0,Lodgepole Pine,0,0,1,0
2981.0,313.0,15.0,170.0,36.0,3978.0,177.0,227.0,190.0,1259.0,0,0,0,0,0,0,0,0,0,0,0,0,0,0,0,0,0,0,0,0,0,0,0,0,0,0,0,0,1,0,0,0,0,0,0,0,0,0,0,0,Spruce/Fir,0,1,0,0
3104.0,127.0,7.0,384.0,43.0,1612.0,232.0,236.0,136.0,679.0,0,0,0,0,0,0,0,0,0,0,0,0,0,0,0,0,0,0,0,0,0,0,0,0,0,0,0,0,0,0,0,1,0,0,0,0,0,0,0,0,Lodgepole Pine,0,0,1,0
2998.0,60.0,15.0,124.0,31.0,182.0,231.0,207.0,104.0,514.0,0,0,0,0,0,0,0,0,0,0,0,0,0,0,0,0,0,0,0,0,0,0,0,0,0,0,0,0,0,0,1,0,0,0,0,0,0,0,0,0,Lodgepole Pine,0,0,1,0
3316.0,232.0,18.0,570.0,140.0,3349.0,187.0,253.0,199.0,2822.0,0,0,0,0,0,0,0,0,0,0,0,0,0,0,0,0,0,0,0,0,0,0,0,0,0,0,0,0,1,0,0,0,0,0,0,0,0,0,0,0,Spruce/Fir,0,1,0,0
3379.0,164.0,13.0,376.0,28.0,2338.0,231.0,244.0,141.0,497.0,0,0,0,0,0,0,0,0,0,0,0,0,0,0,0,0,0,0,0,0,0,0,0,0,0,0,0,0,0,0,0,0,0,0,0,0,0,1,0,0,Krummholz,0,0,1,0
3084.0,309.0,3.0,67.0,0.0,3870.0,210.0,237.0,165.0,1974.0,0,0,0,0,0,0,0,0,0,0,0,0,0,0,0,0,0,0,0,0,0,0,1,0,0,0,0,0,0,0,0,0,0,0,0,0,0,0,0,0,Spruce/Fir,0,1,0,0
3362.0,139.0,11.0,488.0,77.0,1885.0,236.0,237.0,130.0,1798.0,0,0,0,0,0,0,0,0,0,0,0,0,0,0,0,0,0,0,0,0,0,0,0,0,0,0,0,0,0,0,0,0,0,0,0,0,0,1,0,0,Spruce/Fir,0,1,0,0
2825.0,9.0,7.0,0.0,0.0,2230.0,212.0,225.0,151.0,2512.0,0,0,0,0,0,0,0,0,0,0,0,0,0,0,0,0,0,0,0,0,0,0,0,0,0,0,0,0,1,0,0,0,0,0,0,0,0,0,0,0,Lodgepole Pine,0,1,0,0
3200.0,133.0,20.0,277.0,23.0,3227.0,248.0,226.0,96.0,2818.0,0,0,0,0,0,0,0,0,0,0,0,0,0,0,0,0,0,0,0,0,0,0,0,0,0,0,0,0,1,0,0,0,0,0,0,0,0,0,0,0,Spruce/Fir,0,1,0,0
3005.0,22.0,15.0,210.0,44.0,1290.0,210.0,208.0,131.0,960.0,0,0,0,0,0,0,0,0,0,0,0,0,0,0,0,0,0,0,0,0,0,0,0,1,0,0,0,0,0,0,0,0,0,0,0,0,0,0,0,0,Spruce/Fir,0,0,1,0
3238.0,127.0,28.0,404.0,126.0,3448.0,252.0,209.0,65.0,408.0,0,0,0,0,0,0,0,0,0,0,0,0,0,0,0,0,0,0,0,0,0,0,0,0,0,0,0,0,1,0,0,0,0,0,0,0,0,0,0,0,Spruce/Fir,0,0,1,0
3160.0,15.0,10.0,446.0,56.0,1036.0,211.0,219.0,144.0,2477.0,0,0,0,0,0,0,0,0,0,0,0,0,0,0,0,0,0,0,0,0,0,0,0,0,0,0,0,0,1,0,0,0,0,0,0,0,0,0,0,0,Lodgepole Pine,0,0,1,0
2900.0,91.0,21.0,0.0,0.0,256.0,247.0,201.0,73.0,1199.0,0,0,0,0,0,0,0,0,0,0,0,0,0,0,0,0,0,0,0,0,0,0,0,0,0,0,0,0,1,0,0,0,0,0,0,0,0,0,0,0,Spruce/Fir,0,1,0,0
3054.0,85.0,18.0,42.0,5.0,4956.0,243.0,208.0,88.0,210.0,0,0,0,0,0,0,0,0,0,0,0,0,0,0,0,0,0,0,0,0,0,0,0,0,0,0,0,0,1,0,0,0,0,0,0,0,0,0,0,0,Spruce/Fir,0,1,0,0
2557.0,91.0,18.0,258.0,33.0,1183.0,245.0,208.0,85.0,1184.0,0,0,0,0,0,0,0,0,0,0,0,0,0,0,0,0,0,0,0,0,0,0,0,0,0,0,0,0,1,0,0,0,0,0,0,0,0,0,0,0,Ponderosa Pine,0,0,1,0
2913.0,333.0,5.0,270.0,49.0,2006.0,208.0,233.0,164.0,900.0,0,0,0,0,0,0,0,0,0,0,0,0,0,0,0,0,0,0,0,0,0,0,0,0,0,0,0,0,0,0,1,0,0,0,0,0,0,0,0,0,Lodgepole Pine,0,0,1,0
3034.0,90.0,16.0,360.0,110.0,4380.0,243.0,213.0,96.0,2210.0,0,0,0,0,0,0,0,0,0,0,0,0,0,0,0,0,0,0,0,0,0,0,0,0,0,0,0,0,1,0,0,0,0,0,0,0,0,0,0,0,Lodgepole Pine,0,1,0,0
3062.0,145.0,11.0,90.0,7.0,870.0,236.0,238.0,132.0,1490.0,0,0,0,0,0,0,0,0,0,0,0,0,0,0,0,0,0,0,0,0,0,0,0,0,0,0,0,0,0,0,0,1,0,0,0,0,0,0,0,0,Lodgepole Pine,0,0,1,0
2568.0,339.0,15.0,124.0,26.0,607.0,185.0,216.0,169.0,1950.0,0,0,0,0,0,0,0,0,0,0,0,0,0,0,0,0,0,0,0,0,0,0,0,0,0,0,0,0,1,0,0,0,0,0,0,0,0,0,0,0,Lodgepole Pine,0,1,0,0
2774.0,98.0,23.0,366.0,141.0,2415.0,250.0,200.0,65.0,2166.0,0,0,0,0,0,0,0,0,0,1,0,0,0,0,0,0,0,0,0,0,0,0,0,0,0,0,0,0,0,0,0,0,0,0,0,0,0,0,0,0,Ponderosa Pine,0,0,1,0
3342.0,221.0,18.0,391.0,125.0,3284.0,195.0,254.0,191.0,577.0,0,0,0,0,0,0,0,0,0,0,0,0,0,0,0,0,0,0,0,0,0,0,0,0,0,0,0,0,0,0,1,0,0,0,0,0,0,0,0,0,Spruce/Fir,0,0,1,0
2996.0,357.0,9.0,601.0,110.0,2552.0,207.0,225.0,156.0,1624.0,0,0,0,0,0,0,0,0,0,0,0,0,0,0,0,0,0,0,0,0,0,0,0,0,0,0,0,0,0,0,0,1,0,0,0,0,0,0,0,0,Spruce/Fir,0,0,1,0
2961.0,17.0,19.0,210.0,102.0,1158.0,200.0,196.0,128.0,3358.0,0,0,0,0,0,0,0,0,0,0,0,0,0,0,0,0,0,0,0,0,0,0,0,0,0,0,0,0,1,0,0,0,0,0,0,0,0,0,0,0,Spruce/Fir,0,0,1,0
3075.0,48.0,11.0,175.0,4.0,3836.0,224.0,216.0,124.0,1860.0,0,0,0,0,0,0,0,0,0,0,0,0,0,0,0,0,0,0,0,0,0,0,0,0,0,0,0,0,1,0,0,0,0,0,0,0,0,0,0,0,Lodgepole Pine,0,1,0,0
2991.0,38.0,19.0,268.0,63.0,2799.0,217.0,195.0,107.0,1413.0,0,0,0,0,0,0,0,0,0,0,0,0,0,0,0,0,0,0,0,0,0,0,0,0,0,0,0,0,0,0,0,0,1,0,0,0,0,0,0,0,Lodgepole Pine,0,0,1,0
3504.0,292.0,17.0,190.0,90.0,2998.0,171.0,235.0,203.0,1945.0,0,0,0,0,0,0,0,0,0,0,0,0,0,0,0,0,0,0,0,0,0,0,0,0,0,0,0,0,1,0,0,0,0,0,0,0,0,0,0,0,Spruce/Fir,0,1,0,0
3292.0,58.0,3.0,170.0,24.0,5833.0,222.0,233.0,147.0,595.0,0,0,0,0,0,0,0,0,0,0,0,0,0,0,0,0,0,0,0,0,0,1,0,0,0,0,0,0,0,0,0,0,0,0,0,0,0,0,0,0,Spruce/Fir,0,1,0,0
3034.0,307.0,9.0,525.0,62.0,5569.0,195.0,235.0,180.0,3908.0,0,0,0,0,0,0,0,0,0,0,0,0,0,0,0,0,0,0,0,0,0,0,0,0,0,0,0,0,1,0,0,0,0,0,0,0,0,0,0,0,Spruce/Fir,0,1,0,0
2336.0,26.0,21.0,216.0,73.0,1116.0,205.0,190.0,114.0,759.0,0,0,0,0,1,0,0,0,0,0,0,0,0,0,0,0,0,0,0,0,0,0,0,0,0,0,0,0,0,0,0,0,0,0,0,0,0,0,0,0,Douglas-fir,0,0,0,1
2876.0,33.0,16.0,120.0,32.0,1558.0,215.0,203.0,119.0,2739.0,0,0,0,0,0,0,0,0,0,0,0,0,0,0,0,0,0,0,0,1,0,0,0,0,0,0,0,0,0,0,0,0,0,0,0,0,0,0,0,0,Lodgepole Pine,0,0,1,0
3141.0,205.0,17.0,335.0,61.0,1905.0,208.0,253.0,175.0,750.0,0,0,0,0,0,0,0,0,0,0,0,0,0,0,0,0,0,0,0,0,0,0,0,0,0,0,0,0,1,0,0,0,0,0,0,0,0,0,0,0,Spruce/Fir,0,1,0,0
2588.0,56.0,12.0,390.0,40.0,564.0,228.0,215.0,118.0,2840.0,0,0,0,0,0,0,0,0,0,0,0,0,0,0,0,0,0,0,0,0,0,0,0,0,0,0,0,0,1,0,0,0,0,0,0,0,0,0,0,0,Lodgepole Pine,0,1,0,0
2979.0,58.0,13.0,67.0,9.0,1172.0,229.0,211.0,113.0,2187.0,0,0,0,0,0,0,0,0,0,0,0,0,0,0,0,0,0,0,0,0,0,0,0,0,0,0,0,0,1,0,0,0,0,0,0,0,0,0,0,0,Spruce/Fir,0,0,1,0
2398.0,359.0,28.0,242.0,55.0,703.0,166.0,177.0,139.0,532.0,0,0,0,0,0,0,0,0,0,1,0,0,0,0,0,0,0,0,0,0,0,0,0,0,0,0,0,0,0,0,0,0,0,0,0,0,0,0,0,0,Douglas-fir,0,0,0,1
3154.0,15.0,11.0,85.0,6.0,2165.0,211.0,218.0,143.0,2831.0,0,0,0,0,0,0,0,0,0,0,0,0,0,0,0,0,0,0,0,0,0,0,0,0,0,0,0,0,1,0,0,0,0,0,0,0,0,0,0,0,Spruce/Fir,0,1,0,0
2704.0,214.0,24.0,67.0,37.0,1595.0,190.0,254.0,190.0,1290.0,0,0,0,1,0,0,0,0,0,0,0,0,0,0,0,0,0,0,0,0,0,0,0,0,0,0,0,0,0,0,0,0,0,0,0,0,0,0,0,0,Lodgepole Pine,0,0,1,0
2780.0,5.0,16.0,120.0,25.0,2877.0,198.0,208.0,145.0,2792.0,0,0,0,0,0,0,0,0,0,0,0,0,0,0,0,0,0,0,0,0,0,0,0,0,0,0,0,0,1,0,0,0,0,0,0,0,0,0,0,0,Spruce/Fir,0,1,0,0
3165.0,45.0,4.0,510.0,23.0,3036.0,221.0,230.0,145.0,4764.0,0,0,0,0,0,0,0,0,0,0,0,0,0,0,0,0,0,0,0,0,0,0,0,0,0,0,0,0,1,0,0,0,0,0,0,0,0,0,0,0,Spruce/Fir,0,1,0,0
2779.0,125.0,15.0,488.0,150.0,2657.0,244.0,228.0,108.0,2018.0,0,0,0,0,0,0,0,0,0,1,0,0,0,0,0,0,0,0,0,0,0,0,0,0,0,0,0,0,0,0,0,0,0,0,0,0,0,0,0,0,Ponderosa Pine,0,0,1,0
2704.0,59.0,6.0,124.0,0.0,1710.0,224.0,228.0,139.0,904.0,0,0,0,0,0,0,0,0,0,0,0,0,0,0,0,0,0,0,0,0,0,0,0,0,0,0,0,0,1,0,0,0,0,0,0,0,0,0,0,0,Lodgepole Pine,0,1,0,0
2730.0,23.0,24.0,342.0,44.0,1578.0,199.0,181.0,110.0,939.0,0,0,0,0,0,0,0,0,0,0,0,0,0,0,0,0,0,0,0,0,0,0,0,0,0,0,0,0,1,0,0,0,0,0,0,0,0,0,0,0,Lodgepole Pine,0,1,0,0
2928.0,339.0,7.0,30.0,7.0,1812.0,206.0,231.0,163.0,679.0,0,0,0,0,0,0,0,0,0,0,0,0,0,0,0,0,0,0,0,0,0,0,1,0,0,0,0,0,0,0,0,0,0,0,0,0,0,0,0,0,Lodgepole Pine,0,0,1,0
3215.0,21.0,11.0,633.0,98.0,1026.0,212.0,216.0,139.0,2155.0,0,0,0,0,0,0,0,0,0,0,0,0,0,0,0,0,0,0,0,0,0,0,0,0,0,0,0,0,1,0,0,0,0,0,0,0,0,0,0,0,Spruce/Fir,0,0,1,0
2977.0,130.0,16.0,395.0,34.0,2631.0,244.0,229.0,109.0,2579.0,0,0,0,0,0,0,0,0,0,0,0,0,0,0,0,0,0,0,0,0,0,0,0,0,0,0,0,0,1,0,0,0,0,0,0,0,0,0,0,0,Lodgepole Pine,0,0,1,0
2752.0,310.0,23.0,180.0,89.0,1448.0,152.0,218.0,203.0,1348.0,0,0,0,0,0,0,0,0,0,0,0,0,0,0,0,0,0,0,0,0,0,0,0,0,0,0,0,0,0,0,0,0,1,0,0,0,0,0,0,0,Lodgepole Pine,0,0,1,0
2306.0,8.0,7.0,0.0,0.0,384.0,212.0,226.0,152.0,836.0,0,0,0,0,0,0,0,0,0,0,0,0,0,0,0,0,0,0,0,0,0,0,0,0,0,0,0,0,1,0,0,0,0,0,0,0,0,0,0,0,Cottonwood/Willow,0,0,0,1
3155.0,278.0,20.0,212.0,32.0,3314.0,161.0,239.0,216.0,2131.0,0,0,0,0,0,0,0,0,0,0,0,0,0,0,0,0,0,0,0,0,0,0,0,0,0,0,0,0,1,0,0,0,0,0,0,0,0,0,0,0,Spruce/Fir,0,1,0,0
2932.0,345.0,15.0,150.0,24.0,3161.0,190.0,216.0,164.0,2200.0,0,0,0,0,0,0,0,0,0,0,0,0,0,0,0,0,0,0,0,0,0,0,0,0,0,0,0,0,0,0,0,1,0,0,0,0,0,0,0,0,Spruce/Fir,0,0,1,0
2811.0,62.0,12.0,175.0,22.0,2689.0,230.0,215.0,115.0,4328.0,0,0,0,0,0,0,0,0,0,0,0,1,0,0,0,0,0,0,0,0,0,0,0,0,0,0,0,0,0,0,0,0,0,0,0,0,0,0,0,0,Lodgepole Pine,0,1,0,0
3305.0,275.0,19.0,700.0,154.0,3164.0,167.0,241.0,212.0,830.0,0,0,0,0,0,0,0,0,0,0,0,0,0,0,0,0,0,0,0,0,0,0,0,0,0,0,0,0,0,0,0,1,0,0,0,0,0,0,0,0,Spruce/Fir,0,0,1,0
3036.0,100.0,7.0,124.0,2.0,4262.0,231.0,231.0,133.0,2571.0,0,0,0,0,0,0,0,0,0,0,0,0,0,0,0,0,0,0,0,0,0,0,0,0,0,0,0,0,1,0,0,0,0,0,0,0,0,0,0,0,Lodgepole Pine,0,1,0,0
2991.0,56.0,21.0,134.0,9.0,5179.0,229.0,190.0,84.0,2642.0,0,0,0,0,0,0,0,0,0,0,0,0,0,0,0,0,0,0,0,0,0,0,0,0,0,0,0,0,1,0,0,0,0,0,0,0,0,0,0,0,Spruce/Fir,0,1,0,0
3296.0,307.0,14.0,702.0,161.0,618.0,181.0,231.0,190.0,2279.0,0,0,0,0,0,0,0,0,0,0,0,0,0,0,0,0,0,0,0,0,0,0,0,0,0,0,0,0,0,0,0,1,0,0,0,0,0,0,0,0,Lodgepole Pine,0,0,1,0
2553.0,119.0,6.0,124.0,23.0,1442.0,231.0,235.0,137.0,4629.0,0,0,0,0,0,0,0,0,0,0,0,0,0,0,0,0,0,1,0,0,0,0,0,0,0,0,0,0,0,0,0,0,0,0,0,0,0,0,0,0,Lodgepole Pine,0,1,0,0
2962.0,22.0,14.0,277.0,31.0,2023.0,210.0,208.0,132.0,875.0,0,0,0,0,0,0,0,0,0,0,0,0,0,0,0,0,0,0,0,0,0,0,0,0,0,0,0,0,1,0,0,0,0,0,0,0,0,0,0,0,Spruce/Fir,0,0,1,0
2319.0,226.0,27.0,108.0,39.0,537.0,173.0,253.0,206.0,1781.0,0,0,0,1,0,0,0,0,0,0,0,0,0,0,0,0,0,0,0,0,0,0,0,0,0,0,0,0,0,0,0,0,0,0,0,0,0,0,0,0,Ponderosa Pine,0,0,0,1
2986.0,53.0,14.0,162.0,13.0,4657.0,227.0,208.0,111.0,1857.0,0,0,0,0,0,0,0,0,0,0,0,0,0,0,0,0,0,0,0,0,0,0,0,0,0,0,0,0,1,0,0,0,0,0,0,0,0,0,0,0,Spruce/Fir,0,1,0,0
2857.0,110.0,27.0,108.0,33.0,543.0,254.0,199.0,55.0,524.0,0,0,0,0,0,0,0,0,0,0,0,0,0,0,0,0,0,0,0,0,0,0,0,0,0,0,0,0,0,0,0,0,1,0,0,0,0,0,0,0,Lodgepole Pine,0,0,1,0
3019.0,166.0,23.0,162.0,16.0,2839.0,232.0,240.0,126.0,1532.0,0,0,0,0,0,0,0,0,0,0,0,0,0,0,0,0,0,0,0,0,0,0,0,0,0,0,0,0,1,0,0,0,0,0,0,0,0,0,0,0,Lodgepole Pine,0,0,1,0
3201.0,219.0,20.0,819.0,118.0,391.0,193.0,254.0,192.0,2603.0,0,0,0,0,0,0,0,0,0,0,0,0,0,0,0,0,0,0,0,0,0,0,1,0,0,0,0,0,0,0,0,0,0,0,0,0,0,0,0,0,Lodgepole Pine,0,0,1,0
3023.0,65.0,20.0,443.0,56.0,4819.0,235.0,194.0,83.0,1438.0,0,0,0,0,0,0,0,0,0,0,0,0,0,0,0,0,0,0,0,0,0,0,0,0,0,0,0,0,1,0,0,0,0,0,0,0,0,0,0,0,Spruce/Fir,0,1,0,0
2640.0,345.0,11.0,108.0,23.0,2040.0,197.0,222.0,163.0,2271.0,0,0,0,0,0,0,0,0,0,1,0,0,0,0,0,0,0,0,0,0,0,0,0,0,0,0,0,0,0,0,0,0,0,0,0,0,0,0,0,0,Douglas-fir,0,0,1,0
3363.0,169.0,14.0,210.0,51.0,1556.0,230.0,245.0,144.0,3021.0,0,0,0,0,0,0,0,0,0,0,0,0,0,0,0,0,0,0,0,0,0,0,0,0,0,0,0,0,1,0,0,0,0,0,0,0,0,0,0,0,Spruce/Fir,0,1,0,0
3014.0,218.0,18.0,666.0,114.0,5808.0,198.0,254.0,188.0,4002.0,0,0,0,0,0,0,0,0,0,0,0,0,0,0,0,0,0,0,0,0,0,0,0,0,0,0,0,0,1,0,0,0,0,0,0,0,0,0,0,0,Lodgepole Pine,0,1,0,0
3034.0,35.0,8.0,0.0,0.0,6456.0,219.0,224.0,140.0,3112.0,0,0,0,0,0,0,0,0,0,0,0,0,0,0,0,0,0,0,0,1,0,0,0,0,0,0,0,0,0,0,0,0,0,0,0,0,0,0,0,0,Lodgepole Pine,0,1,0,0
2928.0,299.0,15.0,120.0,31.0,2505.0,175.0,233.0,197.0,108.0,0,0,0,0,0,0,0,0,0,0,0,0,0,0,0,0,0,0,0,0,0,0,0,0,0,0,0,0,0,0,0,1,0,0,0,0,0,0,0,0,Lodgepole Pine,0,0,1,0
2729.0,135.0,7.0,192.0,16.0,2378.0,231.0,237.0,138.0,1765.0,0,0,0,0,0,0,0,0,0,0,0,0,0,0,0,0,0,0,0,0,0,0,0,0,0,0,0,0,1,0,0,0,0,0,0,0,0,0,0,0,Lodgepole Pine,0,1,0,0
2976.0,117.0,6.0,350.0,31.0,5267.0,231.0,234.0,136.0,1879.0,0,0,0,0,0,0,0,0,0,0,0,0,0,0,0,0,0,0,0,0,0,0,0,0,0,0,0,0,1,0,0,0,0,0,0,0,0,0,0,0,Spruce/Fir,0,1,0,0
2906.0,139.0,25.0,228.0,88.0,845.0,248.0,223.0,88.0,1054.0,0,0,0,0,0,0,0,0,0,0,0,0,0,0,0,0,0,0,0,0,0,0,0,0,0,0,0,0,1,0,0,0,0,0,0,0,0,0,0,0,Lodgepole Pine,0,0,1,0
3129.0,35.0,14.0,360.0,23.0,2244.0,218.0,209.0,124.0,1608.0,0,0,0,0,0,0,0,0,0,0,0,0,0,0,0,0,0,0,0,0,0,0,0,0,0,0,0,0,0,0,0,1,0,0,0,0,0,0,0,0,Lodgepole Pine,0,0,1,0
2834.0,53.0,11.0,150.0,10.0,1862.0,227.0,215.0,121.0,2634.0,0,0,0,0,0,0,0,0,0,0,0,0,0,0,0,0,0,0,0,0,0,0,0,0,0,0,0,0,1,0,0,0,0,0,0,0,0,0,0,0,Lodgepole Pine,0,0,1,0
2866.0,345.0,15.0,618.0,90.0,3162.0,190.0,216.0,164.0,1473.0,0,0,0,0,0,0,0,0,0,0,0,0,0,0,0,0,0,0,0,0,0,0,0,0,0,0,0,0,0,0,0,1,0,0,0,0,0,0,0,0,Lodgepole Pine,0,0,1,0
3357.0,277.0,6.0,691.0,100.0,1008.0,205.0,241.0,175.0,2347.0,0,0,0,0,0,0,0,0,0,0,0,0,0,0,0,0,0,0,0,0,0,0,0,0,0,0,0,0,0,0,0,1,0,0,0,0,0,0,0,0,Spruce/Fir,0,0,1,0
3384.0,0.0,2.0,256.0,29.0,3448.0,216.0,234.0,156.0,2164.0,0,0,0,0,0,0,0,0,0,0,0,0,0,0,0,0,0,0,0,0,0,0,0,0,0,0,0,0,0,0,0,0,0,0,1,0,0,0,0,0,Krummholz,0,1,0,0
3041.0,212.0,6.0,424.0,74.0,4435.0,215.0,246.0,167.0,1689.0,0,0,0,0,0,0,0,0,0,0,0,0,0,0,0,0,0,0,0,0,0,0,0,0,0,0,0,0,1,0,0,0,0,0,0,0,0,0,0,0,Lodgepole Pine,0,1,0,0
2884.0,73.0,26.0,150.0,84.0,170.0,240.0,180.0,54.0,1061.0,0,0,0,0,0,0,0,0,0,0,0,0,0,0,0,0,0,0,0,0,0,0,0,0,0,0,0,0,1,0,0,0,0,0,0,0,0,0,0,0,Spruce/Fir,0,1,0,0
3254.0,54.0,4.0,488.0,10.0,4294.0,222.0,230.0,143.0,2446.0,0,0,0,0,0,0,0,0,0,0,0,0,0,0,0,0,0,0,0,0,0,0,0,0,0,0,0,0,1,0,0,0,0,0,0,0,0,0,0,0,Spruce/Fir,0,1,0,0
2775.0,117.0,5.0,190.0,16.0,1983.0,229.0,235.0,139.0,953.0,0,0,0,0,0,0,0,0,0,0,0,1,0,0,0,0,0,0,0,0,0,0,0,0,0,0,0,0,0,0,0,0,0,0,0,0,0,0,0,0,Lodgepole Pine,0,1,0,0
2881.0,79.0,25.0,180.0,79.0,180.0,243.0,186.0,57.0,1034.0,0,0,0,0,0,0,0,0,0,0,0,0,0,0,0,0,0,0,0,0,0,0,0,0,0,0,0,0,1,0,0,0,0,0,0,0,0,0,0,0,Lodgepole Pine,0,1,0,0
3329.0,335.0,14.0,480.0,101.0,1891.0,187.0,220.0,172.0,1065.0,0,0,0,0,0,0,0,0,0,0,0,0,0,0,0,0,0,0,0,0,0,0,0,0,0,0,0,0,1,0,0,0,0,0,0,0,0,0,0,0,Spruce/Fir,0,0,1,0
2598.0,243.0,3.0,30.0,3.0,514.0,213.0,242.0,166.0,1399.0,0,0,0,0,0,0,0,0,0,0,0,0,0,0,0,0,0,0,0,1,0,0,0,0,0,0,0,0,0,0,0,0,0,0,0,0,0,0,0,0,Lodgepole Pine,0,1,0,0
2950.0,111.0,10.0,0.0,0.0,4625.0,237.0,229.0,122.0,3226.0,0,0,0,0,0,0,0,0,0,0,0,0,0,0,0,0,0,0,0,0,0,0,0,0,0,0,0,0,1,0,0,0,0,0,0,0,0,0,0,0,Spruce/Fir,0,1,0,0
2876.0,326.0,12.0,247.0,81.0,1631.0,190.0,226.0,176.0,1875.0,0,0,0,0,0,0,0,0,0,0,0,0,0,0,0,0,0,0,0,0,0,0,0,0,0,0,0,0,0,0,1,0,0,0,0,0,0,0,0,0,Douglas-fir,0,0,1,0
2963.0,358.0,5.0,242.0,27.0,1589.0,211.0,230.0,156.0,663.0,0,0,0,0,0,0,0,0,0,0,0,0,0,0,0,0,0,0,0,0,0,0,0,0,0,0,0,0,1,0,0,0,0,0,0,0,0,0,0,0,Lodgepole Pine,0,0,1,0
3005.0,222.0,6.0,0.0,0.0,5453.0,213.0,245.0,169.0,2197.0,0,0,0,0,0,0,0,0,0,0,0,0,0,0,0,0,0,0,0,0,0,0,1,0,0,0,0,0,0,0,0,0,0,0,0,0,0,0,0,0,Spruce/Fir,0,1,0,0
3124.0,122.0,10.0,306.0,78.0,256.0,238.0,232.0,124.0,1824.0,0,0,0,0,0,0,0,0,0,0,0,0,0,0,0,0,0,0,0,0,0,0,1,0,0,0,0,0,0,0,0,0,0,0,0,0,0,0,0,0,Lodgepole Pine,0,1,0,0
2923.0,315.0,8.0,42.0,3.0,4960.0,198.0,233.0,175.0,2163.0,0,0,0,0,0,0,0,0,0,0,0,0,0,0,0,0,0,0,0,0,0,0,0,0,0,0,0,0,1,0,0,0,0,0,0,0,0,0,0,0,Lodgepole Pine,0,1,0,0
2869.0,101.0,21.0,277.0,71.0,2898.0,249.0,206.0,75.0,134.0,0,0,0,0,0,0,0,0,0,1,0,0,0,0,0,0,0,0,0,0,0,0,0,0,0,0,0,0,0,0,0,0,0,0,0,0,0,0,0,0,Lodgepole Pine,0,0,1,0
2615.0,36.0,6.0,0.0,0.0,891.0,220.0,226.0,142.0,1601.0,0,0,0,0,0,0,0,0,0,0,0,0,0,0,0,0,0,0,0,0,0,0,0,0,0,0,0,0,1,0,0,0,0,0,0,0,0,0,0,0,Lodgepole Pine,0,0,1,0
2834.0,69.0,12.0,180.0,17.0,2714.0,232.0,217.0,115.0,3851.0,0,0,0,0,0,0,0,0,0,0,0,0,0,0,0,0,0,0,0,0,0,0,0,0,0,0,0,0,1,0,0,0,0,0,0,0,0,0,0,0,Lodgepole Pine,0,1,0,0
2956.0,358.0,23.0,162.0,67.0,1209.0,179.0,192.0,146.0,900.0,0,0,0,0,0,0,0,0,0,0,0,0,0,0,0,0,0,0,0,0,0,0,0,0,0,0,0,0,1,0,0,0,0,0,0,0,0,0,0,0,Lodgepole Pine,0,0,1,0
2622.0,206.0,26.0,306.0,166.0,1053.0,194.0,253.0,181.0,1092.0,0,0,1,0,0,0,0,0,0,0,0,0,0,0,0,0,0,0,0,0,0,0,0,0,0,0,0,0,0,0,0,0,0,0,0,0,0,0,0,0,Ponderosa Pine,0,0,1,0
2967.0,350.0,9.0,134.0,1.0,3717.0,203.0,224.0,160.0,1597.0,0,0,0,0,0,0,0,0,0,0,0,0,0,0,0,0,0,0,0,0,0,0,0,0,0,0,0,0,1,0,0,0,0,0,0,0,0,0,0,0,Lodgepole Pine,0,1,0,0
2768.0,95.0,17.0,67.0,7.0,2178.0,245.0,212.0,90.0,3042.0,0,0,0,0,0,0,0,0,0,0,0,0,0,0,0,0,0,0,0,0,0,0,0,0,0,0,0,0,1,0,0,0,0,0,0,0,0,0,0,0,Lodgepole Pine,0,1,0,0
2859.0,168.0,14.0,313.0,59.0,2266.0,231.0,245.0,142.0,2002.0,0,0,0,0,0,0,0,0,0,0,0,0,0,0,0,0,0,0,0,0,0,0,0,0,0,0,0,0,1,0,0,0,0,0,0,0,0,0,0,0,Lodgepole Pine,0,0,1,0
3034.0,270.0,14.0,212.0,24.0,3154.0,182.0,244.0,201.0,1008.0,0,0,0,0,0,0,0,0,0,0,0,0,0,0,0,0,0,0,0,0,0,0,0,0,0,0,0,0,1,0,0,0,0,0,0,0,0,0,0,0,Spruce/Fir,0,0,1,0
3008.0,300.0,17.0,150.0,42.0,210.0,169.0,231.0,201.0,840.0,0,0,0,0,0,0,0,0,0,0,0,0,0,0,0,0,0,0,0,0,0,1,0,0,0,0,0,0,0,0,0,0,0,0,0,0,0,0,0,0,Spruce/Fir,0,1,0,0
3000.0,337.0,12.0,240.0,58.0,3995.0,194.0,224.0,169.0,2483.0,0,0,0,0,0,0,0,0,0,0,0,0,0,0,0,0,0,0,0,0,0,0,0,0,0,0,0,0,1,0,0,0,0,0,0,0,0,0,0,0,Lodgepole Pine,0,1,0,0
2683.0,117.0,6.0,30.0,4.0,2334.0,231.0,234.0,136.0,2081.0,0,0,0,0,0,0,0,0,0,0,0,0,0,0,0,1,0,0,0,0,0,0,0,0,0,0,0,0,0,0,0,0,0,0,0,0,0,0,0,0,Lodgepole Pine,0,1,0,0
3212.0,259.0,14.0,510.0,102.0,1237.0,187.0,247.0,199.0,2673.0,0,0,0,0,0,0,0,0,0,0,0,0,0,0,0,0,0,0,0,0,0,0,0,0,0,0,0,0,1,0,0,0,0,0,0,0,0,0,0,0,Spruce/Fir,0,0,1,0
2745.0,126.0,24.0,108.0,49.0,2876.0,251.0,216.0,78.0,2037.0,0,0,0,0,0,0,0,0,0,0,0,0,0,0,0,0,0,0,0,0,0,0,0,0,0,0,0,0,1,0,0,0,0,0,0,0,0,0,0,0,Lodgepole Pine,0,1,0,0
3186.0,90.0,9.0,382.0,11.0,5152.0,235.0,225.0,121.0,2314.0,0,0,0,0,0,0,0,0,0,0,0,0,0,0,0,0,0,0,0,0,0,0,0,0,0,0,0,0,1,0,0,0,0,0,0,0,0,0,0,0,Spruce/Fir,0,1,0,0
3018.0,210.0,9.0,679.0,112.0,5821.0,213.0,249.0,171.0,3254.0,0,0,0,0,0,0,0,0,0,0,0,0,0,0,0,0,0,0,0,0,0,0,0,0,0,0,0,0,1,0,0,0,0,0,0,0,0,0,0,0,Lodgepole Pine,0,1,0,0
2939.0,30.0,7.0,212.0,32.0,3520.0,218.0,226.0,143.0,4724.0,0,0,0,0,0,0,0,0,0,0,0,0,0,0,0,0,0,0,0,0,0,0,0,0,0,0,0,0,1,0,0,0,0,0,0,0,0,0,0,0,Lodgepole Pine,0,1,0,0
3232.0,340.0,12.0,382.0,83.0,677.0,195.0,223.0,166.0,1831.0,0,0,0,0,0,0,0,0,0,0,0,0,0,0,0,0,0,0,0,0,0,0,0,0,0,0,0,0,1,0,0,0,0,0,0,0,0,0,0,0,Lodgepole Pine,0,1,0,0
3277.0,331.0,17.0,467.0,70.0,4408.0,179.0,217.0,177.0,1055.0,0,0,0,0,0,0,0,0,0,0,0,0,0,0,0,0,0,0,0,0,0,0,0,0,0,0,0,0,0,0,0,0,0,0,0,0,0,0,1,0,Spruce/Fir,0,0,1,0
2469.0,323.0,17.0,124.0,31.0,1112.0,176.0,221.0,184.0,285.0,0,0,0,0,0,0,0,0,0,1,0,0,0,0,0,0,0,0,0,0,0,0,0,0,0,0,0,0,0,0,0,0,0,0,0,0,0,0,0,0,Douglas-fir,0,0,0,1
3223.0,59.0,1.0,330.0,90.0,2694.0,220.0,235.0,152.0,1226.0,0,0,0,0,0,0,0,0,0,0,0,0,0,0,0,0,0,0,0,0,0,0,0,0,0,0,0,0,1,0,0,0,0,0,0,0,0,0,0,0,Lodgepole Pine,0,0,1,0
3231.0,0.0,7.0,210.0,43.0,1638.0,210.0,227.0,155.0,1988.0,0,0,0,0,0,0,0,0,0,0,0,0,0,0,0,0,0,0,0,0,0,0,0,0,0,0,0,0,1,0,0,0,0,0,0,0,0,0,0,0,Spruce/Fir,0,1,0,0
3310.0,308.0,8.0,566.0,29.0,3638.0,197.0,235.0,178.0,1374.0,0,0,0,0,0,0,0,0,0,0,0,0,0,0,0,0,0,0,0,0,0,0,0,0,0,0,0,0,0,0,0,0,0,0,0,0,0,0,1,0,Spruce/Fir,0,1,0,0
3181.0,87.0,10.0,540.0,143.0,485.0,235.0,224.0,119.0,1611.0,0,0,0,0,0,0,0,0,0,0,0,0,0,0,0,0,0,0,0,0,0,0,1,0,0,0,0,0,0,0,0,0,0,0,0,0,0,0,0,0,Lodgepole Pine,0,1,0,0
2951.0,323.0,14.0,384.0,44.0,5176.0,185.0,225.0,180.0,1762.0,0,0,0,0,0,0,0,0,0,0,0,0,0,0,0,0,0,0,0,0,0,0,0,0,0,0,0,0,1,0,0,0,0,0,0,0,0,0,0,0,Aspen,0,1,0,0
2923.0,117.0,18.0,67.0,15.0,4440.0,248.0,220.0,93.0,2669.0,0,0,0,0,0,0,0,0,0,0,0,0,0,0,0,0,0,0,0,0,0,0,0,0,0,0,0,0,1,0,0,0,0,0,0,0,0,0,0,0,Lodgepole Pine,0,1,0,0
2922.0,49.0,17.0,450.0,104.0,680.0,225.0,202.0,105.0,902.0,0,0,0,0,0,0,0,0,0,0,0,0,0,0,0,0,0,0,0,0,0,0,0,0,0,0,0,0,0,0,0,0,1,0,0,0,0,0,0,0,Spruce/Fir,0,0,1,0
3033.0,17.0,15.0,421.0,88.0,1677.0,207.0,208.0,135.0,3282.0,0,0,0,0,0,0,0,0,0,0,0,0,0,0,0,0,0,0,0,0,0,0,0,0,0,0,0,0,1,0,0,0,0,0,0,0,0,0,0,0,Lodgepole Pine,0,0,1,0
3212.0,125.0,20.0,404.0,119.0,285.0,249.0,222.0,92.0,3094.0,0,0,0,0,0,0,0,0,0,0,0,0,0,0,0,0,0,0,0,0,0,0,0,0,0,0,0,0,1,0,0,0,0,0,0,0,0,0,0,0,Spruce/Fir,1,0,0,0
3214.0,337.0,16.0,474.0,23.0,3488.0,182.0,215.0,171.0,3142.0,0,0,0,0,0,0,0,0,0,0,0,0,0,0,0,0,0,0,0,0,0,0,0,0,0,0,0,0,1,0,0,0,0,0,0,0,0,0,0,0,Spruce/Fir,0,1,0,0
3037.0,135.0,22.0,95.0,33.0,6456.0,248.0,225.0,94.0,3278.0,0,0,0,0,0,0,0,0,0,0,0,0,0,0,0,0,0,0,0,0,0,0,0,0,0,0,0,0,1,0,0,0,0,0,0,0,0,0,0,0,Lodgepole Pine,0,1,0,0
3165.0,158.0,3.0,240.0,33.0,6447.0,222.0,239.0,153.0,1978.0,0,0,0,0,0,0,0,0,0,0,0,0,0,0,0,0,0,0,0,0,0,0,0,0,0,0,0,0,1,0,0,0,0,0,0,0,0,0,0,0,Lodgepole Pine,0,1,0,0
3099.0,35.0,11.0,30.0,3.0,900.0,219.0,215.0,131.0,960.0,0,0,0,0,0,0,0,0,0,0,0,0,0,0,0,0,0,0,0,0,0,0,0,0,0,0,0,0,1,0,0,0,0,0,0,0,0,0,0,0,Spruce/Fir,0,1,0,0
2948.0,34.0,15.0,180.0,3.0,1973.0,216.0,206.0,121.0,3163.0,0,0,0,0,0,0,0,0,0,0,0,0,0,0,0,0,0,0,0,0,0,0,0,0,0,0,0,0,1,0,0,0,0,0,0,0,0,0,0,0,Spruce/Fir,0,0,1,0
3335.0,234.0,8.0,446.0,12.0,726.0,206.0,248.0,179.0,4280.0,0,0,0,0,0,0,0,0,0,0,0,0,0,0,0,0,0,0,0,0,0,0,0,0,0,0,0,0,1,0,0,0,0,0,0,0,0,0,0,0,Lodgepole Pine,1,0,0,0
2497.0,128.0,11.0,60.0,7.0,939.0,238.0,233.0,125.0,764.0,0,0,0,0,0,0,0,0,0,0,0,0,0,0,0,0,0,0,0,0,0,0,0,0,0,0,0,0,1,0,0,0,0,0,0,0,0,0,0,0,Ponderosa Pine,0,0,1,0
2965.0,85.0,18.0,480.0,155.0,484.0,243.0,207.0,87.0,834.0,0,0,0,0,0,0,0,0,0,0,0,0,0,0,0,0,0,0,0,0,0,0,0,0,0,0,0,0,1,0,0,0,0,0,0,0,0,0,0,0,Lodgepole Pine,0,1,0,0
3021.0,258.0,12.0,703.0,112.0,5853.0,192.0,247.0,193.0,3320.0,0,0,0,0,0,0,0,0,0,0,0,0,0,0,0,0,0,0,0,0,0,0,0,0,0,0,0,0,1,0,0,0,0,0,0,0,0,0,0,0,Lodgepole Pine,0,1,0,0
3395.0,58.0,12.0,212.0,46.0,2970.0,228.0,214.0,117.0,1482.0,0,0,0,0,0,0,0,0,0,0,0,0,0,0,0,0,0,0,0,0,0,0,0,0,0,0,0,0,1,0,0,0,0,0,0,0,0,0,0,0,Krummholz,0,0,1,0
3081.0,294.0,5.0,218.0,38.0,323.0,207.0,239.0,171.0,592.0,0,0,0,0,0,0,0,0,0,0,0,0,0,0,0,0,0,0,0,0,0,0,0,0,0,0,0,0,1,0,0,0,0,0,0,0,0,0,0,0,Spruce/Fir,1,0,0,0
3158.0,167.0,13.0,210.0,16.0,3289.0,230.0,245.0,143.0,713.0,0,0,0,0,0,0,0,0,0,0,0,0,0,0,0,0,0,0,0,0,0,1,0,0,0,0,0,0,0,0,0,0,0,0,0,0,0,0,0,0,Lodgepole Pine,0,0,1,0
3213.0,110.0,29.0,295.0,100.0,859.0,254.0,194.0,46.0,1702.0,0,0,0,0,0,0,0,0,0,0,0,0,0,0,0,0,0,0,0,0,0,0,0,0,0,0,0,0,1,0,0,0,0,0,0,0,0,0,0,0,Spruce/Fir,0,1,0,0
2878.0,296.0,23.0,120.0,24.0,5313.0,148.0,226.0,215.0,726.0,0,0,0,0,0,0,0,0,0,0,0,0,0,0,0,0,0,0,0,0,0,0,0,0,0,0,0,0,1,0,0,0,0,0,0,0,0,0,0,0,Lodgepole Pine,0,1,0,0
3282.0,170.0,14.0,390.0,68.0,853.0,229.0,245.0,145.0,2592.0,0,0,0,0,0,0,0,0,0,0,0,0,1,0,0,0,0,0,0,0,0,0,0,0,0,0,0,0,0,0,0,0,0,0,0,0,0,0,0,0,Lodgepole Pine,0,0,1,0
2344.0,148.0,7.0,216.0,78.0,636.0,230.0,240.0,142.0,741.0,0,0,0,1,0,0,0,0,0,0,0,0,0,0,0,0,0,0,0,0,0,0,0,0,0,0,0,0,0,0,0,0,0,0,0,0,0,0,0,0,Ponderosa Pine,0,0,0,1
2826.0,34.0,9.0,216.0,7.0,2831.0,219.0,221.0,138.0,4283.0,0,0,0,0,0,0,0,0,0,0,0,0,0,0,0,0,0,0,0,0,0,0,0,0,0,0,0,0,1,0,0,0,0,0,0,0,0,0,0,0,Lodgepole Pine,0,1,0,0
3199.0,27.0,18.0,182.0,42.0,4106.0,209.0,198.0,119.0,2059.0,0,0,0,0,0,0,0,0,0,0,0,0,0,0,0,0,0,0,0,0,0,0,0,0,0,0,0,0,0,0,0,0,0,0,0,0,0,0,1,0,Spruce/Fir,0,0,1,0
3268.0,36.0,25.0,150.0,40.0,1678.0,209.0,176.0,90.0,644.0,0,0,0,0,0,0,0,0,0,0,0,0,0,0,0,0,0,0,0,0,0,0,0,0,0,0,0,0,1,0,0,0,0,0,0,0,0,0,0,0,Krummholz,0,0,1,0
3203.0,331.0,9.0,30.0,0.0,4716.0,200.0,230.0,169.0,391.0,0,0,0,0,0,0,0,0,0,0,0,0,0,0,0,0,0,0,0,0,0,0,0,0,0,0,0,0,0,0,0,0,0,0,0,0,0,1,0,0,Spruce/Fir,0,1,0,0
3198.0,262.0,20.0,467.0,119.0,3364.0,166.0,245.0,216.0,1832.0,0,0,0,0,0,0,0,0,0,0,0,0,0,0,0,0,0,0,0,0,0,0,0,0,0,0,0,0,0,0,0,0,1,0,0,0,0,0,0,0,Lodgepole Pine,0,0,1,0
2602.0,14.0,16.0,256.0,24.0,1116.0,203.0,204.0,135.0,2521.0,0,0,0,0,0,0,0,0,0,0,1,0,0,0,0,0,0,0,0,0,0,0,0,0,0,0,0,0,0,0,0,0,0,0,0,0,0,0,0,0,Lodgepole Pine,0,0,1,0
2781.0,152.0,13.0,201.0,15.0,2364.0,235.0,240.0,133.0,1712.0,0,0,0,0,0,0,0,0,0,0,0,1,0,0,0,0,0,0,0,0,0,0,0,0,0,0,0,0,0,0,0,0,0,0,0,0,0,0,0,0,Lodgepole Pine,0,1,0,0
3211.0,161.0,14.0,212.0,51.0,1613.0,233.0,243.0,137.0,1583.0,0,0,0,0,0,0,0,0,0,0,0,0,0,0,0,0,0,0,0,0,0,0,1,0,0,0,0,0,0,0,0,0,0,0,0,0,0,0,0,0,Spruce/Fir,1,0,0,0
3224.0,343.0,12.0,150.0,36.0,1677.0,195.0,221.0,165.0,1965.0,0,0,0,0,0,0,0,0,0,0,0,0,0,0,0,0,0,0,0,0,0,0,0,0,0,0,0,0,1,0,0,0,0,0,0,0,0,0,0,0,Spruce/Fir,0,1,0,0
2711.0,75.0,5.0,228.0,16.0,2102.0,227.0,230.0,137.0,4266.0,0,0,0,0,0,0,0,0,0,0,0,0,0,0,0,0,0,0,0,0,0,0,1,0,0,0,0,0,0,0,0,0,0,0,0,0,0,0,0,0,Lodgepole Pine,0,1,0,0
3074.0,292.0,15.0,713.0,37.0,2167.0,178.0,236.0,198.0,1020.0,0,0,0,0,0,0,0,0,0,0,0,0,0,0,0,0,0,0,0,0,0,0,0,0,0,0,0,0,1,0,0,0,0,0,0,0,0,0,0,0,Lodgepole Pine,0,0,1,0
2963.0,276.0,18.0,242.0,50.0,4209.0,170.0,241.0,210.0,2345.0,0,0,0,0,0,0,0,0,0,0,0,0,0,0,0,0,0,0,0,0,0,0,0,0,0,0,0,0,0,1,0,0,0,0,0,0,0,0,0,0,Lodgepole Pine,0,1,0,0
2900.0,359.0,17.0,607.0,105.0,3095.0,192.0,205.0,149.0,1425.0,0,0,0,0,0,0,0,0,0,0,0,0,0,0,0,0,0,0,0,0,0,0,0,0,0,0,0,0,1,0,0,0,0,0,0,0,0,0,0,0,Lodgepole Pine,0,0,1,0
3308.0,132.0,12.0,484.0,16.0,1019.0,239.0,234.0,123.0,2741.0,0,0,0,0,0,0,0,0,0,0,0,0,0,0,0,0,0,0,0,0,0,1,0,0,0,0,0,0,0,0,0,0,0,0,0,0,0,0,0,0,Spruce/Fir,0,1,0,0
3159.0,60.0,26.0,242.0,68.0,5218.0,230.0,177.0,65.0,1358.0,0,0,0,0,0,0,0,0,0,0,0,0,0,0,0,0,0,0,0,0,0,0,0,0,0,0,0,0,1,0,0,0,0,0,0,0,0,0,0,0,Spruce/Fir,0,1,0,0
3190.0,319.0,10.0,190.0,27.0,4320.0,194.0,231.0,177.0,560.0,0,0,0,0,0,0,0,0,0,0,0,0,0,0,0,0,0,0,0,0,0,0,0,0,0,0,0,0,0,0,0,1,0,0,0,0,0,0,0,0,Spruce/Fir,0,0,1,0
3302.0,315.0,3.0,180.0,46.0,5489.0,212.0,237.0,163.0,636.0,0,0,0,0,0,0,0,0,0,0,0,0,0,0,0,0,0,0,0,0,0,0,0,0,0,0,0,0,1,0,0,0,0,0,0,0,0,0,0,0,Spruce/Fir,0,1,0,0
3249.0,306.0,11.0,484.0,15.0,295.0,190.0,234.0,184.0,932.0,0,0,0,0,0,0,0,0,0,0,0,0,0,0,0,0,0,0,0,0,0,0,0,0,0,0,0,0,1,0,0,0,0,0,0,0,0,0,0,0,Lodgepole Pine,0,0,1,0
2771.0,114.0,17.0,0.0,0.0,450.0,247.0,220.0,96.0,1057.0,0,0,0,0,0,0,0,0,0,0,0,0,0,0,0,0,0,0,0,0,0,0,0,0,0,0,0,0,1,0,0,0,0,0,0,0,0,0,0,0,Lodgepole Pine,0,1,0,0
2753.0,339.0,8.0,150.0,5.0,1875.0,203.0,228.0,164.0,1034.0,0,0,0,0,0,0,0,0,0,0,0,1,0,0,0,0,0,0,0,0,0,0,0,0,0,0,0,0,0,0,0,0,0,0,0,0,0,0,0,0,Lodgepole Pine,0,1,0,0
2911.0,287.0,6.0,404.0,33.0,3126.0,204.0,240.0,175.0,3711.0,0,0,0,0,0,0,0,0,0,0,0,0,0,0,0,0,0,0,0,0,0,0,0,0,0,0,0,0,0,1,0,0,0,0,0,0,0,0,0,0,Lodgepole Pine,0,1,0,0
2616.0,39.0,6.0,272.0,4.0,779.0,220.0,227.0,142.0,908.0,0,0,0,0,0,0,0,0,0,0,0,0,0,0,0,0,0,0,0,0,0,0,0,0,0,0,0,0,1,0,0,0,0,0,0,0,0,0,0,0,Lodgepole Pine,0,1,0,0
2967.0,91.0,12.0,212.0,30.0,4108.0,239.0,220.0,109.0,1920.0,0,0,0,0,0,0,0,0,0,0,0,0,0,0,0,0,0,0,0,0,0,0,0,0,0,0,0,0,1,0,0,0,0,0,0,0,0,0,0,0,Lodgepole Pine,0,1,0,0
2764.0,321.0,18.0,67.0,17.0,3757.0,171.0,219.0,187.0,1129.0,0,0,0,0,0,0,0,0,0,0,0,0,0,0,0,0,0,0,0,0,0,0,0,0,0,0,0,0,1,0,0,0,0,0,0,0,0,0,0,0,Lodgepole Pine,0,1,0,0
2780.0,183.0,33.0,351.0,152.0,3037.0,208.0,240.0,140.0,1473.0,0,0,0,1,0,0,0,0,0,0,0,0,0,0,0,0,0,0,0,0,0,0,0,0,0,0,0,0,0,0,0,0,0,0,0,0,0,0,0,0,Ponderosa Pine,0,0,1,0
3185.0,243.0,10.0,108.0,9.0,4015.0,201.0,248.0,185.0,2084.0,0,0,0,0,0,0,0,0,0,0,0,0,0,0,0,0,0,0,0,0,0,0,0,0,0,0,0,0,1,0,0,0,0,0,0,0,0,0,0,0,Spruce/Fir,0,0,1,0
3034.0,79.0,4.0,481.0,0.0,6562.0,224.0,233.0,144.0,3545.0,0,0,0,0,0,0,0,0,0,0,0,0,0,0,0,0,0,0,0,0,0,0,0,0,0,0,0,0,1,0,0,0,0,0,0,0,0,0,0,0,Spruce/Fir,0,1,0,0
3083.0,101.0,19.0,319.0,79.0,4213.0,248.0,212.0,85.0,2586.0,0,0,0,0,0,0,0,0,0,0,0,0,0,0,0,0,0,0,0,0,0,0,0,0,0,0,0,0,1,0,0,0,0,0,0,0,0,0,0,0,Lodgepole Pine,0,1,0,0
2882.0,249.0,14.0,408.0,50.0,864.0,190.0,249.0,197.0,1682.0,0,0,0,0,0,0,0,0,0,0,0,0,0,0,0,0,0,0,0,0,0,0,0,0,0,0,0,0,1,0,0,0,0,0,0,0,0,0,0,0,Aspen,0,0,1,0
3213.0,130.0,4.0,190.0,11.0,2489.0,226.0,237.0,146.0,1374.0,0,0,0,0,0,0,0,0,0,0,0,0,0,0,0,0,0,0,0,0,0,0,1,0,0,0,0,0,0,0,0,0,0,0,0,0,0,0,0,0,Lodgepole Pine,0,0,1,0
3009.0,255.0,11.0,153.0,25.0,2948.0,194.0,247.0,192.0,525.0,0,0,0,0,0,0,0,0,0,0,0,0,0,0,0,0,0,0,0,0,0,0,0,0,0,0,0,0,1,0,0,0,0,0,0,0,0,0,0,0,Lodgepole Pine,0,0,1,0
3066.0,91.0,11.0,247.0,37.0,30.0,237.0,223.0,117.0,837.0,0,0,0,0,0,0,0,0,0,0,0,0,0,0,0,0,0,0,0,0,0,0,0,0,0,0,0,0,1,0,0,0,0,0,0,0,0,0,0,0,Lodgepole Pine,0,1,0,0
2891.0,216.0,15.0,228.0,18.0,2430.0,203.0,253.0,183.0,2295.0,0,0,0,0,0,0,0,0,0,0,0,0,0,0,0,0,0,0,0,0,0,0,0,0,0,1,0,0,0,0,0,0,0,0,0,0,0,0,0,0,Lodgepole Pine,0,0,1,0
3191.0,125.0,13.0,485.0,58.0,5690.0,241.0,230.0,116.0,1624.0,0,0,0,0,0,0,0,0,0,0,0,0,0,0,0,0,0,0,0,0,0,0,0,0,0,0,0,0,1,0,0,0,0,0,0,0,0,0,0,0,Spruce/Fir,0,1,0,0
3105.0,294.0,12.0,95.0,21.0,1290.0,186.0,237.0,191.0,1527.0,0,0,0,0,0,0,0,0,0,0,0,0,0,0,0,0,0,0,0,0,0,0,1,0,0,0,0,0,0,0,0,0,0,0,0,0,0,0,0,0,Spruce/Fir,0,0,1,0
2955.0,41.0,14.0,335.0,82.0,5850.0,221.0,209.0,120.0,4373.0,0,0,0,0,0,0,0,0,0,0,0,0,0,0,0,0,0,0,0,0,0,0,0,0,0,0,0,0,1,0,0,0,0,0,0,0,0,0,0,0,Lodgepole Pine,0,1,0,0
2622.0,108.0,10.0,323.0,61.0,360.0,238.0,228.0,120.0,1215.0,0,0,0,0,0,0,0,0,0,0,0,1,0,0,0,0,0,0,0,0,0,0,0,0,0,0,0,0,0,0,0,0,0,0,0,0,0,0,0,0,Lodgepole Pine,0,1,0,0
2980.0,69.0,16.0,376.0,110.0,1825.0,235.0,206.0,98.0,2969.0,0,0,0,0,0,0,0,0,0,0,0,0,0,0,0,0,0,0,0,0,0,0,0,0,0,0,0,0,0,0,0,1,0,0,0,0,0,0,0,0,Lodgepole Pine,0,0,1,0
3144.0,167.0,13.0,390.0,50.0,2264.0,230.0,244.0,144.0,953.0,0,0,0,0,0,0,0,0,0,0,0,0,0,0,0,0,0,0,0,0,0,0,0,0,0,0,0,0,1,0,0,0,0,0,0,0,0,0,0,0,Lodgepole Pine,0,0,1,0
2256.0,96.0,26.0,30.0,16.0,525.0,251.0,193.0,55.0,713.0,1,0,0,0,0,0,0,0,0,0,0,0,0,0,0,0,0,0,0,0,0,0,0,0,0,0,0,0,0,0,0,0,0,0,0,0,0,0,0,0,Douglas-fir,0,0,0,1
2999.0,279.0,12.0,212.0,39.0,2331.0,186.0,242.0,195.0,492.0,0,0,0,0,0,0,0,0,0,0,0,0,0,0,0,0,0,0,0,0,0,0,0,0,0,0,0,0,1,0,0,0,0,0,0,0,0,0,0,0,Lodgepole Pine,0,1,0,0
3065.0,192.0,6.0,0.0,0.0,2280.0,220.0,244.0,160.0,3701.0,0,0,0,0,0,0,0,0,0,0,0,0,0,0,0,0,0,0,0,0,0,0,1,0,0,0,0,0,0,0,0,0,0,0,0,0,0,0,0,0,Spruce/Fir,0,1,0,0
2767.0,2.0,8.0,437.0,72.0,1935.0,209.0,225.0,154.0,2207.0,0,0,0,0,0,0,0,0,0,1,0,0,0,0,0,0,0,0,0,0,0,0,0,0,0,0,0,0,0,0,0,0,0,0,0,0,0,0,0,0,Douglas-fir,0,0,1,0
2360.0,305.0,18.0,108.0,29.0,1440.0,168.0,228.0,199.0,331.0,0,0,0,0,0,0,0,0,0,1,0,0,0,0,0,0,0,0,0,0,0,0,0,0,0,0,0,0,0,0,0,0,0,0,0,0,0,0,0,0,Douglas-fir,0,0,0,1
2812.0,192.0,24.0,408.0,31.0,1650.0,210.0,250.0,161.0,1517.0,0,0,0,0,0,0,0,0,0,0,0,0,0,0,0,0,0,0,0,0,0,0,0,0,0,0,0,0,1,0,0,0,0,0,0,0,0,0,0,0,Lodgepole Pine,0,0,1,0
2628.0,162.0,5.0,60.0,1.0,1570.0,225.0,241.0,150.0,350.0,0,0,0,0,0,0,0,0,0,0,1,0,0,0,0,0,0,0,0,0,0,0,0,0,0,0,0,0,0,0,0,0,0,0,0,0,0,0,0,0,Lodgepole Pine,0,0,1,0
3208.0,94.0,11.0,120.0,48.0,5071.0,238.0,223.0,115.0,849.0,0,0,0,0,0,0,0,0,0,0,0,0,0,0,0,0,0,0,0,0,0,0,0,0,0,0,0,0,1,0,0,0,0,0,0,0,0,0,0,0,Spruce/Fir,0,1,0,0
3256.0,276.0,7.0,255.0,40.0,794.0,200.0,242.0,181.0,1772.0,0,0,0,0,0,0,0,0,0,0,0,0,0,0,0,0,0,0,0,0,0,0,1,0,0,0,0,0,0,0,0,0,0,0,0,0,0,0,0,0,Spruce/Fir,1,0,0,0
2951.0,68.0,3.0,67.0,2.0,5401.0,222.0,234.0,148.0,2260.0,0,0,0,0,0,0,0,0,0,0,0,0,0,0,0,0,0,0,0,0,0,0,1,0,0,0,0,0,0,0,0,0,0,0,0,0,0,0,0,0,Spruce/Fir,0,1,0,0
3125.0,164.0,6.0,60.0,4.0,2290.0,226.0,242.0,150.0,2151.0,0,0,0,0,0,0,0,0,0,0,0,0,0,0,0,0,0,0,0,0,0,0,0,0,0,0,0,0,1,0,0,0,0,0,0,0,0,0,0,0,Lodgepole Pine,0,0,1,0
2759.0,149.0,8.0,170.0,3.0,2222.0,231.0,240.0,140.0,1455.0,0,0,0,0,0,0,0,0,0,0,0,0,0,0,0,0,0,0,0,0,0,0,0,0,0,0,0,0,1,0,0,0,0,0,0,0,0,0,0,0,Lodgepole Pine,0,1,0,0
2693.0,63.0,21.0,256.0,23.0,1265.0,233.0,193.0,82.0,1749.0,0,0,0,0,0,0,0,0,0,0,0,0,0,0,0,0,0,0,0,0,0,0,1,0,0,0,0,0,0,0,0,0,0,0,0,0,0,0,0,0,Lodgepole Pine,0,1,0,0
2557.0,9.0,16.0,30.0,5.0,342.0,200.0,206.0,140.0,1890.0,0,0,0,0,0,0,0,0,0,0,0,0,0,0,0,1,0,0,0,0,0,0,0,0,0,0,0,0,0,0,0,0,0,0,0,0,0,0,0,0,Lodgepole Pine,0,1,0,0
2875.0,90.0,3.0,417.0,62.0,3560.0,224.0,234.0,146.0,2974.0,0,0,0,0,0,0,0,0,0,0,0,0,0,0,0,0,0,0,0,0,0,0,0,0,0,0,0,0,1,0,0,0,0,0,0,0,0,0,0,0,Lodgepole Pine,0,1,0,0
2814.0,329.0,23.0,190.0,70.0,3736.0,159.0,205.0,183.0,1104.0,0,0,0,0,0,0,0,0,0,0,0,0,0,0,0,0,0,0,0,0,0,0,0,0,0,0,0,0,1,0,0,0,0,0,0,0,0,0,0,0,Lodgepole Pine,0,1,0,0
3300.0,349.0,13.0,360.0,72.0,1770.0,195.0,218.0,161.0,979.0,0,0,0,0,0,0,0,0,0,0,0,0,0,0,0,0,0,0,0,0,0,0,0,0,0,0,0,0,0,0,1,0,0,0,0,0,0,0,0,0,Spruce/Fir,0,0,1,0
2917.0,132.0,14.0,60.0,9.0,1922.0,241.0,232.0,118.0,1015.0,0,0,0,0,0,0,0,0,0,0,0,0,0,0,0,0,0,0,0,0,0,0,0,0,0,0,0,0,0,1,0,0,0,0,0,0,0,0,0,0,Spruce/Fir,0,1,0,0
2810.0,54.0,4.0,365.0,0.0,1889.0,222.0,230.0,143.0,2245.0,0,0,0,0,0,0,0,0,0,0,0,0,0,0,0,0,0,0,0,0,0,0,0,0,0,0,0,0,1,0,0,0,0,0,0,0,0,0,0,0,Spruce/Fir,0,1,0,0
2865.0,308.0,5.0,309.0,43.0,2341.0,205.0,237.0,171.0,2557.0,0,0,0,0,0,0,0,0,0,0,0,0,0,0,0,0,0,0,0,0,0,0,0,0,0,0,0,0,1,0,0,0,0,0,0,0,0,0,0,0,Lodgepole Pine,0,1,0,0
2883.0,184.0,15.0,335.0,29.0,5133.0,222.0,249.0,156.0,4171.0,0,0,0,0,0,0,0,0,0,0,0,0,0,0,0,0,0,0,0,0,0,0,0,0,0,0,0,0,0,1,0,0,0,0,0,0,0,0,0,0,Lodgepole Pine,0,1,0,0
3200.0,339.0,21.0,30.0,15.0,4241.0,171.0,205.0,171.0,3547.0,0,0,0,0,0,0,0,0,0,0,0,0,0,0,0,0,0,0,0,0,0,0,0,0,0,0,0,0,1,0,0,0,0,0,0,0,0,0,0,0,Spruce/Fir,0,0,1,0
2942.0,310.0,8.0,216.0,33.0,3548.0,197.0,234.0,177.0,2491.0,0,0,0,0,0,0,0,0,0,0,0,0,0,0,0,0,0,0,0,0,0,0,0,0,0,0,0,0,1,0,0,0,0,0,0,0,0,0,0,0,Lodgepole Pine,0,1,0,0
3119.0,239.0,10.0,309.0,7.0,1825.0,202.0,248.0,183.0,793.0,0,0,0,0,0,0,0,0,0,0,0,0,0,0,0,0,0,0,0,0,0,0,0,0,0,0,0,0,1,0,0,0,0,0,0,0,0,0,0,0,Lodgepole Pine,0,0,1,0
2873.0,342.0,19.0,134.0,20.0,1674.0,179.0,209.0,167.0,2743.0,0,0,0,0,0,0,0,0,0,0,0,0,0,0,0,0,0,0,0,0,0,0,0,0,0,0,0,0,0,0,0,0,1,0,0,0,0,0,0,0,Lodgepole Pine,0,0,1,0
2246.0,118.0,27.0,190.0,100.0,1374.0,254.0,204.0,59.0,768.0,0,0,1,0,0,0,0,0,0,0,0,0,0,0,0,0,0,0,0,0,0,0,0,0,0,0,0,0,0,0,0,0,0,0,0,0,0,0,0,0,Cottonwood/Willow,0,0,0,1
3057.0,108.0,5.0,603.0,85.0,2631.0,229.0,234.0,138.0,2163.0,0,0,0,0,0,0,0,0,0,0,0,0,0,0,0,0,0,0,0,0,0,0,0,0,0,0,0,0,1,0,0,0,0,0,0,0,0,0,0,0,Spruce/Fir,0,0,1,0
3089.0,288.0,14.0,591.0,168.0,3228.0,180.0,238.0,198.0,2163.0,0,0,0,0,0,0,0,0,0,0,0,0,0,0,0,0,0,0,0,0,0,0,0,0,0,0,0,0,0,0,1,0,0,0,0,0,0,0,0,0,Spruce/Fir,0,0,1,0
2880.0,79.0,16.0,30.0,10.0,6208.0,239.0,210.0,96.0,4381.0,0,0,0,0,0,0,0,0,0,0,0,0,0,0,0,0,0,0,0,0,0,0,0,0,0,0,0,0,1,0,0,0,0,0,0,0,0,0,0,0,Lodgepole Pine,0,1,0,0
3148.0,321.0,24.0,404.0,80.0,342.0,152.0,209.0,193.0,1549.0,0,0,0,0,0,0,0,0,0,0,0,0,0,0,0,0,0,0,0,0,0,1,0,0,0,0,0,0,0,0,0,0,0,0,0,0,0,0,0,0,Spruce/Fir,1,0,0,0
3030.0,257.0,9.0,216.0,23.0,5686.0,200.0,246.0,185.0,1964.0,0,0,0,0,0,0,0,0,0,0,0,0,0,0,0,0,0,0,0,0,0,1,0,0,0,0,0,0,0,0,0,0,0,0,0,0,0,0,0,0,Spruce/Fir,0,1,0,0
2918.0,67.0,7.0,553.0,152.0,2468.0,228.0,226.0,132.0,485.0,0,0,0,0,0,0,0,0,0,0,0,0,0,0,0,0,0,0,0,0,0,0,0,0,0,0,0,0,1,0,0,0,0,0,0,0,0,0,0,0,Lodgepole Pine,0,0,1,0
2559.0,67.0,14.0,300.0,30.0,443.0,233.0,211.0,106.0,2873.0,0,0,0,0,0,0,0,0,0,0,0,0,0,0,0,0,0,0,0,0,0,0,0,0,0,0,0,0,1,0,0,0,0,0,0,0,0,0,0,0,Lodgepole Pine,0,1,0,0
2630.0,74.0,6.0,362.0,18.0,972.0,228.0,228.0,135.0,845.0,0,0,0,0,0,0,0,0,0,0,0,0,0,0,0,0,0,0,0,0,0,0,0,0,0,0,0,0,1,0,0,0,0,0,0,0,0,0,0,0,Lodgepole Pine,0,1,0,0
3327.0,131.0,5.0,551.0,129.0,1406.0,228.0,237.0,144.0,2672.0,0,0,0,0,0,0,0,0,0,0,0,0,0,0,0,0,0,0,0,0,0,0,0,0,0,0,0,0,1,0,0,0,0,0,0,0,0,0,0,0,Spruce/Fir,0,1,0,0
2700.0,80.0,22.0,180.0,60.0,1140.0,243.0,196.0,73.0,2072.0,0,0,0,0,0,0,0,0,0,0,0,0,0,0,0,0,0,0,0,0,0,0,0,0,0,0,0,0,1,0,0,0,0,0,0,0,0,0,0,0,Lodgepole Pine,0,1,0,0
3013.0,274.0,21.0,255.0,52.0,3318.0,158.0,240.0,218.0,1771.0,0,0,0,0,0,0,0,0,0,0,0,0,0,0,0,0,0,0,0,0,0,0,0,0,0,0,0,0,1,0,0,0,0,0,0,0,0,0,0,0,Spruce/Fir,0,0,1,0
2995.0,204.0,9.0,190.0,27.0,5932.0,215.0,248.0,168.0,3709.0,0,0,0,0,0,0,0,0,0,0,0,0,0,0,0,0,0,0,0,0,0,0,0,0,0,0,0,0,1,0,0,0,0,0,0,0,0,0,0,0,Lodgepole Pine,0,1,0,0
2835.0,144.0,26.0,124.0,37.0,4648.0,246.0,225.0,91.0,4809.0,0,0,0,0,0,0,0,0,0,0,0,0,0,0,0,0,0,0,0,0,0,0,0,0,0,0,0,0,0,1,0,0,0,0,0,0,0,0,0,0,Lodgepole Pine,0,1,0,0
3283.0,239.0,12.0,256.0,24.0,3421.0,197.0,250.0,189.0,1710.0,0,0,0,0,0,0,0,0,0,0,0,0,0,0,0,0,0,0,0,0,0,0,1,0,0,0,0,0,0,0,0,0,0,0,0,0,0,0,0,0,Spruce/Fir,0,0,1,0
2566.0,49.0,15.0,120.0,0.0,2753.0,225.0,207.0,112.0,2518.0,0,0,0,0,0,0,0,0,0,0,1,0,0,0,0,0,0,0,0,0,0,0,0,0,0,0,0,0,0,0,0,0,0,0,0,0,0,0,0,0,Lodgepole Pine,0,0,1,0
3146.0,234.0,11.0,108.0,9.0,907.0,202.0,250.0,185.0,4841.0,0,0,0,0,0,0,0,0,0,0,0,0,0,0,0,0,0,0,0,0,0,0,0,0,0,0,0,0,1,0,0,0,0,0,0,0,0,0,0,0,Lodgepole Pine,1,0,0,0
3233.0,47.0,17.0,604.0,9.0,1121.0,224.0,201.0,107.0,2038.0,0,0,0,0,0,0,0,0,0,0,0,0,0,0,0,0,0,0,0,0,0,0,0,0,0,0,0,0,1,0,0,0,0,0,0,0,0,0,0,0,Spruce/Fir,0,1,0,0
3108.0,13.0,13.0,150.0,21.0,1624.0,207.0,213.0,142.0,1982.0,0,0,0,0,0,0,0,0,0,0,0,0,0,0,0,0,0,0,0,0,0,0,0,1,0,0,0,0,0,0,0,0,0,0,0,0,0,0,0,0,Spruce/Fir,0,0,1,0
3136.0,75.0,18.0,108.0,9.0,953.0,239.0,202.0,87.0,641.0,0,0,0,0,0,0,0,0,0,0,0,0,0,0,0,0,0,0,0,0,0,0,0,0,0,0,0,0,1,0,0,0,0,0,0,0,0,0,0,0,Spruce/Fir,0,0,1,0
3231.0,15.0,11.0,607.0,88.0,2537.0,210.0,216.0,142.0,3397.0,0,0,0,0,0,0,0,0,0,0,0,0,0,0,0,0,0,0,0,0,0,0,0,0,0,0,0,0,1,0,0,0,0,0,0,0,0,0,0,0,Spruce/Fir,0,0,1,0
2762.0,25.0,12.0,0.0,0.0,3112.0,214.0,215.0,135.0,864.0,0,0,0,0,0,0,0,0,0,0,0,0,0,0,0,0,0,0,0,0,0,0,0,1,0,0,0,0,0,0,0,0,0,0,0,0,0,0,0,0,Lodgepole Pine,0,0,1,0
3284.0,175.0,3.0,474.0,32.0,6091.0,221.0,240.0,156.0,607.0,0,0,0,0,0,0,0,0,0,0,0,0,0,0,0,0,0,0,0,0,0,0,0,0,0,0,0,0,1,0,0,0,0,0,0,0,0,0,0,0,Spruce/Fir,0,1,0,0
3099.0,317.0,9.0,361.0,45.0,2377.0,195.0,232.0,176.0,2163.0,0,0,0,0,0,0,0,0,0,0,0,0,0,0,0,0,0,0,0,0,0,0,0,0,0,0,0,0,1,0,0,0,0,0,0,0,0,0,0,0,Spruce/Fir,0,0,1,0
2513.0,80.0,18.0,108.0,5.0,480.0,241.0,206.0,89.0,309.0,0,0,0,0,0,0,0,0,0,0,0,0,0,0,0,0,0,0,0,0,0,0,0,0,0,0,0,0,1,0,0,0,0,0,0,0,0,0,0,0,Lodgepole Pine,0,1,0,0
3123.0,149.0,18.0,108.0,32.0,4981.0,241.0,236.0,118.0,1530.0,0,0,0,0,0,0,0,0,0,0,0,0,0,0,0,0,0,0,0,0,0,0,0,0,0,0,0,0,1,0,0,0,0,0,0,0,0,0,0,0,Spruce/Fir,0,1,0,0
2315.0,315.0,18.0,134.0,28.0,1500.0,170.0,223.0,192.0,660.0,0,0,0,0,0,0,0,0,0,1,0,0,0,0,0,0,0,0,0,0,0,0,0,0,0,0,0,0,0,0,0,0,0,0,0,0,0,0,0,0,Douglas-fir,0,0,0,1
3107.0,339.0,23.0,216.0,44.0,1455.0,163.0,199.0,171.0,1852.0,0,0,0,0,0,0,0,0,0,0,0,0,0,0,0,0,0,0,0,0,0,0,0,0,0,0,0,0,1,0,0,0,0,0,0,0,0,0,0,0,Lodgepole Pine,0,0,1,0
2853.0,231.0,15.0,67.0,12.0,722.0,195.0,252.0,192.0,216.0,0,0,0,0,0,0,0,0,0,0,0,0,0,0,0,0,0,0,0,0,0,0,0,0,0,0,0,0,1,0,0,0,0,0,0,0,0,0,0,0,Lodgepole Pine,0,0,1,0
2954.0,303.0,11.0,270.0,150.0,1958.0,189.0,235.0,186.0,1132.0,0,0,0,0,0,0,0,0,0,0,0,0,0,0,0,0,0,0,0,0,0,0,0,0,0,0,0,0,1,0,0,0,0,0,0,0,0,0,0,0,Lodgepole Pine,0,0,1,0
2719.0,1.0,12.0,170.0,29.0,1436.0,203.0,217.0,152.0,3100.0,0,0,0,0,0,0,0,0,0,0,0,0,0,0,0,0,0,0,0,0,0,0,0,0,0,0,0,0,1,0,0,0,0,0,0,0,0,0,0,0,Lodgepole Pine,0,1,0,0
3001.0,188.0,16.0,684.0,113.0,2881.0,220.0,250.0,159.0,1947.0,0,0,0,0,0,0,0,0,0,0,0,0,0,0,0,0,0,0,0,0,0,0,0,0,0,0,0,0,1,0,0,0,0,0,0,0,0,0,0,0,Lodgepole Pine,0,0,1,0
3216.0,79.0,17.0,124.0,11.0,1120.0,240.0,207.0,92.0,1492.0,0,0,0,0,0,0,0,0,0,0,0,0,0,0,0,0,0,0,0,0,0,0,1,0,0,0,0,0,0,0,0,0,0,0,0,0,0,0,0,0,Spruce/Fir,0,1,0,0
3011.0,5.0,9.0,376.0,22.0,1851.0,209.0,223.0,152.0,1584.0,0,0,0,0,0,0,0,0,0,0,0,0,0,0,0,0,0,0,0,0,0,0,0,0,0,0,0,0,1,0,0,0,0,0,0,0,0,0,0,0,Lodgepole Pine,0,0,1,0
3152.0,259.0,5.0,390.0,40.0,1518.0,208.0,243.0,173.0,2362.0,0,0,0,0,0,0,0,0,0,0,0,0,0,0,0,0,0,0,0,0,0,0,0,0,0,0,0,0,0,0,0,1,0,0,0,0,0,0,0,0,Spruce/Fir,0,0,1,0
2896.0,72.0,11.0,0.0,0.0,1852.0,233.0,219.0,117.0,1045.0,0,0,0,0,0,0,0,0,0,0,0,0,0,0,0,0,0,0,0,1,0,0,0,0,0,0,0,0,0,0,0,0,0,0,0,0,0,0,0,0,Spruce/Fir,0,1,0,0
2985.0,104.0,9.0,67.0,14.0,1572.0,236.0,229.0,124.0,1774.0,0,0,0,0,0,0,0,0,0,0,0,0,0,0,0,0,0,0,0,0,0,0,0,0,0,0,0,0,0,0,0,1,0,0,0,0,0,0,0,0,Lodgepole Pine,0,0,1,0
2810.0,45.0,2.0,242.0,8.0,2290.0,220.0,234.0,151.0,2448.0,0,0,0,0,0,0,0,0,0,0,0,0,0,0,0,0,0,0,0,0,0,0,0,0,0,0,0,0,1,0,0,0,0,0,0,0,0,0,0,0,Lodgepole Pine,0,1,0,0
3009.0,197.0,16.0,150.0,32.0,3258.0,214.0,252.0,168.0,1198.0,0,0,0,0,0,0,0,0,0,0,0,0,0,0,0,0,0,0,0,0,0,0,0,0,0,0,0,0,0,0,0,1,0,0,0,0,0,0,0,0,Lodgepole Pine,0,0,1,0
2912.0,56.0,18.0,182.0,39.0,3384.0,229.0,200.0,98.0,4712.0,0,0,0,0,0,0,0,0,0,0,0,0,0,0,0,0,0,0,0,0,0,0,0,0,0,0,0,0,1,0,0,0,0,0,0,0,0,0,0,0,Lodgepole Pine,0,1,0,0
3300.0,266.0,9.0,180.0,8.0,3144.0,197.0,244.0,187.0,845.0,0,0,0,0,0,0,0,0,0,0,0,0,0,0,0,0,0,0,0,0,0,0,0,0,0,0,0,0,1,0,0,0,0,0,0,0,0,0,0,0,Spruce/Fir,0,0,1,0
3108.0,304.0,9.0,300.0,29.0,1804.0,196.0,236.0,179.0,853.0,0,0,0,0,0,0,0,0,0,0,0,0,0,0,0,0,0,0,0,0,0,0,0,0,0,0,0,0,1,0,0,0,0,0,0,0,0,0,0,0,Spruce/Fir,0,0,1,0
2828.0,49.0,22.0,124.0,40.0,4062.0,223.0,186.0,87.0,1092.0,0,0,0,0,0,0,0,0,0,0,0,0,0,0,0,0,0,0,0,0,0,0,0,0,0,0,0,0,1,0,0,0,0,0,0,0,0,0,0,0,Lodgepole Pine,0,1,0,0
3226.0,34.0,2.0,30.0,0.0,3248.0,219.0,235.0,153.0,2108.0,0,0,0,0,0,0,0,0,0,0,0,0,0,0,0,0,0,0,0,0,0,0,0,0,0,0,0,0,0,0,0,0,0,0,0,0,0,1,0,0,Krummholz,0,1,0,0
3091.0,157.0,10.0,297.0,43.0,1824.0,231.0,242.0,142.0,636.0,0,0,0,0,0,0,0,0,0,0,0,0,0,0,0,0,0,0,0,0,0,0,0,0,0,0,0,0,0,0,0,1,0,0,0,0,0,0,0,0,Lodgepole Pine,0,0,1,0
2753.0,27.0,16.0,30.0,2.0,1423.0,211.0,203.0,124.0,2136.0,0,0,0,0,0,0,0,0,0,0,0,0,0,0,0,0,0,0,0,0,0,0,0,0,0,0,0,0,1,0,0,0,0,0,0,0,0,0,0,0,Spruce/Fir,0,0,1,0
3280.0,288.0,1.0,362.0,37.0,4977.0,216.0,238.0,159.0,845.0,0,0,0,0,0,0,0,0,0,0,0,0,0,0,0,0,0,0,0,0,0,0,0,0,0,0,0,0,1,0,0,0,0,0,0,0,0,0,0,0,Lodgepole Pine,0,1,0,0
2869.0,174.0,17.0,216.0,55.0,3804.0,228.0,247.0,145.0,1452.0,0,0,0,0,0,0,0,0,0,0,0,0,0,0,0,0,0,0,0,0,0,0,0,0,0,0,0,0,1,0,0,0,0,0,0,0,0,0,0,0,Lodgepole Pine,0,1,0,0
2696.0,346.0,27.0,175.0,98.0,2250.0,158.0,186.0,159.0,2226.0,0,0,0,0,0,0,0,0,0,0,0,0,0,0,0,0,0,0,0,0,0,0,0,1,0,0,0,0,0,0,0,0,0,0,0,0,0,0,0,0,Lodgepole Pine,0,0,1,0
3285.0,315.0,16.0,573.0,78.0,4468.0,176.0,226.0,189.0,1025.0,0,0,0,0,0,0,0,0,0,0,0,0,0,0,0,0,0,0,0,0,0,0,0,0,0,0,0,0,1,0,0,0,0,0,0,0,0,0,0,0,Spruce/Fir,0,0,1,0
2950.0,117.0,24.0,85.0,25.0,1570.0,252.0,210.0,72.0,1655.0,0,0,0,0,0,0,0,0,0,0,0,0,1,0,0,0,0,0,0,0,0,0,0,0,0,0,0,0,0,0,0,0,0,0,0,0,0,0,0,0,Lodgepole Pine,0,0,1,0
3244.0,8.0,12.0,658.0,61.0,4031.0,206.0,216.0,147.0,3599.0,0,0,0,0,0,0,0,0,0,0,0,0,0,0,0,0,0,0,0,0,0,0,1,0,0,0,0,0,0,0,0,0,0,0,0,0,0,0,0,0,Spruce/Fir,0,1,0,0
2847.0,49.0,16.0,450.0,113.0,240.0,225.0,203.0,108.0,966.0,0,0,0,0,0,0,0,0,0,0,1,0,0,0,0,0,0,0,0,0,0,0,0,0,0,0,0,0,0,0,0,0,0,0,0,0,0,0,0,0,Lodgepole Pine,0,0,1,0
2336.0,308.0,24.0,234.0,42.0,1142.0,147.0,217.0,206.0,815.0,0,1,0,0,0,0,0,0,0,0,0,0,0,0,0,0,0,0,0,0,0,0,0,0,0,0,0,0,0,0,0,0,0,0,0,0,0,0,0,0,Ponderosa Pine,0,0,0,1
2471.0,112.0,24.0,300.0,134.0,446.0,253.0,206.0,67.0,932.0,0,0,0,0,0,0,0,0,0,0,0,0,0,0,0,0,0,0,0,0,0,0,0,0,0,0,0,0,1,0,0,0,0,0,0,0,0,0,0,0,Ponderosa Pine,0,0,1,0
3142.0,141.0,16.0,342.0,51.0,268.0,242.0,233.0,115.0,3640.0,0,0,0,0,0,0,0,0,0,0,0,0,0,0,0,0,0,0,0,0,0,1,0,0,0,0,0,0,0,0,0,0,0,0,0,0,0,0,0,0,Lodgepole Pine,1,0,0,0
2984.0,254.0,16.0,390.0,115.0,2888.0,181.0,249.0,205.0,706.0,0,0,0,0,0,0,0,0,0,0,0,0,0,0,0,0,0,0,0,0,0,0,0,0,0,0,0,0,1,0,0,0,0,0,0,0,0,0,0,0,Lodgepole Pine,0,0,1,0
3234.0,258.0,12.0,67.0,16.0,3542.0,191.0,247.0,195.0,1805.0,0,0,0,0,0,0,0,0,0,0,0,0,0,0,0,0,0,0,0,0,0,0,0,0,0,0,0,0,1,0,0,0,0,0,0,0,0,0,0,0,Spruce/Fir,0,1,0,0
3277.0,3.0,18.0,268.0,54.0,3157.0,193.0,203.0,145.0,3362.0,0,0,0,0,0,0,0,0,0,0,0,0,0,0,0,0,0,0,0,0,0,0,0,1,0,0,0,0,0,0,0,0,0,0,0,0,0,0,0,0,Lodgepole Pine,0,0,1,0
3258.0,235.0,20.0,703.0,167.0,3961.0,181.0,253.0,205.0,789.0,0,0,0,0,0,0,0,0,0,0,0,0,0,0,0,0,0,0,0,0,0,0,0,0,0,0,0,0,1,0,0,0,0,0,0,0,0,0,0,0,Lodgepole Pine,0,0,1,0
2720.0,192.0,13.0,283.0,132.0,2733.0,218.0,250.0,163.0,1239.0,0,0,0,1,0,0,0,0,0,0,0,0,0,0,0,0,0,0,0,0,0,0,0,0,0,0,0,0,0,0,0,0,0,0,0,0,0,0,0,0,Ponderosa Pine,0,0,1,0
3050.0,35.0,13.0,480.0,26.0,3634.0,218.0,210.0,125.0,4818.0,0,0,0,0,0,0,0,0,0,0,0,0,0,0,0,0,0,0,0,0,0,0,0,0,0,0,0,0,1,0,0,0,0,0,0,0,0,0,0,0,Spruce/Fir,0,1,0,0
2869.0,20.0,13.0,553.0,103.0,2125.0,210.0,211.0,135.0,792.0,0,0,0,0,0,0,0,0,0,0,1,0,0,0,0,0,0,0,0,0,0,0,0,0,0,0,0,0,0,0,0,0,0,0,0,0,0,0,0,0,Aspen,0,0,1,0
2748.0,333.0,19.0,85.0,14.0,1635.0,172.0,211.0,177.0,1613.0,0,0,0,0,0,0,0,0,0,0,0,0,0,0,0,0,0,0,0,0,0,0,0,0,0,0,0,0,1,0,0,0,0,0,0,0,0,0,0,0,Douglas-fir,0,0,1,0
3104.0,52.0,11.0,319.0,33.0,2654.0,226.0,217.0,124.0,2856.0,0,0,0,0,0,0,0,0,0,0,0,0,0,0,0,0,0,0,0,0,0,0,0,0,0,0,0,0,0,0,0,1,0,0,0,0,0,0,0,0,Lodgepole Pine,0,0,1,0
2907.0,88.0,17.0,342.0,102.0,365.0,243.0,210.0,90.0,1380.0,0,0,0,0,0,0,0,0,0,0,0,0,0,0,0,0,0,0,0,0,0,0,0,0,0,0,0,0,1,0,0,0,0,0,0,0,0,0,0,0,Lodgepole Pine,0,1,0,0
3341.0,273.0,14.0,153.0,19.0,3753.0,182.0,243.0,200.0,1855.0,0,0,0,0,0,0,0,0,0,0,0,0,0,0,0,0,0,0,0,0,0,0,0,0,0,0,0,0,0,0,0,0,0,0,0,0,0,1,0,0,Spruce/Fir,0,0,1,0
3024.0,35.0,17.0,153.0,20.0,4029.0,216.0,200.0,114.0,2382.0,0,0,0,0,0,0,0,0,0,0,0,0,0,0,0,0,0,0,0,0,0,0,0,0,0,0,0,0,1,0,0,0,0,0,0,0,0,0,0,0,Lodgepole Pine,0,1,0,0
3161.0,270.0,9.0,335.0,8.0,1616.0,198.0,243.0,185.0,360.0,0,0,0,0,0,0,0,0,0,0,0,0,0,0,0,0,0,0,0,0,0,0,1,0,0,0,0,0,0,0,0,0,0,0,0,0,0,0,0,0,Spruce/Fir,0,0,1,0
2990.0,14.0,4.0,331.0,17.0,2796.0,216.0,231.0,153.0,30.0,0,0,0,0,0,0,0,0,0,0,0,0,0,0,0,0,0,0,0,1,0,0,0,0,0,0,0,0,0,0,0,0,0,0,0,0,0,0,0,0,Spruce/Fir,0,1,0,0
2887.0,313.0,8.0,0.0,0.0,2079.0,199.0,234.0,175.0,1506.0,0,0,0,0,0,0,0,0,0,0,0,0,0,0,0,0,0,0,0,0,0,0,1,0,0,0,0,0,0,0,0,0,0,0,0,0,0,0,0,0,Aspen,0,0,1,0
2743.0,24.0,14.0,212.0,31.0,2556.0,212.0,209.0,131.0,446.0,0,0,0,0,0,0,0,0,0,1,0,0,0,0,0,0,0,0,0,0,0,0,0,0,0,0,0,0,0,0,0,0,0,0,0,0,0,0,0,0,Lodgepole Pine,0,0,1,0
2981.0,45.0,6.0,285.0,82.0,3476.0,222.0,226.0,139.0,2033.0,0,0,0,0,0,0,0,0,0,0,0,0,0,0,0,0,0,0,0,0,0,0,0,0,0,0,0,0,1,0,0,0,0,0,0,0,0,0,0,0,Lodgepole Pine,0,1,0,0
3156.0,28.0,10.0,524.0,75.0,1505.0,216.0,217.0,136.0,3543.0,0,0,0,0,0,0,0,0,0,0,0,0,0,0,0,0,0,0,0,0,0,0,0,0,0,0,0,0,1,0,0,0,0,0,0,0,0,0,0,0,Spruce/Fir,0,0,1,0
2476.0,346.0,27.0,60.0,13.0,1150.0,159.0,187.0,160.0,1661.0,0,0,0,0,0,0,0,0,0,1,0,0,0,0,0,0,0,0,0,0,0,0,0,0,0,0,0,0,0,0,0,0,0,0,0,0,0,0,0,0,Douglas-fir,0,0,1,0
3187.0,99.0,12.0,234.0,11.0,5342.0,240.0,223.0,112.0,2971.0,0,0,0,0,0,0,0,0,0,0,0,0,0,0,0,0,0,0,0,0,0,0,0,0,0,0,0,0,1,0,0,0,0,0,0,0,0,0,0,0,Lodgepole Pine,0,1,0,0
3068.0,144.0,29.0,256.0,78.0,361.0,246.0,220.0,80.0,1749.0,0,0,0,0,0,0,0,0,0,0,0,0,0,0,0,0,0,0,0,0,0,1,0,0,0,0,0,0,0,0,0,0,0,0,0,0,0,0,0,0,Lodgepole Pine,0,0,1,0
2910.0,204.0,10.0,175.0,41.0,3282.0,215.0,249.0,169.0,2932.0,0,0,0,0,0,0,0,0,0,0,0,0,0,0,0,0,0,0,0,0,0,0,0,0,0,0,0,0,1,0,0,0,0,0,0,0,0,0,0,0,Lodgepole Pine,0,1,0,0
2497.0,14.0,9.0,190.0,27.0,990.0,212.0,222.0,147.0,900.0,0,0,0,0,0,0,0,0,0,0,0,0,0,0,0,0,0,0,0,0,0,0,0,0,0,0,0,0,1,0,0,0,0,0,0,0,0,0,0,0,Douglas-fir,0,0,1,0
3364.0,21.0,8.0,404.0,67.0,2278.0,215.0,223.0,145.0,1622.0,0,0,0,0,0,0,0,0,0,0,0,0,0,0,0,0,0,0,0,0,0,0,0,0,0,0,0,0,1,0,0,0,0,0,0,0,0,0,0,0,Spruce/Fir,0,0,1,0
3262.0,56.0,14.0,0.0,0.0,2495.0,228.0,208.0,110.0,1677.0,0,0,0,0,0,0,0,0,0,0,0,0,0,0,0,0,0,0,0,0,0,0,0,1,0,0,0,0,0,0,0,0,0,0,0,0,0,0,0,0,Spruce/Fir,0,0,1,0
3074.0,36.0,6.0,67.0,12.0,1342.0,220.0,226.0,143.0,612.0,0,0,0,0,0,0,0,0,0,0,0,0,0,0,0,0,0,0,0,0,0,0,0,0,0,0,0,0,1,0,0,0,0,0,0,0,0,0,0,0,Spruce/Fir,0,1,0,0
3398.0,36.0,8.0,180.0,22.0,2822.0,220.0,222.0,138.0,2145.0,0,0,0,0,0,0,0,0,0,0,0,0,0,0,0,0,0,0,0,0,0,0,0,0,0,0,0,0,0,0,0,0,0,0,0,0,0,0,1,0,Krummholz,0,1,0,0
3326.0,92.0,16.0,212.0,56.0,3458.0,243.0,214.0,96.0,1377.0,0,0,0,0,0,0,0,0,0,0,0,0,0,0,0,0,0,0,0,0,0,0,0,0,0,0,0,0,0,0,0,0,0,0,0,0,0,0,0,1,Spruce/Fir,0,0,1,0
3117.0,270.0,5.0,395.0,58.0,603.0,207.0,241.0,173.0,1262.0,0,0,0,0,0,0,0,0,0,0,0,0,0,0,0,0,0,0,0,0,0,0,0,0,0,0,0,0,0,0,0,1,0,0,0,0,0,0,0,0,Lodgepole Pine,0,0,1,0
3323.0,270.0,7.0,60.0,8.0,1198.0,203.0,242.0,179.0,1702.0,0,0,0,0,0,0,0,0,0,0,0,0,0,0,0,0,0,0,0,0,0,0,0,0,0,0,0,0,0,0,0,0,0,0,0,0,0,1,0,0,Krummholz,0,0,1,0
3248.0,263.0,9.0,283.0,24.0,5852.0,197.0,245.0,187.0,1259.0,0,0,0,0,0,0,0,0,0,0,0,0,0,0,0,0,0,0,0,0,0,1,0,0,0,0,0,0,0,0,0,0,0,0,0,0,0,0,0,0,Spruce/Fir,0,1,0,0
2823.0,50.0,7.0,127.0,12.0,1381.0,224.0,224.0,135.0,3021.0,0,0,0,0,0,0,0,0,0,0,0,0,0,0,0,0,0,0,0,0,0,0,0,0,0,0,0,0,1,0,0,0,0,0,0,0,0,0,0,0,Spruce/Fir,0,0,1,0
2534.0,26.0,12.0,60.0,6.0,1233.0,214.0,214.0,134.0,1503.0,0,0,0,0,0,0,0,0,0,1,0,0,0,0,0,0,0,0,0,0,0,0,0,0,0,0,0,0,0,0,0,0,0,0,0,0,0,0,0,0,Ponderosa Pine,0,0,1,0
2671.0,207.0,30.0,95.0,47.0,600.0,184.0,250.0,183.0,1452.0,0,0,0,0,0,0,0,0,0,0,0,0,1,0,0,0,0,0,0,0,0,0,0,0,0,0,0,0,0,0,0,0,0,0,0,0,0,0,0,0,Lodgepole Pine,0,0,1,0
3310.0,59.0,12.0,240.0,20.0,3328.0,229.0,214.0,116.0,1828.0,0,0,0,0,0,0,0,0,0,0,0,0,0,0,0,0,0,0,0,0,0,0,0,0,0,0,0,0,1,0,0,0,0,0,0,0,0,0,0,0,Spruce/Fir,0,1,0,0
3230.0,300.0,13.0,417.0,82.0,3930.0,183.0,234.0,191.0,2135.0,0,0,0,0,0,0,0,0,0,0,0,0,0,0,0,0,0,0,0,0,0,0,0,0,0,0,0,0,1,0,0,0,0,0,0,0,0,0,0,0,Spruce/Fir,0,0,1,0
3120.0,307.0,12.0,162.0,25.0,108.0,187.0,233.0,186.0,1022.0,0,0,0,0,0,0,0,0,0,0,0,0,0,0,0,0,0,0,0,0,0,1,0,0,0,0,0,0,0,0,0,0,0,0,0,0,0,0,0,0,Spruce/Fir,1,0,0,0
2470.0,12.0,26.0,85.0,17.0,658.0,184.0,179.0,122.0,1455.0,0,0,0,0,0,0,0,0,0,1,0,0,0,0,0,0,0,0,0,0,0,0,0,0,0,0,0,0,0,0,0,0,0,0,0,0,0,0,0,0,Douglas-fir,0,0,1,0
2839.0,11.0,14.0,469.0,60.0,3291.0,205.0,212.0,142.0,1323.0,0,0,0,0,0,0,0,0,0,0,0,0,0,0,0,0,0,0,0,0,0,0,0,0,0,0,0,0,0,0,0,1,0,0,0,0,0,0,0,0,Lodgepole Pine,0,0,1,0
3014.0,215.0,9.0,470.0,92.0,5636.0,211.0,249.0,173.0,3072.0,0,0,0,0,0,0,0,0,0,0,0,0,0,0,0,0,0,0,0,0,0,0,0,0,0,0,0,0,1,0,0,0,0,0,0,0,0,0,0,0,Lodgepole Pine,0,1,0,0
3259.0,349.0,5.0,297.0,19.0,5835.0,211.0,232.0,159.0,816.0,0,0,0,0,0,0,0,0,0,0,0,0,0,0,0,0,0,0,0,0,0,1,0,0,0,0,0,0,0,0,0,0,0,0,0,0,0,0,0,0,Spruce/Fir,0,1,0,0
3380.0,92.0,11.0,234.0,4.0,2447.0,237.0,223.0,116.0,2535.0,0,0,0,0,0,0,0,0,0,0,0,0,0,0,0,0,0,0,0,0,0,0,0,0,0,0,0,0,0,0,0,0,0,0,0,0,0,1,0,0,Krummholz,0,1,0,0
2624.0,102.0,13.0,150.0,45.0,1771.0,242.0,222.0,107.0,955.0,0,0,0,0,0,0,0,0,0,0,0,0,0,0,0,0,0,0,0,0,0,0,0,0,0,0,0,0,1,0,0,0,0,0,0,0,0,0,0,0,Ponderosa Pine,0,0,1,0
2723.0,328.0,9.0,268.0,56.0,1082.0,199.0,230.0,170.0,1920.0,0,0,0,0,0,0,0,0,0,0,0,1,0,0,0,0,0,0,0,0,0,0,0,0,0,0,0,0,0,0,0,0,0,0,0,0,0,0,0,0,Lodgepole Pine,0,1,0,0
3225.0,102.0,15.0,120.0,27.0,1637.0,244.0,219.0,99.0,2858.0,0,0,0,0,0,0,0,0,0,0,0,0,0,0,0,0,0,0,0,0,0,0,0,0,0,0,0,0,1,0,0,0,0,0,0,0,0,0,0,0,Spruce/Fir,0,1,0,0
3279.0,355.0,17.0,270.0,56.0,4498.0,190.0,207.0,153.0,2164.0,0,0,0,0,0,0,0,0,0,0,0,0,0,0,0,0,0,0,0,0,0,1,0,0,0,0,0,0,0,0,0,0,0,0,0,0,0,0,0,0,Spruce/Fir,0,0,1,0
3000.0,20.0,6.0,30.0,3.0,2911.0,216.0,228.0,149.0,1605.0,0,0,0,0,0,0,0,0,0,0,0,0,0,0,0,0,0,0,0,0,0,0,0,0,0,0,0,0,1,0,0,0,0,0,0,0,0,0,0,0,Lodgepole Pine,0,1,0,0
3004.0,90.0,14.0,658.0,88.0,5779.0,241.0,216.0,101.0,3316.0,0,0,0,0,0,0,0,0,0,0,0,0,0,0,0,0,0,0,0,0,0,0,0,0,0,0,0,0,1,0,0,0,0,0,0,0,0,0,0,0,Lodgepole Pine,0,1,0,0
2961.0,160.0,9.0,42.0,4.0,3768.0,230.0,242.0,144.0,2589.0,0,0,0,0,0,0,0,0,0,0,0,0,0,0,0,0,0,0,0,0,0,0,0,0,0,0,0,0,1,0,0,0,0,0,0,0,0,0,0,0,Spruce/Fir,0,1,0,0
3086.0,43.0,8.0,42.0,0.0,3778.0,222.0,222.0,135.0,1664.0,0,0,0,0,0,0,0,0,0,0,0,0,0,0,0,0,0,0,0,0,0,0,1,0,0,0,0,0,0,0,0,0,0,0,0,0,0,0,0,0,Lodgepole Pine,0,1,0,0
2880.0,340.0,12.0,60.0,0.0,484.0,195.0,223.0,166.0,2423.0,0,0,0,0,0,0,0,0,0,0,0,0,0,0,0,0,0,0,0,0,0,0,1,0,0,0,0,0,0,0,0,0,0,0,0,0,0,0,0,0,Lodgepole Pine,0,1,0,0
2767.0,129.0,9.0,85.0,18.0,2015.0,236.0,235.0,129.0,638.0,0,0,0,0,0,0,0,0,0,0,0,0,0,0,0,0,0,0,0,0,0,0,0,0,0,0,0,0,1,0,0,0,0,0,0,0,0,0,0,0,Lodgepole Pine,0,0,1,0
2781.0,166.0,20.0,323.0,144.0,1464.0,232.0,242.0,132.0,1142.0,0,0,0,0,0,0,0,0,0,0,0,0,1,0,0,0,0,0,0,0,0,0,0,0,0,0,0,0,0,0,0,0,0,0,0,0,0,0,0,0,Lodgepole Pine,0,0,1,0
2938.0,291.0,11.0,108.0,9.0,5738.0,188.0,238.0,190.0,1425.0,0,0,0,0,0,0,0,0,0,0,0,0,0,0,0,0,0,0,0,0,0,0,0,0,0,0,0,0,1,0,0,0,0,0,0,0,0,0,0,0,Lodgepole Pine,0,1,0,0
3144.0,198.0,16.0,242.0,39.0,2072.0,214.0,252.0,168.0,685.0,0,0,0,0,0,0,0,0,0,0,0,0,0,0,0,0,0,0,0,0,0,1,0,0,0,0,0,0,0,0,0,0,0,0,0,0,0,0,0,0,Spruce/Fir,0,1,0,0
3314.0,6.0,11.0,408.0,41.0,1948.0,207.0,219.0,149.0,1294.0,0,0,0,0,0,0,0,0,0,0,0,0,0,0,0,0,0,0,0,0,0,0,0,0,0,0,0,0,1,0,0,0,0,0,0,0,0,0,0,0,Spruce/Fir,0,0,1,0
3086.0,21.0,20.0,283.0,41.0,4662.0,203.0,195.0,123.0,828.0,0,0,0,0,0,0,0,0,0,0,0,0,0,0,0,0,0,0,0,0,0,0,0,0,0,0,0,0,1,0,0,0,0,0,0,0,0,0,0,0,Lodgepole Pine,0,1,0,0
2461.0,58.0,17.0,0.0,0.0,437.0,230.0,203.0,100.0,1441.0,0,0,0,0,0,0,0,0,0,0,0,0,0,0,0,1,0,0,0,0,0,0,0,0,0,0,0,0,0,0,0,0,0,0,0,0,0,0,0,0,Douglas-fir,0,0,0,1
3123.0,113.0,17.0,351.0,50.0,5001.0,247.0,221.0,97.0,201.0,0,0,0,0,0,0,0,0,0,0,0,0,0,0,0,0,0,0,0,0,0,0,0,0,0,0,0,0,0,1,0,0,0,0,0,0,0,0,0,0,Lodgepole Pine,0,1,0,0
3060.0,292.0,11.0,95.0,11.0,2792.0,189.0,238.0,189.0,1392.0,0,0,0,0,0,0,0,0,0,0,0,0,0,0,0,0,0,0,0,0,0,0,0,0,0,0,0,0,1,0,0,0,0,0,0,0,0,0,0,0,Lodgepole Pine,0,0,1,0
3112.0,185.0,11.0,300.0,41.0,309.0,222.0,248.0,157.0,750.0,0,0,0,0,0,0,0,0,0,0,0,0,0,0,0,0,0,0,0,0,0,0,0,0,0,0,0,0,1,0,0,0,0,0,0,0,0,0,0,0,Lodgepole Pine,0,0,1,0
3217.0,154.0,30.0,366.0,112.0,1195.0,239.0,226.0,94.0,2233.0,0,0,0,0,0,0,0,0,0,0,0,0,0,0,0,0,0,0,0,0,0,0,0,0,0,0,0,0,1,0,0,0,0,0,0,0,0,0,0,0,Spruce/Fir,0,1,0,0
2998.0,79.0,6.0,190.0,6.0,3032.0,228.0,229.0,135.0,1844.0,0,0,0,0,0,0,0,0,0,0,0,0,0,0,0,0,0,0,0,0,0,0,0,0,0,0,0,0,1,0,0,0,0,0,0,0,0,0,0,0,Lodgepole Pine,0,1,0,0
3013.0,352.0,13.0,201.0,48.0,1994.0,196.0,217.0,158.0,1248.0,0,0,0,0,0,0,0,0,0,0,0,0,0,0,0,0,0,0,0,0,0,0,0,0,0,0,0,0,1,0,0,0,0,0,0,0,0,0,0,0,Lodgepole Pine,0,1,0,0
3116.0,113.0,12.0,124.0,3.0,4010.0,241.0,227.0,114.0,3043.0,0,0,0,0,0,0,0,0,0,0,0,0,0,0,0,0,0,0,0,0,0,0,0,0,0,0,0,0,1,0,0,0,0,0,0,0,0,0,0,0,Lodgepole Pine,0,1,0,0
2839.0,342.0,14.0,85.0,22.0,2508.0,189.0,217.0,166.0,2131.0,0,0,0,0,0,0,0,0,0,0,0,0,0,0,0,0,0,0,0,0,0,0,0,0,0,0,0,0,1,0,0,0,0,0,0,0,0,0,0,0,Lodgepole Pine,0,1,0,0
2453.0,165.0,17.0,0.0,0.0,402.0,233.0,243.0,135.0,1129.0,0,0,0,0,0,0,0,0,0,0,0,0,0,0,0,0,1,0,0,0,0,0,0,0,0,0,0,0,0,0,0,0,0,0,0,0,0,0,0,0,Douglas-fir,0,0,1,0
3116.0,60.0,10.0,42.0,2.0,2890.0,228.0,219.0,123.0,3104.0,0,0,0,0,0,0,0,0,0,0,0,0,0,0,0,0,0,0,0,0,0,0,0,1,0,0,0,0,0,0,0,0,0,0,0,0,0,0,0,0,Lodgepole Pine,0,0,1,0
3036.0,45.0,6.0,532.0,91.0,4335.0,222.0,227.0,140.0,1630.0,0,0,0,0,0,0,0,0,0,0,0,0,0,0,0,0,0,0,0,0,0,0,0,0,0,0,0,0,1,0,0,0,0,0,0,0,0,0,0,0,Lodgepole Pine,0,1,0,0
2897.0,80.0,13.0,297.0,55.0,2509.0,237.0,216.0,108.0,2138.0,0,0,0,0,0,0,0,0,0,0,0,0,0,0,0,0,0,0,0,0,0,0,0,0,0,0,0,0,1,0,0,0,0,0,0,0,0,0,0,0,Lodgepole Pine,0,1,0,0
3149.0,104.0,4.0,108.0,17.0,6541.0,226.0,234.0,143.0,2036.0,0,0,0,0,0,0,0,0,0,0,0,0,0,0,0,0,0,0,0,0,0,0,0,0,0,0,0,0,1,0,0,0,0,0,0,0,0,0,0,0,Spruce/Fir,0,1,0,0
2430.0,118.0,27.0,0.0,0.0,524.0,254.0,204.0,60.0,576.0,0,0,0,1,0,0,0,0,0,0,0,0,0,0,0,0,0,0,0,0,0,0,0,0,0,0,0,0,0,0,0,0,0,0,0,0,0,0,0,0,Douglas-fir,0,0,1,0
3244.0,198.0,3.0,513.0,65.0,4707.0,218.0,242.0,160.0,2836.0,0,0,0,0,0,0,0,0,0,0,0,0,0,0,0,0,0,0,0,0,0,0,0,0,0,0,0,0,1,0,0,0,0,0,0,0,0,0,0,0,Spruce/Fir,0,1,0,0
3139.0,27.0,2.0,30.0,1.0,2083.0,218.0,234.0,153.0,2569.0,0,0,0,0,0,0,0,0,0,0,0,0,0,0,0,0,0,0,0,0,0,0,0,0,0,0,0,0,1,0,0,0,0,0,0,0,0,0,0,0,Krummholz,0,1,0,0
2909.0,327.0,18.0,150.0,30.0,1841.0,173.0,217.0,182.0,1362.0,0,0,0,0,0,0,0,0,0,0,0,0,0,0,0,0,0,0,0,0,0,0,0,0,0,0,0,0,0,0,0,1,0,0,0,0,0,0,0,0,Lodgepole Pine,0,0,1,0
2766.0,26.0,24.0,297.0,32.0,1019.0,200.0,179.0,105.0,812.0,0,0,0,0,0,0,0,0,0,0,0,0,0,0,0,0,0,0,0,0,0,0,0,0,0,0,0,0,1,0,0,0,0,0,0,0,0,0,0,0,Lodgepole Pine,0,0,1,0
2532.0,108.0,5.0,242.0,42.0,1312.0,229.0,234.0,138.0,4719.0,0,0,0,0,0,0,0,0,0,0,0,0,0,0,0,0,0,0,0,0,0,0,0,0,0,0,0,0,1,0,0,0,0,0,0,0,0,0,0,0,Lodgepole Pine,0,1,0,0
3049.0,76.0,7.0,258.0,80.0,860.0,229.0,227.0,131.0,764.0,0,0,0,0,0,0,0,0,0,0,0,0,0,0,0,0,0,0,0,0,0,0,0,0,0,0,0,0,1,0,0,0,0,0,0,0,0,0,0,0,Spruce/Fir,0,1,0,0
2334.0,80.0,21.0,297.0,83.0,361.0,243.0,197.0,74.0,850.0,0,0,1,0,0,0,0,0,0,0,0,0,0,0,0,0,0,0,0,0,0,0,0,0,0,0,0,0,0,0,0,0,0,0,0,0,0,0,0,0,Ponderosa Pine,0,0,0,1
2631.0,112.0,5.0,0.0,0.0,180.0,229.0,234.0,139.0,649.0,0,0,0,0,0,0,0,0,0,0,0,0,0,0,0,0,0,0,0,0,0,0,1,0,0,0,0,0,0,0,0,0,0,0,0,0,0,0,0,0,Lodgepole Pine,0,1,0,0
2951.0,44.0,19.0,313.0,81.0,1812.0,221.0,196.0,103.0,2971.0,0,0,0,0,0,0,0,0,0,0,0,0,0,0,0,0,0,0,0,0,0,0,0,0,0,0,0,0,0,0,0,1,0,0,0,0,0,0,0,0,Lodgepole Pine,0,0,1,0
3284.0,0.0,3.0,400.0,41.0,5790.0,215.0,234.0,156.0,636.0,0,0,0,0,0,0,0,0,0,0,0,0,0,0,0,0,0,0,0,0,0,0,0,0,0,0,0,0,1,0,0,0,0,0,0,0,0,0,0,0,Spruce/Fir,0,1,0,0
3307.0,196.0,10.0,569.0,93.0,900.0,218.0,249.0,164.0,2674.0,0,0,0,0,0,0,0,0,0,0,0,0,0,0,0,0,0,0,0,0,0,0,0,0,0,0,0,0,1,0,0,0,0,0,0,0,0,0,0,0,Lodgepole Pine,0,0,1,0
2632.0,199.0,28.0,295.0,28.0,1956.0,198.0,250.0,170.0,1634.0,0,1,0,0,0,0,0,0,0,0,0,0,0,0,0,0,0,0,0,0,0,0,0,0,0,0,0,0,0,0,0,0,0,0,0,0,0,0,0,0,Ponderosa Pine,0,0,1,0
3071.0,147.0,20.0,600.0,83.0,1115.0,243.0,233.0,110.0,1974.0,0,0,0,0,0,0,0,0,0,0,0,0,0,0,0,0,0,0,0,0,0,0,0,0,0,0,0,0,1,0,0,0,0,0,0,0,0,0,0,0,Lodgepole Pine,0,0,1,0
3352.0,178.0,18.0,540.0,146.0,1671.0,225.0,247.0,147.0,1600.0,0,0,0,0,0,0,0,0,0,0,0,0,0,0,0,0,0,0,0,0,0,0,0,0,0,0,0,0,0,0,0,1,0,0,0,0,0,0,0,0,Spruce/Fir,0,0,1,0
3355.0,85.0,15.0,601.0,121.0,1717.0,241.0,212.0,97.0,2055.0,0,0,0,0,0,0,0,0,0,0,0,0,0,0,0,0,0,0,0,0,0,0,0,0,0,0,0,0,1,0,0,0,0,0,0,0,0,0,0,0,Spruce/Fir,0,1,0,0
3132.0,359.0,11.0,60.0,7.0,2089.0,203.0,220.0,154.0,2954.0,0,0,0,0,0,0,0,0,0,0,0,0,0,0,0,0,0,0,0,0,0,0,1,0,0,0,0,0,0,0,0,0,0,0,0,0,0,0,0,0,Spruce/Fir,0,0,1,0
3187.0,146.0,17.0,270.0,29.0,2434.0,241.0,236.0,119.0,569.0,0,0,0,0,0,0,0,0,0,0,0,0,0,0,0,0,0,0,0,0,0,0,0,0,0,0,0,0,0,0,1,0,0,0,0,0,0,0,0,0,Spruce/Fir,0,0,1,0
3073.0,11.0,14.0,270.0,56.0,1348.0,204.0,210.0,141.0,2694.0,0,0,0,0,0,0,0,0,0,0,0,0,0,0,0,0,0,0,0,0,0,0,0,0,0,0,0,0,1,0,0,0,0,0,0,0,0,0,0,0,Spruce/Fir,0,0,1,0
2745.0,336.0,19.0,309.0,134.0,1783.0,175.0,211.0,173.0,2483.0,0,0,0,0,0,0,0,0,0,1,0,0,0,0,0,0,0,0,0,0,0,0,0,0,0,0,0,0,0,0,0,0,0,0,0,0,0,0,0,0,Douglas-fir,0,0,1,0
3059.0,323.0,5.0,30.0,3.0,3691.0,208.0,235.0,166.0,601.0,0,0,0,0,0,0,0,0,0,0,0,0,0,0,0,0,0,0,1,0,0,0,0,0,0,0,0,0,0,0,0,0,0,0,0,0,0,0,0,0,Spruce/Fir,0,1,0,0
3391.0,295.0,5.0,323.0,15.0,2992.0,206.0,238.0,172.0,1976.0,0,0,0,0,0,0,0,0,0,0,0,0,0,0,0,0,0,0,0,0,0,0,0,0,0,0,0,0,0,0,0,0,0,0,0,0,0,0,1,0,Spruce/Fir,0,1,0,0
3296.0,23.0,8.0,0.0,0.0,2123.0,216.0,223.0,144.0,2080.0,0,0,0,0,0,0,0,0,0,0,0,0,0,0,0,0,0,0,0,0,0,0,0,0,0,0,0,0,0,0,0,0,0,0,0,0,0,1,0,0,Lodgepole Pine,1,0,0,0
3151.0,34.0,7.0,162.0,12.0,2089.0,219.0,225.0,142.0,2447.0,0,0,0,0,0,0,0,0,0,0,0,0,0,0,0,0,0,0,0,0,0,0,0,0,0,0,0,0,1,0,0,0,0,0,0,0,0,0,0,0,Lodgepole Pine,0,1,0,0
2423.0,330.0,20.0,212.0,77.0,1242.0,170.0,212.0,180.0,671.0,0,0,0,0,0,0,0,0,0,1,0,0,0,0,0,0,0,0,0,0,0,0,0,0,0,0,0,0,0,0,0,0,0,0,0,0,0,0,0,0,Douglas-fir,0,0,0,1
2915.0,304.0,3.0,0.0,0.0,4412.0,210.0,238.0,166.0,4311.0,0,0,0,0,0,0,0,0,0,0,0,0,0,0,0,0,0,0,0,0,0,0,0,0,0,0,0,0,1,0,0,0,0,0,0,0,0,0,0,0,Spruce/Fir,0,1,0,0
2455.0,1.0,15.0,300.0,57.0,470.0,198.0,211.0,150.0,1136.0,0,0,0,0,0,0,0,0,0,1,0,0,0,0,0,0,0,0,0,0,0,0,0,0,0,0,0,0,0,0,0,0,0,0,0,0,0,0,0,0,Douglas-fir,0,0,0,1
3068.0,59.0,6.0,270.0,13.0,725.0,224.0,228.0,139.0,1343.0,0,0,0,0,0,0,0,0,0,0,0,0,0,0,0,0,0,0,0,0,0,0,0,0,0,0,0,0,1,0,0,0,0,0,0,0,0,0,0,0,Spruce/Fir,0,0,1,0
3403.0,216.0,25.0,443.0,148.0,3433.0,187.0,254.0,193.0,751.0,0,0,0,0,0,0,0,0,0,0,0,0,0,0,0,0,0,0,0,0,0,0,0,0,0,0,0,0,0,0,0,0,0,0,0,0,0,0,1,0,Spruce/Fir,0,1,0,0
3240.0,328.0,14.0,201.0,18.0,4478.0,185.0,222.0,177.0,663.0,0,0,0,0,0,0,0,0,0,0,0,0,0,0,0,0,0,0,0,0,0,0,0,0,0,0,0,0,0,0,0,1,0,0,0,0,0,0,0,0,Spruce/Fir,0,0,1,0
3079.0,31.0,17.0,201.0,13.0,3928.0,214.0,202.0,119.0,685.0,0,0,0,0,0,0,0,0,0,0,0,0,0,0,0,0,0,0,0,0,0,0,0,0,0,0,0,0,1,0,0,0,0,0,0,0,0,0,0,0,Spruce/Fir,0,1,0,0
3310.0,189.0,22.0,108.0,16.0,2185.0,214.0,250.0,158.0,3691.0,0,0,0,0,0,0,0,0,0,0,0,0,0,0,0,0,0,0,0,0,0,0,0,0,0,0,0,0,0,0,0,1,0,0,0,0,0,0,0,0,Spruce/Fir,1,0,0,0
3402.0,356.0,14.0,190.0,35.0,5251.0,197.0,214.0,154.0,3571.0,0,0,0,0,0,0,0,0,0,0,0,0,0,0,0,0,0,0,0,0,0,0,0,0,0,0,0,0,0,0,0,0,0,0,0,0,0,1,0,0,Krummholz,0,0,1,0
2971.0,74.0,12.0,466.0,37.0,2281.0,234.0,217.0,114.0,2683.0,0,0,0,0,0,0,0,0,0,0,0,0,0,0,0,0,0,0,0,0,0,0,0,0,0,0,0,0,1,0,0,0,0,0,0,0,0,0,0,0,Spruce/Fir,0,0,1,0
3046.0,181.0,9.0,594.0,135.0,3072.0,223.0,246.0,156.0,757.0,0,0,0,0,0,0,0,0,0,0,0,0,0,0,0,0,0,0,0,0,0,0,0,0,0,0,0,0,0,0,0,1,0,0,0,0,0,0,0,0,Lodgepole Pine,0,0,1,0
2814.0,300.0,5.0,162.0,16.0,600.0,205.0,238.0,172.0,524.0,0,0,0,0,0,0,0,0,0,0,0,0,0,0,0,0,0,0,0,0,0,0,1,0,0,0,0,0,0,0,0,0,0,0,0,0,0,0,0,0,Lodgepole Pine,0,1,0,0
2251.0,125.0,19.0,108.0,39.0,1517.0,248.0,224.0,97.0,417.0,0,0,0,0,0,0,0,0,0,1,0,0,0,0,0,0,0,0,0,0,0,0,0,0,0,0,0,0,0,0,0,0,0,0,0,0,0,0,0,0,Douglas-fir,0,0,0,1
3235.0,60.0,18.0,175.0,46.0,1559.0,231.0,201.0,96.0,2610.0,0,0,0,0,0,0,0,0,0,0,0,0,0,0,0,0,0,0,0,0,0,0,0,0,0,0,0,0,1,0,0,0,0,0,0,0,0,0,0,0,Lodgepole Pine,0,1,0,0
2689.0,46.0,13.0,511.0,89.0,1167.0,224.0,210.0,118.0,2673.0,0,0,0,0,0,0,0,0,0,0,0,0,0,0,0,0,0,0,0,0,0,0,0,0,0,0,0,0,1,0,0,0,0,0,0,0,0,0,0,0,Lodgepole Pine,0,1,0,0
2301.0,93.0,20.0,90.0,29.0,1142.0,247.0,206.0,79.0,757.0,0,0,0,0,0,0,0,0,0,0,0,0,0,0,0,0,0,0,0,0,0,0,0,0,0,0,0,0,1,0,0,0,0,0,0,0,0,0,0,0,Ponderosa Pine,0,0,0,1
2868.0,122.0,30.0,42.0,20.0,2130.0,254.0,200.0,49.0,1570.0,0,0,0,0,0,0,0,0,0,0,0,0,1,0,0,0,0,0,0,0,0,0,0,0,0,0,0,0,0,0,0,0,0,0,0,0,0,0,0,0,Lodgepole Pine,0,0,1,0
3248.0,16.0,10.0,450.0,45.0,1959.0,211.0,219.0,143.0,1092.0,0,0,0,0,0,0,0,0,0,0,0,0,0,0,0,0,0,0,0,0,0,0,0,0,0,0,0,0,1,0,0,0,0,0,0,0,0,0,0,0,Spruce/Fir,0,0,1,0
3426.0,114.0,25.0,240.0,63.0,3995.0,253.0,205.0,63.0,3649.0,0,0,0,0,0,0,0,0,0,0,0,0,0,0,0,0,0,0,0,0,0,0,0,0,0,0,0,0,1,0,0,0,0,0,0,0,0,0,0,0,Krummholz,0,0,1,0
3331.0,120.0,14.0,424.0,49.0,2081.0,244.0,227.0,109.0,2388.0,0,0,0,0,0,0,0,0,0,0,0,0,0,0,0,0,0,0,0,0,0,0,0,0,0,0,0,0,0,0,0,0,0,0,0,0,0,1,0,0,Spruce/Fir,0,1,0,0
2991.0,40.0,21.0,255.0,69.0,4955.0,216.0,190.0,100.0,3140.0,0,0,0,0,0,0,0,0,0,0,0,0,0,0,0,0,0,0,0,0,0,0,0,0,0,0,0,0,1,0,0,0,0,0,0,0,0,0,0,0,Spruce/Fir,0,1,0,0
2824.0,27.0,16.0,492.0,11.0,3275.0,212.0,204.0,125.0,2544.0,0,0,0,0,0,0,0,0,0,1,0,0,0,0,0,0,0,0,0,0,0,0,0,0,0,0,0,0,0,0,0,0,0,0,0,0,0,0,0,0,Spruce/Fir,0,0,1,0
2392.0,110.0,10.0,95.0,12.0,162.0,238.0,229.0,120.0,283.0,0,0,0,0,0,0,0,0,0,1,0,0,0,0,0,0,0,0,0,0,0,0,0,0,0,0,0,0,0,0,0,0,0,0,0,0,0,0,0,0,Douglas-fir,0,0,1,0
3192.0,51.0,12.0,644.0,125.0,1687.0,226.0,214.0,120.0,3181.0,0,0,0,0,0,0,0,0,0,0,0,0,0,0,0,0,0,0,0,0,0,0,0,0,0,0,0,0,0,0,0,0,1,0,0,0,0,0,0,0,Spruce/Fir,0,0,1,0
3064.0,0.0,9.0,150.0,24.0,1065.0,208.0,224.0,154.0,1530.0,0,0,0,0,0,0,0,0,0,0,0,0,0,0,0,0,0,0,0,0,0,0,0,0,0,0,0,0,1,0,0,0,0,0,0,0,0,0,0,0,Lodgepole Pine,1,0,0,0
3470.0,300.0,16.0,247.0,95.0,3144.0,173.0,232.0,199.0,1826.0,0,0,0,0,0,0,0,0,0,0,0,0,0,0,0,0,0,0,0,0,0,0,0,0,0,0,0,0,1,0,0,0,0,0,0,0,0,0,0,0,Spruce/Fir,0,1,0,0
2744.0,338.0,16.0,192.0,49.0,2884.0,184.0,216.0,170.0,1154.0,0,0,0,0,0,0,0,0,0,0,0,0,0,0,0,0,0,0,0,0,0,0,0,0,0,0,0,0,0,0,0,1,0,0,0,0,0,0,0,0,Lodgepole Pine,0,0,1,0
3027.0,46.0,19.0,382.0,49.0,170.0,222.0,194.0,99.0,1195.0,0,0,0,0,0,0,0,0,0,0,0,0,0,0,0,0,0,0,0,0,0,0,0,1,0,0,0,0,0,0,0,0,0,0,0,0,0,0,0,0,Lodgepole Pine,0,0,1,0
2871.0,99.0,8.0,300.0,92.0,3271.0,233.0,229.0,128.0,616.0,0,0,0,0,0,0,0,0,0,0,0,0,0,0,0,0,0,0,0,0,0,0,0,0,0,0,0,0,0,0,0,1,0,0,0,0,0,0,0,0,Lodgepole Pine,0,0,1,0
2728.0,123.0,5.0,170.0,31.0,2579.0,228.0,236.0,142.0,4906.0,0,0,0,0,0,0,0,0,0,0,0,0,0,0,0,0,0,0,0,0,0,0,0,0,0,0,0,0,1,0,0,0,0,0,0,0,0,0,0,0,Lodgepole Pine,0,1,0,0
2638.0,345.0,19.0,134.0,30.0,1482.0,179.0,207.0,164.0,1273.0,0,0,0,0,0,0,0,0,0,0,0,0,0,0,0,0,0,0,0,0,0,0,0,0,0,0,0,0,1,0,0,0,0,0,0,0,0,0,0,0,Lodgepole Pine,0,1,0,0
2337.0,30.0,22.0,335.0,130.0,153.0,208.0,188.0,107.0,1489.0,0,0,0,0,0,0,0,0,0,1,0,0,0,0,0,0,0,0,0,0,0,0,0,0,0,0,0,0,0,0,0,0,0,0,0,0,0,0,0,0,Ponderosa Pine,0,0,0,1
3126.0,84.0,22.0,170.0,69.0,4984.0,245.0,197.0,70.0,1664.0,0,0,0,0,0,0,0,0,0,0,0,0,0,0,0,0,0,0,0,0,0,0,0,0,0,0,0,0,1,0,0,0,0,0,0,0,0,0,0,0,Spruce/Fir,0,1,0,0
3340.0,46.0,14.0,190.0,32.0,2184.0,224.0,208.0,115.0,1806.0,0,0,0,0,0,0,0,0,0,0,0,0,0,0,0,0,0,0,0,0,0,0,0,0,0,0,0,0,1,0,0,0,0,0,0,0,0,0,0,0,Spruce/Fir,0,0,1,0
2803.0,248.0,17.0,60.0,9.0,2162.0,182.0,250.0,204.0,2927.0,0,0,0,0,0,0,0,0,0,0,0,0,0,0,0,0,0,0,0,0,0,0,0,0,0,0,0,0,1,0,0,0,0,0,0,0,0,0,0,0,Spruce/Fir,0,1,0,0
3146.0,133.0,11.0,90.0,4.0,3365.0,238.0,235.0,126.0,4270.0,0,0,0,0,0,0,0,0,0,0,0,0,0,0,0,0,0,0,0,0,0,0,0,0,0,0,0,0,1,0,0,0,0,0,0,0,0,0,0,0,Spruce/Fir,0,1,0,0
2871.0,22.0,10.0,30.0,2.0,1429.0,214.0,218.0,140.0,2639.0,0,0,0,0,0,0,0,0,0,0,1,0,0,0,0,0,0,0,0,0,0,0,0,0,0,0,0,0,0,0,0,0,0,0,0,0,0,0,0,0,Lodgepole Pine,0,0,1,0
2972.0,31.0,18.0,270.0,103.0,5444.0,213.0,198.0,115.0,1075.0,0,0,0,0,0,0,0,0,0,0,0,0,0,0,0,0,0,0,0,0,0,0,0,0,0,0,0,0,1,0,0,0,0,0,0,0,0,0,0,0,Lodgepole Pine,0,1,0,0
2945.0,307.0,22.0,124.0,19.0,1806.0,155.0,221.0,204.0,1573.0,0,0,0,0,0,0,0,0,0,0,0,0,0,0,0,0,0,0,0,0,0,0,0,0,0,0,0,0,0,0,0,0,1,0,0,0,0,0,0,0,Lodgepole Pine,0,0,1,0
3167.0,188.0,21.0,212.0,76.0,3653.0,216.0,250.0,157.0,700.0,0,0,0,0,0,0,0,0,0,0,0,0,0,0,0,0,0,0,0,0,0,0,0,0,0,0,0,0,0,0,0,0,1,0,0,0,0,0,0,0,Lodgepole Pine,0,0,1,0
2793.0,107.0,25.0,313.0,36.0,1839.0,253.0,202.0,62.0,2114.0,0,0,0,0,0,0,0,0,0,0,0,0,0,0,0,0,0,0,0,0,0,0,0,0,0,0,0,0,1,0,0,0,0,0,0,0,0,0,0,0,Lodgepole Pine,0,0,1,0
2296.0,67.0,28.0,306.0,89.0,306.0,234.0,173.0,52.0,1539.0,0,0,0,0,0,0,0,0,0,1,0,0,0,0,0,0,0,0,0,0,0,0,0,0,0,0,0,0,0,0,0,0,0,0,0,0,0,0,0,0,Ponderosa Pine,0,0,0,1
3216.0,84.0,9.0,108.0,26.0,1773.0,233.0,225.0,123.0,1510.0,0,0,0,0,0,0,0,0,0,0,0,0,0,0,0,0,0,0,0,0,0,0,1,0,0,0,0,0,0,0,0,0,0,0,0,0,0,0,0,0,Spruce/Fir,1,0,0,0
3104.0,146.0,9.0,210.0,13.0,1466.0,232.0,239.0,139.0,3361.0,0,0,0,0,0,0,0,0,0,0,0,0,0,0,0,0,0,0,0,0,0,0,0,0,0,0,0,0,1,0,0,0,0,0,0,0,0,0,0,0,Spruce/Fir,0,0,1,0
3018.0,106.0,13.0,256.0,46.0,5117.0,242.0,224.0,109.0,4241.0,0,0,0,0,0,0,0,0,0,0,0,0,0,0,0,0,0,0,0,0,0,0,0,0,0,0,0,0,1,0,0,0,0,0,0,0,0,0,0,0,Lodgepole Pine,0,1,0,0
2777.0,107.0,13.0,150.0,38.0,480.0,242.0,224.0,109.0,313.0,0,0,0,0,0,0,0,0,0,0,0,0,0,0,0,0,0,0,0,0,0,0,0,0,0,0,0,0,0,1,0,0,0,0,0,0,0,0,0,0,Aspen,0,1,0,0
3195.0,15.0,15.0,277.0,57.0,2259.0,205.0,207.0,136.0,2724.0,0,0,0,0,0,0,0,0,0,0,0,0,0,0,0,0,0,0,0,0,0,0,0,0,0,0,0,0,1,0,0,0,0,0,0,0,0,0,0,0,Spruce/Fir,0,0,1,0
2891.0,152.0,15.0,212.0,42.0,3084.0,237.0,239.0,129.0,3242.0,0,0,0,0,0,0,0,0,0,0,0,0,0,0,0,0,0,0,0,0,0,0,0,0,0,0,0,0,1,0,0,0,0,0,0,0,0,0,0,0,Lodgepole Pine,0,1,0,0
2942.0,249.0,13.0,182.0,39.0,5104.0,191.0,249.0,195.0,1471.0,0,0,0,0,0,0,0,0,0,0,0,0,0,0,0,0,0,0,0,0,0,0,0,0,0,0,0,0,1,0,0,0,0,0,0,0,0,0,0,0,Lodgepole Pine,0,1,0,0
2733.0,224.0,25.0,0.0,0.0,2902.0,179.0,254.0,202.0,1237.0,0,0,0,1,0,0,0,0,0,0,0,0,0,0,0,0,0,0,0,0,0,0,0,0,0,0,0,0,0,0,0,0,0,0,0,0,0,0,0,0,Lodgepole Pine,0,0,1,0
2975.0,25.0,13.0,228.0,26.0,4387.0,213.0,210.0,132.0,3972.0,0,0,0,0,0,0,0,0,0,0,0,0,0,0,0,0,0,0,0,0,0,0,1,0,0,0,0,0,0,0,0,0,0,0,0,0,0,0,0,0,Spruce/Fir,0,1,0,0
3198.0,117.0,6.0,190.0,0.0,2603.0,231.0,234.0,136.0,967.0,0,0,0,0,0,0,0,0,0,0,0,0,0,0,0,0,0,0,0,0,0,0,1,0,0,0,0,0,0,0,0,0,0,0,0,0,0,0,0,0,Spruce/Fir,0,1,0,0
3107.0,9.0,25.0,150.0,45.0,4051.0,182.0,180.0,127.0,767.0,0,0,0,0,0,0,0,0,0,0,0,0,0,0,0,0,0,0,0,0,0,1,0,0,0,0,0,0,0,0,0,0,0,0,0,0,0,0,0,0,Spruce/Fir,0,1,0,0
2964.0,309.0,12.0,124.0,41.0,3479.0,186.0,232.0,186.0,1919.0,0,0,0,0,0,0,0,0,0,0,0,0,0,0,0,0,0,0,0,0,0,0,0,0,0,0,0,0,1,0,0,0,0,0,0,0,0,0,0,0,Lodgepole Pine,0,1,0,0
3215.0,135.0,10.0,60.0,4.0,5116.0,236.0,236.0,131.0,277.0,0,0,0,0,0,0,0,0,0,0,0,0,0,0,0,0,0,0,0,0,0,0,0,0,0,0,0,0,0,0,0,0,0,0,0,0,0,1,0,0,Spruce/Fir,0,1,0,0
3197.0,129.0,15.0,212.0,14.0,2341.0,244.0,230.0,110.0,518.0,0,0,0,0,0,0,0,0,0,0,0,0,0,0,0,0,0,0,0,0,0,0,0,0,0,0,0,0,0,0,0,1,0,0,0,0,0,0,0,0,Spruce/Fir,0,0,1,0
3271.0,151.0,7.0,255.0,31.0,5195.0,230.0,240.0,143.0,660.0,0,0,0,0,0,0,0,0,0,0,0,0,0,0,0,0,0,0,0,0,0,0,0,0,0,0,0,0,1,0,0,0,0,0,0,0,0,0,0,0,Lodgepole Pine,0,1,0,0
3275.0,352.0,7.0,228.0,56.0,1381.0,208.0,229.0,158.0,516.0,0,0,0,0,0,0,0,0,0,0,0,0,0,0,0,0,0,0,0,0,0,0,0,0,0,0,0,0,0,0,0,0,0,0,0,0,0,1,0,0,Spruce/Fir,0,1,0,0
3140.0,168.0,23.0,210.0,11.0,2478.0,231.0,242.0,129.0,3358.0,0,0,0,0,0,0,0,0,0,0,0,0,0,0,0,0,0,0,0,0,0,1,0,0,0,0,0,0,0,0,0,0,0,0,0,0,0,0,0,0,Spruce/Fir,0,1,0,0
2635.0,140.0,19.0,60.0,12.0,1282.0,244.0,231.0,108.0,824.0,0,1,0,0,0,0,0,0,0,0,0,0,0,0,0,0,0,0,0,0,0,0,0,0,0,0,0,0,0,0,0,0,0,0,0,0,0,0,0,0,Ponderosa Pine,0,0,1,0
3189.0,145.0,17.0,256.0,62.0,2182.0,241.0,235.0,118.0,3274.0,0,0,0,0,0,0,0,0,0,0,0,0,0,0,0,0,0,0,0,0,0,0,0,0,0,0,0,0,0,0,0,0,1,0,0,0,0,0,0,0,Spruce/Fir,0,0,1,0
3564.0,352.0,7.0,240.0,71.0,1679.0,208.0,228.0,158.0,1337.0,0,0,0,0,0,0,0,0,0,0,0,0,0,0,0,0,0,0,0,0,0,0,0,0,0,0,0,0,0,0,0,0,0,0,0,0,0,0,0,1,Krummholz,1,0,0,0
3126.0,63.0,8.0,60.0,3.0,4901.0,228.0,223.0,128.0,2670.0,0,0,0,0,0,0,0,0,0,0,0,0,0,0,0,0,0,0,0,0,0,0,0,0,0,0,0,0,1,0,0,0,0,0,0,0,0,0,0,0,Lodgepole Pine,0,1,0,0
3118.0,55.0,26.0,424.0,93.0,2200.0,226.0,176.0,68.0,1816.0,0,0,0,0,0,0,0,0,0,0,0,0,0,0,0,0,0,0,0,0,0,0,0,0,0,0,0,0,0,0,0,0,1,0,0,0,0,0,0,0,Spruce/Fir,0,0,1,0
3338.0,4.0,13.0,418.0,62.0,2072.0,202.0,214.0,148.0,1399.0,0,0,0,0,0,0,0,0,0,0,0,0,0,0,0,0,0,0,0,0,0,0,0,0,0,0,0,0,1,0,0,0,0,0,0,0,0,0,0,0,Spruce/Fir,0,0,1,0
2844.0,39.0,13.0,30.0,7.0,594.0,220.0,212.0,124.0,309.0,0,0,0,0,0,0,0,0,0,0,0,0,0,0,0,0,0,0,0,0,0,0,1,0,0,0,0,0,0,0,0,0,0,0,0,0,0,0,0,0,Lodgepole Pine,0,0,1,0
3043.0,336.0,8.0,30.0,4.0,335.0,202.0,229.0,166.0,1150.0,0,0,0,0,0,0,0,0,0,0,0,0,0,0,0,0,0,0,0,0,0,0,1,0,0,0,0,0,0,0,0,0,0,0,0,0,0,0,0,0,Lodgepole Pine,0,1,0,0
2636.0,108.0,4.0,0.0,0.0,42.0,226.0,235.0,144.0,677.0,0,0,0,0,0,0,0,0,0,0,0,0,0,0,0,0,1,0,0,0,0,0,0,0,0,0,0,0,0,0,0,0,0,0,0,0,0,0,0,0,Lodgepole Pine,0,0,1,0
3162.0,64.0,6.0,85.0,1.0,1922.0,226.0,228.0,136.0,511.0,0,0,0,0,0,0,0,0,0,0,0,0,0,0,0,0,0,0,0,0,0,0,1,0,0,0,0,0,0,0,0,0,0,0,0,0,0,0,0,0,Spruce/Fir,0,1,0,0
3256.0,261.0,3.0,90.0,10.0,4371.0,212.0,241.0,166.0,607.0,0,0,0,0,0,0,0,0,0,0,0,0,0,0,0,0,0,0,0,0,0,0,0,0,0,0,0,0,0,0,0,0,0,0,0,0,0,1,0,0,Spruce/Fir,0,1,0,0
3258.0,152.0,19.0,600.0,35.0,2916.0,240.0,237.0,119.0,2853.0,0,0,0,0,0,0,0,0,0,0,0,0,0,0,0,0,0,0,0,0,0,0,0,0,0,0,0,0,1,0,0,0,0,0,0,0,0,0,0,0,Spruce/Fir,0,0,1,0
2844.0,118.0,21.0,60.0,8.0,3949.0,250.0,216.0,83.0,3002.0,0,0,0,0,0,0,0,0,0,0,0,0,0,0,0,0,0,0,0,0,0,0,0,0,0,0,0,0,1,0,0,0,0,0,0,0,0,0,0,0,Lodgepole Pine,0,1,0,0
3300.0,278.0,12.0,162.0,34.0,3545.0,187.0,242.0,195.0,1790.0,0,0,0,0,0,0,0,0,0,0,0,0,0,0,0,0,0,0,0,0,0,0,0,0,0,0,0,0,0,0,0,1,0,0,0,0,0,0,0,0,Spruce/Fir,0,0,1,0
2486.0,108.0,7.0,360.0,9.0,900.0,232.0,232.0,133.0,4070.0,0,0,0,0,0,0,0,0,0,0,0,0,0,0,0,0,0,1,0,0,0,0,0,0,0,0,0,0,0,0,0,0,0,0,0,0,0,0,0,0,Lodgepole Pine,0,1,0,0
2883.0,143.0,28.0,108.0,39.0,5933.0,247.0,221.0,83.0,4380.0,0,0,0,0,0,0,0,0,0,0,0,0,0,0,0,0,0,0,0,0,0,0,0,0,0,0,0,0,1,0,0,0,0,0,0,0,0,0,0,0,Lodgepole Pine,0,1,0,0
2933.0,295.0,15.0,67.0,5.0,2590.0,175.0,234.0,199.0,671.0,0,0,0,0,0,0,0,0,0,0,0,0,0,0,0,0,0,0,0,0,0,1,0,0,0,0,0,0,0,0,0,0,0,0,0,0,0,0,0,0,Spruce/Fir,0,0,1,0
3330.0,0.0,7.0,30.0,4.0,2962.0,210.0,228.0,155.0,2148.0,0,0,0,0,0,0,0,0,0,0,0,0,0,0,0,0,0,0,0,0,0,0,0,0,0,0,0,0,0,0,0,0,0,0,0,0,0,1,0,0,Spruce/Fir,0,1,0,0
2567.0,330.0,22.0,342.0,166.0,1020.0,162.0,207.0,182.0,994.0,0,0,0,0,0,0,0,0,0,1,0,0,0,0,0,0,0,0,0,0,0,0,0,0,0,0,0,0,0,0,0,0,0,0,0,0,0,0,0,0,Ponderosa Pine,0,0,1,0
3096.0,76.0,20.0,108.0,46.0,5034.0,240.0,199.0,82.0,1708.0,0,0,0,0,0,0,0,0,0,0,0,0,0,0,0,0,0,0,0,0,0,0,0,0,0,0,0,0,1,0,0,0,0,0,0,0,0,0,0,0,Spruce/Fir,0,1,0,0
3024.0,20.0,13.0,192.0,37.0,890.0,210.0,211.0,135.0,1878.0,0,0,0,0,0,0,0,0,0,0,0,0,0,0,0,0,0,0,0,0,0,0,0,0,0,0,0,0,0,0,0,1,0,0,0,0,0,0,0,0,Lodgepole Pine,0,0,1,0
3237.0,89.0,14.0,175.0,11.0,2609.0,240.0,217.0,104.0,1557.0,0,0,0,0,0,0,0,0,0,0,0,0,0,0,0,0,0,0,0,0,0,0,0,0,0,0,0,0,1,0,0,0,0,0,0,0,0,0,0,0,Krummholz,0,0,1,0
2869.0,66.0,17.0,134.0,11.0,3181.0,234.0,204.0,96.0,4267.0,0,0,0,0,0,0,0,0,0,0,0,0,0,0,0,0,0,0,0,0,0,0,0,0,0,0,0,0,1,0,0,0,0,0,0,0,0,0,0,0,Lodgepole Pine,0,1,0,0
2829.0,136.0,26.0,85.0,32.0,4478.0,249.0,220.0,82.0,342.0,0,0,0,0,0,0,0,0,0,0,0,0,0,0,0,0,0,0,0,0,0,1,0,0,0,0,0,0,0,0,0,0,0,0,0,0,0,0,0,0,Lodgepole Pine,0,1,0,0
2959.0,163.0,9.0,175.0,22.0,3725.0,229.0,243.0,146.0,2131.0,0,0,0,0,0,0,0,0,0,0,0,0,0,0,0,0,0,0,0,0,0,0,0,0,0,0,0,0,1,0,0,0,0,0,0,0,0,0,0,0,Lodgepole Pine,0,1,0,0
2965.0,217.0,5.0,277.0,19.0,1873.0,215.0,244.0,166.0,2100.0,0,0,0,0,0,0,0,0,0,0,0,0,0,0,0,0,0,0,0,0,0,0,0,0,0,0,0,0,0,0,0,1,0,0,0,0,0,0,0,0,Lodgepole Pine,0,0,1,0
2905.0,230.0,4.0,162.0,9.0,2117.0,214.0,243.0,166.0,671.0,0,0,0,0,0,0,0,0,0,0,0,0,0,0,0,0,0,0,0,0,0,0,0,0,0,0,0,0,1,0,0,0,0,0,0,0,0,0,0,0,Lodgepole Pine,0,0,1,0
2776.0,135.0,1.0,335.0,16.0,2202.0,220.0,238.0,155.0,1529.0,0,0,0,0,0,0,0,0,0,0,0,0,0,0,0,0,0,0,0,0,0,0,0,0,0,0,0,0,1,0,0,0,0,0,0,0,0,0,0,0,Lodgepole Pine,0,1,0,0
2333.0,282.0,21.0,190.0,63.0,953.0,156.0,236.0,217.0,255.0,0,0,0,0,0,0,0,0,0,0,0,0,0,0,0,0,0,0,0,0,0,0,0,0,0,0,0,0,1,0,0,0,0,0,0,0,0,0,0,0,Ponderosa Pine,0,0,0,1
2758.0,26.0,14.0,566.0,59.0,210.0,213.0,208.0,129.0,888.0,0,0,0,0,0,0,0,0,0,0,1,0,0,0,0,0,0,0,0,0,0,0,0,0,0,0,0,0,0,0,0,0,0,0,0,0,0,0,0,0,Lodgepole Pine,0,0,1,0
2551.0,60.0,13.0,95.0,0.0,2301.0,230.0,213.0,114.0,2353.0,0,0,0,0,0,0,0,0,0,0,1,0,0,0,0,0,0,0,0,0,0,0,0,0,0,0,0,0,0,0,0,0,0,0,0,0,0,0,0,0,Lodgepole Pine,0,0,1,0
3336.0,14.0,4.0,696.0,41.0,849.0,216.0,231.0,153.0,1368.0,0,0,0,0,0,0,0,0,0,0,0,0,0,0,0,0,0,0,0,0,0,0,0,0,0,0,0,0,1,0,0,0,0,0,0,0,0,0,0,0,Krummholz,0,0,1,0
3018.0,184.0,12.0,785.0,105.0,5850.0,223.0,248.0,156.0,3628.0,0,0,0,0,0,0,0,0,0,0,0,0,0,0,0,0,0,0,0,0,0,0,0,0,0,0,0,0,1,0,0,0,0,0,0,0,0,0,0,0,Lodgepole Pine,0,1,0,0
3290.0,231.0,22.0,216.0,61.0,2230.0,181.0,254.0,204.0,2984.0,0,0,0,0,0,0,0,0,0,0,0,0,0,0,0,0,0,0,0,0,0,0,0,0,0,0,0,0,1,0,0,0,0,0,0,0,0,0,0,0,Spruce/Fir,0,1,0,0
3001.0,253.0,6.0,408.0,57.0,234.0,206.0,244.0,177.0,1436.0,0,0,0,0,0,0,0,0,0,0,0,0,0,0,0,0,0,0,0,0,0,0,0,0,0,0,0,0,0,0,0,1,0,0,0,0,0,0,0,0,Lodgepole Pine,0,0,1,0
3034.0,353.0,10.0,60.0,5.0,2516.0,203.0,223.0,158.0,3007.0,0,0,0,0,0,0,0,0,0,0,0,0,0,0,0,0,0,0,0,0,0,0,1,0,0,0,0,0,0,0,0,0,0,0,0,0,0,0,0,0,Spruce/Fir,0,1,0,0
3024.0,359.0,16.0,240.0,12.0,800.0,194.0,209.0,150.0,1100.0,0,0,0,0,0,0,0,0,0,0,0,0,0,0,0,0,0,0,0,0,0,0,0,0,0,0,0,0,1,0,0,0,0,0,0,0,0,0,0,0,Lodgepole Pine,1,0,0,0
3080.0,241.0,9.0,376.0,47.0,5769.0,204.0,248.0,181.0,1879.0,0,0,0,0,0,0,0,0,0,0,0,0,0,0,0,0,0,0,0,0,0,1,0,0,0,0,0,0,0,0,0,0,0,0,0,0,0,0,0,0,Lodgepole Pine,0,1,0,0
2726.0,338.0,25.0,210.0,113.0,1294.0,157.0,195.0,173.0,1939.0,0,0,0,0,0,0,0,0,0,0,0,0,1,0,0,0,0,0,0,0,0,0,0,0,0,0,0,0,0,0,0,0,0,0,0,0,0,0,0,0,Douglas-fir,0,0,1,0
3203.0,249.0,3.0,218.0,7.0,6144.0,212.0,242.0,167.0,1406.0,0,0,0,0,0,0,0,0,0,0,0,0,0,0,0,0,0,0,0,0,0,0,0,0,0,0,0,0,1,0,0,0,0,0,0,0,0,0,0,0,Lodgepole Pine,0,1,0,0
2949.0,96.0,7.0,30.0,3.0,5340.0,232.0,229.0,129.0,2151.0,0,0,0,0,0,0,0,0,0,0,0,0,0,0,0,0,0,0,0,0,0,0,1,0,0,0,0,0,0,0,0,0,0,0,0,0,0,0,0,0,Spruce/Fir,0,1,0,0
2895.0,59.0,11.0,150.0,31.0,3102.0,228.0,218.0,121.0,2533.0,0,0,0,0,0,0,0,0,0,0,0,0,0,0,0,0,0,0,0,0,0,0,0,0,0,0,0,0,1,0,0,0,0,0,0,0,0,0,0,0,Lodgepole Pine,0,1,0,0
3116.0,67.0,18.0,390.0,41.0,3542.0,235.0,202.0,93.0,4767.0,0,0,0,0,0,0,0,0,0,0,0,0,0,0,0,0,0,0,0,0,0,0,0,0,0,0,0,0,1,0,0,0,0,0,0,0,0,0,0,0,Lodgepole Pine,0,1,0,0
3273.0,220.0,15.0,446.0,136.0,891.0,201.0,253.0,186.0,4642.0,0,0,0,0,0,0,0,0,0,0,0,0,0,0,0,0,0,0,0,0,0,0,0,0,0,0,0,0,1,0,0,0,0,0,0,0,0,0,0,0,Lodgepole Pine,1,0,0,0
2765.0,45.0,16.0,175.0,71.0,1482.0,222.0,202.0,109.0,907.0,0,0,0,0,0,0,0,0,0,0,0,0,0,0,0,0,0,0,0,0,0,0,0,0,0,0,0,0,0,0,1,0,0,0,0,0,0,0,0,0,Lodgepole Pine,0,0,1,0
2790.0,47.0,18.0,30.0,16.0,832.0,223.0,199.0,104.0,1998.0,0,0,0,0,0,0,0,0,0,0,0,0,0,0,0,0,0,0,0,0,0,0,0,0,0,0,0,0,1,0,0,0,0,0,0,0,0,0,0,0,Spruce/Fir,0,1,0,0
2967.0,179.0,13.0,459.0,81.0,1822.0,225.0,248.0,152.0,1950.0,0,0,0,0,0,0,0,0,0,0,0,0,0,0,0,0,0,0,0,0,0,0,0,0,0,0,0,0,0,0,0,1,0,0,0,0,0,0,0,0,Lodgepole Pine,0,0,1,0
2654.0,211.0,6.0,0.0,0.0,1986.0,216.0,245.0,166.0,1890.0,0,0,0,0,0,0,0,0,0,1,0,0,0,0,0,0,0,0,0,0,0,0,0,0,0,0,0,0,0,0,0,0,0,0,0,0,0,0,0,0,Douglas-fir,0,0,1,0
3062.0,124.0,20.0,108.0,26.0,2908.0,249.0,221.0,92.0,2826.0,0,0,0,0,0,0,0,0,0,0,0,0,0,0,0,0,0,0,0,0,0,0,0,0,0,0,0,0,1,0,0,0,0,0,0,0,0,0,0,0,Spruce/Fir,0,1,0,0
3003.0,72.0,2.0,175.0,18.0,2071.0,222.0,234.0,149.0,1195.0,0,0,0,0,0,0,0,0,0,0,0,0,0,0,0,0,0,0,0,0,0,0,0,0,0,0,0,0,0,0,0,1,0,0,0,0,0,0,0,0,Lodgepole Pine,0,0,1,0
3177.0,89.0,19.0,192.0,45.0,2301.0,245.0,206.0,83.0,2202.0,0,0,0,0,0,0,0,0,0,0,0,0,0,0,0,0,0,0,0,0,0,0,0,0,0,0,0,0,1,0,0,0,0,0,0,0,0,0,0,0,Spruce/Fir,0,1,0,0
2965.0,114.0,6.0,360.0,48.0,5391.0,230.0,234.0,138.0,2506.0,0,0,0,0,0,0,0,0,0,0,0,0,0,0,0,0,0,0,0,0,0,0,0,0,0,0,0,0,1,0,0,0,0,0,0,0,0,0,0,0,Lodgepole Pine,0,1,0,0
2954.0,135.0,8.0,95.0,21.0,1146.0,233.0,237.0,135.0,2285.0,0,0,0,0,0,0,0,0,0,0,0,0,0,0,0,0,0,0,0,0,0,0,0,0,0,0,0,0,1,0,0,0,0,0,0,0,0,0,0,0,Lodgepole Pine,0,1,0,0
2659.0,350.0,13.0,216.0,51.0,1399.0,195.0,217.0,160.0,1279.0,0,0,0,0,0,0,0,0,0,0,0,0,0,0,0,0,0,0,0,0,0,0,0,0,0,0,0,0,1,0,0,0,0,0,0,0,0,0,0,0,Lodgepole Pine,0,1,0,0
3120.0,15.0,8.0,127.0,9.0,1506.0,213.0,223.0,147.0,1224.0,0,0,0,0,0,0,0,0,0,0,0,0,0,0,0,0,0,0,0,0,0,0,1,0,0,0,0,0,0,0,0,0,0,0,0,0,0,0,0,0,Lodgepole Pine,1,0,0,0
2854.0,90.0,8.0,361.0,60.0,2166.0,232.0,228.0,129.0,1630.0,0,0,0,0,0,0,0,0,0,0,0,0,0,0,0,0,0,0,0,0,0,0,0,0,0,0,0,0,1,0,0,0,0,0,0,0,0,0,0,0,Lodgepole Pine,0,1,0,0
3212.0,30.0,14.0,313.0,7.0,2720.0,215.0,209.0,128.0,1154.0,0,0,0,0,0,0,0,0,0,0,0,0,0,0,0,0,0,0,0,0,0,1,0,0,0,0,0,0,0,0,0,0,0,0,0,0,0,0,0,0,Spruce/Fir,0,0,1,0
3167.0,68.0,18.0,201.0,40.0,4213.0,235.0,202.0,92.0,3658.0,0,0,0,0,0,0,0,0,0,0,0,0,0,0,0,0,0,0,0,0,0,1,0,0,0,0,0,0,0,0,0,0,0,0,0,0,0,0,0,0,Spruce/Fir,0,1,0,0
3289.0,174.0,32.0,210.0,71.0,4002.0,220.0,236.0,123.0,3055.0,0,0,0,0,0,0,0,0,0,0,0,0,0,0,0,0,0,0,0,0,0,0,0,0,0,0,0,0,1,0,0,0,0,0,0,0,0,0,0,0,Spruce/Fir,0,0,1,0
3091.0,209.0,7.0,474.0,13.0,2592.0,215.0,247.0,168.0,1015.0,0,0,0,0,0,0,0,0,0,0,0,0,0,0,0,0,0,0,0,0,0,0,0,0,0,0,0,0,1,0,0,0,0,0,0,0,0,0,0,0,Spruce/Fir,0,0,1,0
2400.0,309.0,21.0,60.0,14.0,825.0,158.0,221.0,201.0,1482.0,0,0,0,0,0,0,0,0,0,1,0,0,0,0,0,0,0,0,0,0,0,0,0,0,0,0,0,0,0,0,0,0,0,0,0,0,0,0,0,0,Lodgepole Pine,0,0,0,1
3107.0,240.0,15.0,474.0,41.0,2335.0,190.0,252.0,197.0,2552.0,0,0,0,0,0,0,0,0,0,0,0,0,0,0,0,0,0,0,0,0,0,0,0,0,0,0,0,0,0,0,0,1,0,0,0,0,0,0,0,0,Lodgepole Pine,0,0,1,0
3123.0,50.0,12.0,242.0,30.0,3820.0,225.0,213.0,120.0,4999.0,0,0,0,0,0,0,0,0,0,0,0,0,0,0,0,0,0,0,0,0,0,0,0,0,0,0,0,0,1,0,0,0,0,0,0,0,0,0,0,0,Spruce/Fir,0,1,0,0
2588.0,67.0,6.0,150.0,20.0,960.0,227.0,228.0,135.0,1187.0,0,0,0,0,0,0,0,0,0,0,1,0,0,0,0,0,0,0,0,0,0,0,0,0,0,0,0,0,0,0,0,0,0,0,0,0,0,0,0,0,Lodgepole Pine,0,0,1,0
2770.0,165.0,34.0,228.0,162.0,1403.0,227.0,228.0,103.0,1034.0,0,0,0,0,0,0,0,0,0,0,0,0,1,0,0,0,0,0,0,0,0,0,0,0,0,0,0,0,0,0,0,0,0,0,0,0,0,0,0,0,Lodgepole Pine,0,0,1,0
3304.0,338.0,8.0,360.0,81.0,4561.0,202.0,228.0,165.0,2227.0,0,0,0,0,0,0,0,0,0,0,0,0,0,0,0,0,0,0,0,0,0,1,0,0,0,0,0,0,0,0,0,0,0,0,0,0,0,0,0,0,Spruce/Fir,0,0,1,0
3176.0,2.0,9.0,0.0,0.0,5264.0,208.0,224.0,153.0,1036.0,0,0,0,0,0,0,0,0,0,0,0,0,0,0,0,0,0,0,0,0,0,1,0,0,0,0,0,0,0,0,0,0,0,0,0,0,0,0,0,0,Spruce/Fir,0,1,0,0
3057.0,276.0,7.0,0.0,0.0,1565.0,201.0,242.0,179.0,1786.0,0,0,0,0,0,0,0,0,0,0,0,0,0,0,0,0,0,0,0,0,1,0,0,0,0,0,0,0,0,0,0,0,0,0,0,0,0,0,0,0,Spruce/Fir,0,0,1,0
2991.0,162.0,5.0,569.0,74.0,5558.0,224.0,241.0,151.0,2754.0,0,0,0,0,0,0,0,0,0,0,0,0,0,0,0,0,0,0,0,0,0,0,0,0,0,0,0,0,0,1,0,0,0,0,0,0,0,0,0,0,Lodgepole Pine,0,1,0,0
2900.0,230.0,7.0,67.0,13.0,1664.0,209.0,247.0,175.0,1504.0,0,0,0,0,0,0,0,0,0,0,0,0,0,0,0,0,0,0,0,0,0,0,0,0,0,0,0,0,0,0,0,1,0,0,0,0,0,0,0,0,Aspen,0,0,1,0
3211.0,17.0,22.0,120.0,36.0,2076.0,195.0,188.0,122.0,1719.0,0,0,0,0,0,0,0,0,0,0,0,0,0,0,0,0,0,0,0,0,0,0,0,1,0,0,0,0,0,0,0,0,0,0,0,0,0,0,0,0,Spruce/Fir,0,0,1,0
3171.0,239.0,14.0,85.0,23.0,503.0,194.0,251.0,194.0,797.0,0,0,0,0,0,0,0,0,0,0,0,0,0,0,0,0,0,0,0,0,0,0,0,0,0,0,0,0,1,0,0,0,0,0,0,0,0,0,0,0,Lodgepole Pine,1,0,0,0
2909.0,115.0,17.0,127.0,23.0,4366.0,247.0,221.0,96.0,3251.0,0,0,0,0,0,0,0,0,0,0,0,0,0,0,0,0,0,0,0,0,0,0,0,0,0,0,0,0,1,0,0,0,0,0,0,0,0,0,0,0,Spruce/Fir,0,1,0,0
2845.0,59.0,22.0,120.0,81.0,1822.0,231.0,189.0,80.0,1421.0,0,0,0,0,0,0,0,0,0,0,0,0,1,0,0,0,0,0,0,0,0,0,0,0,0,0,0,0,0,0,0,0,0,0,0,0,0,0,0,0,Lodgepole Pine,0,0,1,0
2918.0,298.0,15.0,120.0,42.0,3046.0,178.0,234.0,196.0,2554.0,0,0,0,0,0,0,0,0,0,0,0,0,0,0,0,0,0,0,0,0,0,0,0,0,0,0,0,0,1,0,0,0,0,0,0,0,0,0,0,0,Lodgepole Pine,0,1,0,0
2637.0,350.0,7.0,361.0,70.0,888.0,208.0,229.0,159.0,1681.0,0,0,0,0,0,0,0,0,0,0,0,0,0,0,0,0,0,0,0,0,0,0,0,0,0,0,0,0,0,1,0,0,0,0,0,0,0,0,0,0,Lodgepole Pine,0,1,0,0
3018.0,260.0,8.0,799.0,102.0,5905.0,200.0,245.0,183.0,3458.0,0,0,0,0,0,0,0,0,0,0,0,0,0,0,0,0,0,0,0,1,0,0,0,0,0,0,0,0,0,0,0,0,0,0,0,0,0,0,0,0,Lodgepole Pine,0,1,0,0
3223.0,39.0,13.0,510.0,17.0,2920.0,220.0,210.0,122.0,926.0,0,0,0,0,0,0,0,0,0,0,0,0,0,0,0,0,0,0,0,0,0,0,0,0,0,0,0,0,1,0,0,0,0,0,0,0,0,0,0,0,Spruce/Fir,0,0,1,0
2733.0,27.0,11.0,30.0,1.0,2979.0,215.0,217.0,137.0,888.0,0,0,0,0,0,0,0,0,0,0,0,0,0,0,0,0,0,0,0,0,0,0,0,1,0,0,0,0,0,0,0,0,0,0,0,0,0,0,0,0,Lodgepole Pine,0,0,1,0
2839.0,48.0,26.0,153.0,29.0,1231.0,220.0,174.0,73.0,759.0,0,0,0,0,0,0,0,0,0,0,0,0,0,0,0,0,0,0,0,0,0,0,0,0,0,0,0,0,0,0,0,0,1,0,0,0,0,0,0,0,Lodgepole Pine,0,0,1,0
3242.0,311.0,17.0,661.0,24.0,3612.0,172.0,226.0,193.0,1279.0,0,0,0,0,0,0,0,0,0,0,0,0,0,0,0,0,0,0,0,0,0,1,0,0,0,0,0,0,0,0,0,0,0,0,0,0,0,0,0,0,Spruce/Fir,0,0,1,0
3295.0,23.0,12.0,108.0,0.0,2016.0,213.0,214.0,136.0,1986.0,0,0,0,0,0,0,0,0,0,0,0,0,0,0,0,0,0,0,0,0,0,0,0,0,0,0,0,0,1,0,0,0,0,0,0,0,0,0,0,0,Lodgepole Pine,1,0,0,0
3152.0,184.0,10.0,295.0,12.0,1055.0,222.0,247.0,157.0,2215.0,0,0,0,0,0,0,0,0,0,0,0,0,0,0,0,0,0,0,0,0,0,0,1,0,0,0,0,0,0,0,0,0,0,0,0,0,0,0,0,0,Spruce/Fir,0,1,0,0
3077.0,119.0,6.0,85.0,8.0,1387.0,231.0,235.0,137.0,3242.0,0,0,0,0,0,0,0,0,0,0,0,0,0,0,0,0,0,0,0,0,0,0,1,0,0,0,0,0,0,0,0,0,0,0,0,0,0,0,0,0,Spruce/Fir,0,0,1,0
2861.0,312.0,15.0,124.0,17.0,2766.0,179.0,228.0,189.0,2320.0,0,0,0,0,0,0,0,0,0,0,0,0,0,0,0,0,0,0,0,0,0,0,0,0,0,0,0,0,1,0,0,0,0,0,0,0,0,0,0,0,Lodgepole Pine,0,1,0,0
3173.0,212.0,6.0,335.0,38.0,351.0,215.0,246.0,168.0,2806.0,0,0,0,0,0,0,0,0,0,0,0,0,0,0,0,0,0,0,0,0,0,0,0,0,0,0,0,0,1,0,0,0,0,0,0,0,0,0,0,0,Lodgepole Pine,0,0,1,0
3016.0,169.0,15.0,120.0,15.0,969.0,230.0,245.0,141.0,649.0,0,0,0,0,0,0,0,0,0,0,0,0,0,0,0,0,0,0,0,0,0,0,0,0,0,0,0,0,1,0,0,0,0,0,0,0,0,0,0,0,Lodgepole Pine,0,0,1,0
3046.0,25.0,17.0,256.0,71.0,1340.0,209.0,200.0,123.0,543.0,0,0,0,0,0,0,0,0,0,0,0,0,0,0,0,0,0,0,0,0,0,0,0,0,0,0,0,0,1,0,0,0,0,0,0,0,0,0,0,0,Spruce/Fir,0,0,1,0
3196.0,287.0,11.0,60.0,8.0,3676.0,188.0,239.0,191.0,1664.0,0,0,0,0,0,0,0,0,0,0,0,0,0,0,0,0,0,0,0,0,0,0,1,0,0,0,0,0,0,0,0,0,0,0,0,0,0,0,0,0,Spruce/Fir,0,1,0,0
2854.0,4.0,12.0,30.0,4.0,4884.0,204.0,218.0,150.0,4457.0,0,0,0,0,0,0,0,0,0,0,0,0,0,0,0,0,0,0,0,0,0,0,0,0,0,0,0,0,1,0,0,0,0,0,0,0,0,0,0,0,Lodgepole Pine,0,1,0,0
2906.0,166.0,6.0,30.0,3.0,5308.0,225.0,242.0,151.0,4045.0,0,0,0,0,0,0,0,0,0,0,0,0,0,0,0,0,0,0,0,0,0,0,0,0,0,0,0,0,1,0,0,0,0,0,0,0,0,0,0,0,Lodgepole Pine,0,1,0,0
3098.0,72.0,1.0,30.0,1.0,693.0,219.0,237.0,154.0,1816.0,0,0,0,0,0,0,0,0,0,0,0,0,0,0,0,0,0,0,0,0,0,0,1,0,0,0,0,0,0,0,0,0,0,0,0,0,0,0,0,0,Spruce/Fir,0,1,0,0
3174.0,312.0,7.0,446.0,43.0,3154.0,202.0,235.0,173.0,1068.0,0,0,0,0,0,0,0,0,0,0,0,0,0,0,0,0,0,0,0,0,0,0,0,0,0,0,0,0,1,0,0,0,0,0,0,0,0,0,0,0,Lodgepole Pine,0,1,0,0
2882.0,250.0,15.0,30.0,8.0,2639.0,187.0,249.0,199.0,2259.0,0,0,0,0,0,0,0,0,0,0,0,0,0,0,0,0,0,0,0,0,0,0,0,0,0,0,0,0,1,0,0,0,0,0,0,0,0,0,0,0,Spruce/Fir,0,0,1,0
3095.0,200.0,11.0,60.0,5.0,1091.0,216.0,250.0,167.0,2028.0,0,0,0,0,0,0,0,0,0,0,0,0,0,0,0,0,0,0,0,0,0,0,1,0,0,0,0,0,0,0,0,0,0,0,0,0,0,0,0,0,Spruce/Fir,0,1,0,0
2806.0,43.0,9.0,85.0,2.0,1290.0,222.0,220.0,132.0,2505.0,0,0,0,0,0,0,0,0,0,0,0,0,0,0,0,0,0,0,0,0,0,0,0,0,0,0,0,0,1,0,0,0,0,0,0,0,0,0,0,0,Spruce/Fir,0,1,0,0
2664.0,156.0,24.0,175.0,61.0,1917.0,239.0,234.0,110.0,1465.0,0,0,0,1,0,0,0,0,0,0,0,0,0,0,0,0,0,0,0,0,0,0,0,0,0,0,0,0,0,0,0,0,0,0,0,0,0,0,0,0,Lodgepole Pine,0,0,1,0
3275.0,2.0,9.0,630.0,0.0,2325.0,208.0,224.0,153.0,830.0,0,0,0,0,0,0,0,0,0,0,0,0,0,0,0,0,0,0,0,0,0,0,0,0,0,0,0,0,0,0,0,1,0,0,0,0,0,0,0,0,Spruce/Fir,0,0,1,0
3250.0,249.0,26.0,120.0,29.0,2192.0,153.0,247.0,224.0,3127.0,0,0,0,0,0,0,0,0,0,0,0,0,0,0,0,0,0,0,0,0,0,0,0,0,0,0,0,0,1,0,0,0,0,0,0,0,0,0,0,0,Spruce/Fir,0,1,0,0
3180.0,34.0,9.0,573.0,73.0,5755.0,219.0,221.0,138.0,769.0,0,0,0,0,0,0,0,0,0,0,0,0,0,0,0,0,0,0,0,0,0,0,0,0,0,0,0,0,1,0,0,0,0,0,0,0,0,0,0,0,Spruce/Fir,0,1,0,0
3090.0,189.0,16.0,120.0,10.0,2952.0,219.0,250.0,160.0,1064.0,0,0,0,0,0,0,0,0,0,0,0,0,0,0,0,0,0,0,0,0,0,0,0,0,0,0,0,0,1,0,0,0,0,0,0,0,0,0,0,0,Lodgepole Pine,0,0,1,0
2533.0,341.0,11.0,60.0,9.0,1448.0,197.0,224.0,165.0,4387.0,0,0,0,0,0,0,0,0,0,0,0,0,0,0,0,0,0,1,0,0,0,0,0,0,0,0,0,0,0,0,0,0,0,0,0,0,0,0,0,0,Lodgepole Pine,0,1,0,0
3295.0,38.0,14.0,450.0,130.0,3437.0,219.0,209.0,122.0,1964.0,0,0,0,0,0,0,0,0,0,0,0,0,0,0,0,0,0,0,0,0,0,0,0,0,0,0,0,0,1,0,0,0,0,0,0,0,0,0,0,0,Krummholz,0,0,1,0
2959.0,328.0,22.0,390.0,105.0,5125.0,162.0,209.0,184.0,525.0,0,0,0,0,0,0,0,0,0,0,0,0,0,0,0,0,0,0,0,0,0,0,0,0,0,0,0,0,1,0,0,0,0,0,0,0,0,0,0,0,Lodgepole Pine,0,1,0,0
3048.0,270.0,5.0,402.0,86.0,3045.0,207.0,241.0,173.0,1190.0,0,0,0,0,0,0,0,0,0,0,0,0,0,0,0,0,0,0,0,0,0,0,0,0,0,0,0,0,1,0,0,0,0,0,0,0,0,0,0,0,Spruce/Fir,0,0,1,0
2925.0,347.0,12.0,175.0,19.0,3012.0,197.0,221.0,161.0,1566.0,0,0,0,0,0,0,0,0,0,0,0,0,0,0,0,0,0,0,0,0,0,0,0,1,0,0,0,0,0,0,0,0,0,0,0,0,0,0,0,0,Spruce/Fir,0,0,1,0
2339.0,158.0,24.0,150.0,55.0,1438.0,237.0,236.0,114.0,854.0,0,0,1,0,0,0,0,0,0,0,0,0,0,0,0,0,0,0,0,0,0,0,0,0,0,0,0,0,0,0,0,0,0,0,0,0,0,0,0,0,Ponderosa Pine,0,0,0,1
3041.0,67.0,16.0,270.0,50.0,5595.0,235.0,206.0,98.0,4857.0,0,0,0,0,0,0,0,0,0,0,0,0,0,0,0,0,0,0,0,0,0,0,0,0,0,0,0,0,1,0,0,0,0,0,0,0,0,0,0,0,Spruce/Fir,0,1,0,0
3251.0,243.0,12.0,592.0,75.0,633.0,197.0,249.0,190.0,531.0,0,0,0,0,0,0,0,0,0,0,0,0,0,0,0,0,0,0,0,0,0,0,0,0,0,0,0,0,1,0,0,0,0,0,0,0,0,0,0,0,Spruce/Fir,0,0,1,0
3253.0,14.0,9.0,150.0,27.0,6038.0,212.0,222.0,147.0,481.0,0,0,0,0,0,0,0,0,0,0,0,0,0,0,0,0,0,0,0,0,0,0,0,0,0,0,0,0,1,0,0,0,0,0,0,0,0,0,0,0,Spruce/Fir,0,1,0,0
3248.0,113.0,19.0,600.0,110.0,690.0,249.0,218.0,90.0,2039.0,0,0,0,0,0,0,0,0,0,0,0,0,0,0,0,0,0,0,0,0,0,1,0,0,0,0,0,0,0,0,0,0,0,0,0,0,0,0,0,0,Lodgepole Pine,0,1,0,0
3014.0,156.0,6.0,42.0,6.0,5202.0,227.0,241.0,148.0,1921.0,0,0,0,0,0,0,0,0,0,0,0,0,0,0,0,0,0,0,0,0,0,0,0,0,0,0,0,0,1,0,0,0,0,0,0,0,0,0,0,0,Spruce/Fir,0,1,0,0
3023.0,74.0,9.0,408.0,84.0,201.0,231.0,223.0,125.0,1909.0,0,0,0,0,0,0,0,0,0,0,0,0,0,0,0,0,0,0,0,0,0,0,0,0,0,0,0,0,1,0,0,0,0,0,0,0,0,0,0,0,Lodgepole Pine,0,0,1,0
3015.0,337.0,2.0,90.0,19.0,792.0,215.0,236.0,159.0,1406.0,0,0,0,0,0,0,0,0,0,0,0,0,0,0,0,0,0,0,0,0,0,0,1,0,0,0,0,0,0,0,0,0,0,0,0,0,0,0,0,0,Lodgepole Pine,0,0,1,0
3026.0,216.0,13.0,150.0,16.0,3215.0,206.0,252.0,180.0,1015.0,0,0,0,0,0,0,0,0,0,0,0,0,0,0,0,0,0,0,0,0,0,0,0,0,0,0,0,0,1,0,0,0,0,0,0,0,0,0,0,0,Spruce/Fir,0,0,1,0
3162.0,74.0,8.0,534.0,28.0,4413.0,230.0,226.0,129.0,2097.0,0,0,0,0,0,0,0,0,0,0,0,0,0,0,0,0,0,0,0,0,0,0,0,0,0,0,0,0,1,0,0,0,0,0,0,0,0,0,0,0,Lodgepole Pine,0,1,0,0
2899.0,73.0,9.0,150.0,7.0,4186.0,230.0,223.0,126.0,2972.0,0,0,0,0,0,0,0,0,0,0,0,0,0,0,0,0,0,0,0,0,0,0,0,0,0,0,0,0,1,0,0,0,0,0,0,0,0,0,0,0,Lodgepole Pine,0,1,0,0
3066.0,275.0,22.0,484.0,137.0,6044.0,154.0,238.0,221.0,1570.0,0,0,0,0,0,0,0,0,0,0,0,0,0,0,0,0,0,0,0,0,0,0,0,0,0,0,0,0,1,0,0,0,0,0,0,0,0,0,0,0,Spruce/Fir,0,1,0,0
3189.0,337.0,8.0,323.0,16.0,1549.0,203.0,229.0,165.0,108.0,0,0,0,0,0,0,0,0,0,0,0,0,0,0,0,0,0,0,0,0,0,0,0,0,0,0,0,0,1,0,0,0,0,0,0,0,0,0,0,0,Spruce/Fir,0,0,1,0
2427.0,116.0,20.0,300.0,86.0,636.0,249.0,217.0,87.0,1406.0,1,0,0,0,0,0,0,0,0,0,0,0,0,0,0,0,0,0,0,0,0,0,0,0,0,0,0,0,0,0,0,0,0,0,0,0,0,0,0,0,Douglas-fir,0,0,0,1
2795.0,71.0,16.0,60.0,10.0,2988.0,236.0,206.0,96.0,216.0,0,0,0,0,0,0,0,0,0,0,0,0,0,0,0,0,0,0,0,0,0,0,0,0,0,0,0,0,0,0,0,0,1,0,0,0,0,0,0,0,Lodgepole Pine,0,0,1,0
2832.0,83.0,8.0,182.0,41.0,2148.0,232.0,226.0,127.0,1783.0,0,0,0,0,0,0,0,0,0,0,0,0,1,0,0,0,0,0,0,0,0,0,0,0,0,0,0,0,0,0,0,0,0,0,0,0,0,0,0,0,Lodgepole Pine,0,0,1,0
3046.0,108.0,2.0,30.0,0.0,3089.0,223.0,236.0,149.0,582.0,0,0,0,0,0,0,0,0,0,0,0,0,0,0,0,0,0,0,1,0,0,0,0,0,0,0,0,0,0,0,0,0,0,0,0,0,0,0,0,0,Lodgepole Pine,0,1,0,0
2745.0,59.0,10.0,426.0,49.0,1500.0,228.0,220.0,125.0,2877.0,0,0,0,0,0,0,0,0,0,0,0,1,0,0,0,0,0,0,0,0,0,0,0,0,0,0,0,0,0,0,0,0,0,0,0,0,0,0,0,0,Lodgepole Pine,0,1,0,0
2957.0,18.0,6.0,446.0,44.0,3933.0,216.0,227.0,149.0,4504.0,0,0,0,0,0,0,0,0,0,0,0,1,0,0,0,0,0,0,0,0,0,0,0,0,0,0,0,0,0,0,0,0,0,0,0,0,0,0,0,0,Lodgepole Pine,0,1,0,0
2757.0,193.0,14.0,283.0,55.0,1860.0,217.0,251.0,164.0,1121.0,0,0,0,0,0,0,0,0,0,0,0,0,0,0,0,0,0,0,0,0,0,0,0,0,0,0,0,0,1,0,0,0,0,0,0,0,0,0,0,0,Lodgepole Pine,0,1,0,0
3259.0,30.0,9.0,258.0,52.0,2040.0,218.0,220.0,137.0,1935.0,0,0,0,0,0,0,0,0,0,0,0,0,0,0,0,0,0,0,0,0,0,0,0,0,0,0,0,0,1,0,0,0,0,0,0,0,0,0,0,0,Lodgepole Pine,0,0,1,0
3302.0,49.0,14.0,134.0,0.0,1889.0,225.0,210.0,116.0,1022.0,0,0,0,0,0,0,0,0,0,0,0,0,0,0,0,0,0,0,0,0,0,0,0,0,0,0,0,0,0,0,0,0,0,0,0,0,0,0,1,0,Krummholz,0,0,1,0
3065.0,328.0,23.0,256.0,44.0,774.0,157.0,206.0,185.0,1595.0,0,0,0,0,0,0,0,0,0,0,0,0,0,0,0,0,0,0,0,0,0,0,0,0,0,0,0,0,1,0,0,0,0,0,0,0,0,0,0,0,Spruce/Fir,0,0,1,0
3141.0,138.0,6.0,685.0,100.0,661.0,230.0,238.0,142.0,1850.0,0,0,0,0,0,0,0,0,0,0,0,0,0,0,0,0,0,0,0,0,0,0,0,0,0,0,0,0,0,0,0,0,1,0,0,0,0,0,0,0,Lodgepole Pine,0,0,1,0
2864.0,302.0,3.0,124.0,14.0,3269.0,211.0,238.0,165.0,3132.0,0,0,0,0,0,0,0,0,0,0,0,1,0,0,0,0,0,0,0,0,0,0,0,0,0,0,0,0,0,0,0,0,0,0,0,0,0,0,0,0,Lodgepole Pine,0,1,0,0
3004.0,61.0,11.0,256.0,38.0,301.0,229.0,218.0,121.0,1187.0,0,0,0,0,0,0,0,0,0,0,0,0,0,0,0,0,0,0,0,0,0,0,1,0,0,0,0,0,0,0,0,0,0,0,0,0,0,0,0,0,Spruce/Fir,0,1,0,0
3138.0,340.0,8.0,376.0,36.0,1460.0,204.0,229.0,164.0,1087.0,0,0,0,0,0,0,0,0,0,0,0,0,0,0,0,0,0,0,0,0,0,0,0,0,0,0,0,0,1,0,0,0,0,0,0,0,0,0,0,0,Lodgepole Pine,1,0,0,0
3187.0,119.0,20.0,339.0,97.0,283.0,250.0,218.0,88.0,2761.0,0,0,0,0,0,0,0,0,0,0,0,0,0,0,0,0,0,0,0,0,0,0,0,0,0,0,0,0,0,0,0,1,0,0,0,0,0,0,0,0,Spruce/Fir,1,0,0,0
3069.0,193.0,17.0,402.0,10.0,342.0,216.0,251.0,164.0,1396.0,0,0,0,0,0,0,0,0,0,0,0,0,0,0,0,0,0,0,0,0,0,0,0,0,0,0,0,0,1,0,0,0,0,0,0,0,0,0,0,0,Lodgepole Pine,0,0,1,0
2951.0,258.0,6.0,459.0,87.0,1671.0,207.0,243.0,175.0,1206.0,0,0,0,0,0,0,0,0,0,0,0,0,0,0,0,0,0,0,0,0,0,0,0,0,0,0,0,0,1,0,0,0,0,0,0,0,0,0,0,0,Lodgepole Pine,0,0,1,0
3049.0,135.0,3.0,283.0,82.0,886.0,225.0,238.0,148.0,768.0,0,0,0,0,0,0,0,0,0,0,0,0,0,0,0,0,0,0,0,0,0,0,0,0,0,0,0,0,1,0,0,0,0,0,0,0,0,0,0,0,Spruce/Fir,0,1,0,0
2524.0,320.0,8.0,270.0,41.0,210.0,199.0,233.0,173.0,400.0,0,0,0,0,0,1,0,0,0,0,0,0,0,0,0,0,0,0,0,0,0,0,0,0,0,0,0,0,0,0,0,0,0,0,0,0,0,0,0,0,Lodgepole Pine,0,0,0,1
3075.0,59.0,23.0,255.0,62.0,4713.0,230.0,186.0,77.0,376.0,0,0,0,0,0,0,0,0,0,0,0,0,0,0,0,0,0,0,0,0,0,0,0,0,0,0,0,0,1,0,0,0,0,0,0,0,0,0,0,0,Lodgepole Pine,0,1,0,0
2849.0,21.0,14.0,162.0,0.0,1860.0,210.0,209.0,133.0,1805.0,0,0,0,0,0,0,0,0,0,0,0,0,0,0,0,0,0,0,0,0,0,0,0,0,0,0,0,0,1,0,0,0,0,0,0,0,0,0,0,0,Lodgepole Pine,0,0,1,0
3265.0,65.0,5.0,210.0,30.0,4400.0,225.0,230.0,140.0,902.0,0,0,0,0,0,0,0,0,0,0,0,0,0,0,0,0,0,0,0,0,0,0,0,0,0,0,0,0,0,0,0,0,0,0,0,0,0,0,1,0,Spruce/Fir,0,1,0,0
3050.0,177.0,14.0,85.0,5.0,1740.0,226.0,247.0,150.0,400.0,0,0,0,0,0,0,0,0,0,0,0,0,1,0,0,0,0,0,0,0,0,0,0,0,0,0,0,0,0,0,0,0,0,0,0,0,0,0,0,0,Lodgepole Pine,0,0,1,0
3018.0,56.0,3.0,95.0,0.0,4090.0,222.0,232.0,146.0,1155.0,0,0,0,0,0,0,0,0,0,0,0,0,0,0,0,0,0,0,0,0,0,0,0,0,0,0,0,0,1,0,0,0,0,0,0,0,0,0,0,0,Lodgepole Pine,0,1,0,0
3146.0,65.0,16.0,408.0,100.0,297.0,233.0,205.0,98.0,1422.0,0,0,0,0,0,0,0,0,0,0,0,0,0,0,0,0,0,0,0,0,0,1,0,0,0,0,0,0,0,0,0,0,0,0,0,0,0,0,0,0,Lodgepole Pine,0,1,0,0
3184.0,56.0,3.0,481.0,89.0,5086.0,222.0,232.0,146.0,2136.0,0,0,0,0,0,0,0,0,0,0,0,0,0,0,0,0,0,0,1,0,0,0,0,0,0,0,0,0,0,0,0,0,0,0,0,0,0,0,0,0,Spruce/Fir,0,1,0,0
2748.0,3.0,16.0,30.0,6.0,2851.0,197.0,208.0,146.0,450.0,0,0,0,0,0,0,0,0,0,0,0,0,0,0,0,0,0,0,0,0,0,0,0,0,0,0,0,0,1,0,0,0,0,0,0,0,0,0,0,0,Lodgepole Pine,0,0,1,0
2986.0,165.0,13.0,212.0,36.0,1173.0,231.0,244.0,141.0,607.0,0,0,0,0,0,0,0,0,0,0,0,0,1,0,0,0,0,0,0,0,0,0,0,0,0,0,0,0,0,0,0,0,0,0,0,0,0,0,0,0,Spruce/Fir,0,0,1,0
2929.0,60.0,17.0,150.0,16.0,4692.0,231.0,203.0,100.0,1740.0,0,0,0,0,0,0,0,0,0,0,0,0,0,0,0,0,0,0,0,0,0,0,0,0,0,0,0,0,1,0,0,0,0,0,0,0,0,0,0,0,Lodgepole Pine,0,1,0,0
3375.0,288.0,6.0,309.0,32.0,1550.0,203.0,239.0,175.0,799.0,0,0,0,0,0,0,0,0,0,0,0,0,0,0,0,0,0,0,0,0,0,0,0,0,0,0,0,0,0,0,0,0,0,0,0,0,0,1,0,0,Krummholz,0,0,1,0
2782.0,323.0,24.0,150.0,49.0,3517.0,153.0,208.0,191.0,1337.0,0,0,0,0,0,0,0,0,0,0,0,0,0,0,0,0,0,0,0,0,0,0,0,0,0,0,0,0,1,0,0,0,0,0,0,0,0,0,0,0,Lodgepole Pine,0,1,0,0
2946.0,355.0,18.0,648.0,43.0,3008.0,187.0,205.0,153.0,1614.0,0,0,0,0,0,0,0,0,0,0,0,0,0,0,0,0,0,0,0,0,0,0,0,0,0,0,0,0,1,0,0,0,0,0,0,0,0,0,0,0,Lodgepole Pine,0,1,0,0
3032.0,352.0,24.0,67.0,28.0,192.0,171.0,191.0,152.0,816.0,0,0,0,0,0,0,0,0,0,0,0,0,0,0,0,0,0,0,0,0,0,1,0,0,0,0,0,0,0,0,0,0,0,0,0,0,0,0,0,0,Spruce/Fir,0,1,0,0
3265.0,63.0,5.0,212.0,10.0,904.0,225.0,229.0,139.0,1900.0,0,0,0,0,0,0,0,0,0,0,0,0,0,0,0,0,0,0,0,0,0,0,1,0,0,0,0,0,0,0,0,0,0,0,0,0,0,0,0,0,Spruce/Fir,0,1,0,0
2644.0,54.0,2.0,134.0,27.0,1168.0,220.0,234.0,150.0,1513.0,0,0,0,0,0,0,0,0,0,0,1,0,0,0,0,0,0,0,0,0,0,0,0,0,0,0,0,0,0,0,0,0,0,0,0,0,0,0,0,0,Lodgepole Pine,0,0,1,0
2716.0,325.0,23.0,60.0,34.0,1445.0,156.0,207.0,188.0,1777.0,0,0,0,0,0,0,0,0,0,0,0,0,1,0,0,0,0,0,0,0,0,0,0,0,0,0,0,0,0,0,0,0,0,0,0,0,0,0,0,0,Douglas-fir,0,0,1,0
3339.0,346.0,15.0,120.0,30.0,4089.0,190.0,215.0,163.0,1398.0,0,0,0,0,0,0,0,0,0,0,0,0,0,0,0,0,0,0,0,0,0,0,0,0,0,0,0,0,1,0,0,0,0,0,0,0,0,0,0,0,Spruce/Fir,0,1,0,0
2730.0,164.0,14.0,90.0,0.0,2398.0,232.0,243.0,139.0,2312.0,0,0,0,0,0,0,0,0,0,0,1,0,0,0,0,0,0,0,0,0,0,0,0,0,0,0,0,0,0,0,0,0,0,0,0,0,0,0,0,0,Ponderosa Pine,0,0,1,0
3159.0,231.0,12.0,511.0,75.0,242.0,200.0,251.0,187.0,2285.0,0,0,0,0,0,0,0,0,0,0,0,0,0,0,0,0,0,0,0,0,0,0,0,0,0,0,0,0,1,0,0,0,0,0,0,0,0,0,0,0,Lodgepole Pine,0,0,1,0
3116.0,13.0,13.0,201.0,23.0,3085.0,207.0,212.0,141.0,3241.0,0,0,0,0,0,0,0,0,0,0,0,0,0,0,0,0,0,0,0,0,0,0,0,0,0,0,0,0,0,1,0,0,0,0,0,0,0,0,0,0,Spruce/Fir,0,1,0,0
2968.0,45.0,8.0,350.0,85.0,3902.0,223.0,223.0,135.0,2495.0,0,0,0,0,0,0,0,0,0,0,0,0,0,0,0,0,0,0,0,0,0,0,0,0,0,0,0,0,1,0,0,0,0,0,0,0,0,0,0,0,Lodgepole Pine,0,1,0,0
2739.0,96.0,13.0,42.0,9.0,2697.0,241.0,220.0,107.0,2067.0,0,0,0,0,0,0,0,0,0,0,0,0,0,0,0,0,0,0,0,0,0,0,0,0,0,0,0,0,1,0,0,0,0,0,0,0,0,0,0,0,Lodgepole Pine,0,1,0,0
3156.0,9.0,10.0,467.0,36.0,2938.0,209.0,219.0,148.0,2678.0,0,0,0,0,0,0,0,0,0,0,0,0,0,0,0,0,0,0,0,0,0,0,0,0,0,0,0,0,0,0,0,1,0,0,0,0,0,0,0,0,Spruce/Fir,0,0,1,0
3261.0,340.0,5.0,192.0,11.0,1645.0,210.0,233.0,162.0,1158.0,0,0,0,0,0,0,0,0,0,0,0,0,0,0,0,0,0,0,0,0,0,0,0,0,0,0,0,0,1,0,0,0,0,0,0,0,0,0,0,0,Spruce/Fir,0,0,1,0
2968.0,83.0,8.0,150.0,22.0,4851.0,231.0,227.0,128.0,4286.0,0,0,0,0,0,0,0,0,0,0,0,0,0,0,0,0,0,0,0,0,0,0,0,0,0,0,0,0,1,0,0,0,0,0,0,0,0,0,0,0,Lodgepole Pine,0,1,0,0
3000.0,328.0,4.0,324.0,22.0,2936.0,209.0,234.0,164.0,700.0,0,0,0,0,0,0,0,0,0,0,0,0,0,0,0,0,0,0,0,0,0,0,0,0,0,0,0,0,0,0,0,1,0,0,0,0,0,0,0,0,Spruce/Fir,0,0,1,0
3347.0,12.0,22.0,60.0,24.0,4057.0,192.0,191.0,129.0,3844.0,0,0,0,0,0,0,0,0,0,0,0,0,0,0,0,0,0,0,0,0,0,0,0,0,0,0,0,0,1,0,0,0,0,0,0,0,0,0,0,0,Krummholz,0,1,0,0
3321.0,205.0,12.0,816.0,107.0,832.0,213.0,251.0,171.0,2639.0,0,0,0,0,0,0,0,0,0,0,0,0,0,0,0,0,0,0,0,0,0,0,0,0,0,0,0,0,0,0,0,1,0,0,0,0,0,0,0,0,Lodgepole Pine,0,0,1,0
2689.0,196.0,21.0,300.0,54.0,3159.0,210.0,252.0,167.0,1785.0,0,0,0,0,0,0,0,0,0,0,0,0,1,0,0,0,0,0,0,0,0,0,0,0,0,0,0,0,0,0,0,0,0,0,0,0,0,0,0,0,Lodgepole Pine,0,0,1,0
3255.0,59.0,20.0,170.0,14.0,3100.0,231.0,193.0,86.0,2416.0,0,0,0,0,0,0,0,0,0,0,0,0,0,0,0,0,0,0,0,0,0,0,0,0,0,0,0,0,1,0,0,0,0,0,0,0,0,0,0,0,Spruce/Fir,0,1,0,0
3161.0,146.0,2.0,240.0,24.0,2118.0,221.0,238.0,153.0,750.0,0,0,0,0,0,0,0,0,0,0,0,0,0,0,0,0,0,0,0,0,0,0,0,0,0,0,0,0,1,0,0,0,0,0,0,0,0,0,0,0,Spruce/Fir,0,0,1,0
2987.0,82.0,10.0,30.0,5.0,1980.0,234.0,222.0,119.0,2862.0,0,0,0,0,0,0,0,0,0,0,0,0,0,0,0,0,0,0,0,0,0,0,0,0,0,0,0,0,1,0,0,0,0,0,0,0,0,0,0,0,Spruce/Fir,0,0,1,0
2992.0,262.0,10.0,390.0,84.0,1503.0,194.0,246.0,190.0,1440.0,0,0,0,0,0,0,0,0,0,0,0,0,0,0,0,0,0,0,0,0,0,0,0,0,0,0,0,0,1,0,0,0,0,0,0,0,0,0,0,0,Lodgepole Pine,0,0,1,0
2808.0,17.0,6.0,0.0,0.0,2221.0,215.0,228.0,150.0,2863.0,0,0,0,0,0,0,0,0,0,0,0,0,0,0,0,0,0,0,0,0,0,0,1,0,0,0,0,0,0,0,0,0,0,0,0,0,0,0,0,0,Spruce/Fir,0,1,0,0
3119.0,45.0,9.0,218.0,26.0,2845.0,223.0,220.0,132.0,3465.0,0,0,0,0,0,0,0,0,0,0,0,0,0,0,0,0,0,0,0,0,0,0,0,0,0,0,0,0,0,1,0,0,0,0,0,0,0,0,0,0,Spruce/Fir,0,1,0,0
2905.0,354.0,4.0,150.0,22.0,1879.0,212.0,232.0,157.0,1426.0,0,0,0,0,0,0,0,0,0,0,0,0,0,0,0,0,0,0,0,0,0,0,0,0,0,0,0,0,1,0,0,0,0,0,0,0,0,0,0,0,Aspen,0,0,1,0
2988.0,97.0,10.0,395.0,62.0,5212.0,237.0,225.0,119.0,1871.0,0,0,0,0,0,0,0,0,0,0,0,0,0,0,0,0,0,0,0,0,0,0,0,0,0,0,0,0,1,0,0,0,0,0,0,0,0,0,0,0,Spruce/Fir,0,1,0,0
3122.0,124.0,12.0,182.0,14.0,5455.0,240.0,231.0,119.0,882.0,0,0,0,0,0,0,0,0,0,0,0,0,0,0,0,0,0,0,0,0,0,0,0,0,0,0,0,0,1,0,0,0,0,0,0,0,0,0,0,0,Lodgepole Pine,0,1,0,0
3044.0,67.0,24.0,60.0,22.0,5013.0,236.0,184.0,66.0,2807.0,0,0,0,0,0,0,0,0,0,0,0,0,0,0,0,0,0,0,0,0,0,0,0,0,0,0,0,0,1,0,0,0,0,0,0,0,0,0,0,0,Spruce/Fir,0,1,0,0
2988.0,248.0,9.0,594.0,69.0,5612.0,200.0,247.0,185.0,3887.0,0,0,0,0,0,0,0,0,0,0,0,0,0,0,0,0,0,0,0,0,0,0,0,0,0,0,0,0,1,0,0,0,0,0,0,0,0,0,0,0,Lodgepole Pine,0,1,0,0
2996.0,17.0,9.0,283.0,19.0,1006.0,213.0,222.0,145.0,2179.0,0,0,0,0,0,0,0,0,0,0,0,0,0,0,0,0,0,0,0,0,0,0,0,0,0,0,0,0,1,0,0,0,0,0,0,0,0,0,0,0,Lodgepole Pine,0,1,0,0
2658.0,207.0,15.0,120.0,4.0,443.0,209.0,253.0,175.0,630.0,0,0,0,0,0,0,0,0,0,0,0,0,0,0,0,0,0,0,0,0,0,0,0,0,0,0,0,0,0,0,0,0,0,1,0,0,0,0,0,0,Lodgepole Pine,0,0,1,0
3568.0,92.0,24.0,301.0,66.0,2623.0,249.0,195.0,60.0,3864.0,0,0,0,0,0,0,0,0,0,0,0,0,0,0,0,0,0,0,0,0,0,0,0,0,0,0,0,0,0,0,0,0,0,0,0,0,0,0,0,1,Krummholz,0,1,0,0
3073.0,141.0,13.0,150.0,18.0,1842.0,239.0,236.0,125.0,1871.0,0,0,0,0,0,0,0,0,0,0,0,0,1,0,0,0,0,0,0,0,0,0,0,0,0,0,0,0,0,0,0,0,0,0,0,0,0,0,0,0,Lodgepole Pine,0,0,1,0
3125.0,341.0,27.0,433.0,144.0,319.0,154.0,189.0,167.0,1310.0,0,0,0,0,0,0,0,0,0,0,0,0,0,0,0,0,0,0,0,0,0,0,0,0,0,0,0,0,1,0,0,0,0,0,0,0,0,0,0,0,Spruce/Fir,0,0,1,0
2970.0,99.0,11.0,42.0,7.0,1357.0,239.0,224.0,114.0,2018.0,0,0,0,0,0,0,0,0,0,0,0,0,0,0,0,0,0,0,0,0,0,0,1,0,0,0,0,0,0,0,0,0,0,0,0,0,0,0,0,0,Lodgepole Pine,0,1,0,0
3039.0,217.0,5.0,134.0,0.0,3171.0,215.0,245.0,167.0,1159.0,0,0,0,0,0,0,0,0,0,0,0,0,0,0,0,0,0,0,0,0,0,0,0,0,0,0,0,0,0,0,0,1,0,0,0,0,0,0,0,0,Lodgepole Pine,0,0,1,0
3348.0,154.0,11.0,700.0,19.0,849.0,234.0,241.0,137.0,4476.0,0,0,0,0,0,0,0,0,0,0,0,0,0,0,0,0,0,0,0,0,0,0,0,0,0,0,0,0,0,0,0,0,1,0,0,0,0,0,0,0,Spruce/Fir,1,0,0,0
2383.0,340.0,25.0,234.0,131.0,1252.0,158.0,194.0,169.0,1128.0,0,0,0,0,0,0,0,0,0,1,0,0,0,0,0,0,0,0,0,0,0,0,0,0,0,0,0,0,0,0,0,0,0,0,0,0,0,0,0,0,Ponderosa Pine,0,0,0,1
3271.0,43.0,9.0,270.0,113.0,4994.0,222.0,221.0,134.0,1634.0,0,0,0,0,0,0,0,0,0,0,0,0,0,0,0,0,0,0,0,0,0,0,0,0,0,0,0,0,1,0,0,0,0,0,0,0,0,0,0,0,Spruce/Fir,0,1,0,0
3090.0,166.0,15.0,330.0,79.0,819.0,232.0,244.0,139.0,1290.0,0,0,0,0,0,0,0,0,0,0,0,0,0,0,0,0,0,0,0,0,0,0,0,0,0,0,0,0,1,0,0,0,0,0,0,0,0,0,0,0,Lodgepole Pine,0,0,1,0
3318.0,205.0,10.0,391.0,57.0,3372.0,214.0,249.0,170.0,1343.0,0,0,0,0,0,0,0,0,0,0,0,0,0,0,0,0,0,0,0,0,0,0,0,0,0,0,0,0,1,0,0,0,0,0,0,0,0,0,0,0,Lodgepole Pine,0,0,1,0
2824.0,343.0,11.0,258.0,26.0,1822.0,197.0,223.0,164.0,1470.0,0,0,0,0,0,0,0,0,0,0,0,0,0,0,0,0,0,0,0,0,0,0,0,0,0,0,0,0,1,0,0,0,0,0,0,0,0,0,0,0,Lodgepole Pine,0,1,0,0
2990.0,19.0,11.0,108.0,0.0,3515.0,212.0,217.0,141.0,2122.0,0,0,0,0,0,0,0,0,0,0,0,0,0,0,0,0,0,0,0,0,0,0,0,0,0,0,0,0,1,0,0,0,0,0,0,0,0,0,0,0,Spruce/Fir,0,1,0,0
2963.0,22.0,16.0,270.0,18.0,1924.0,208.0,205.0,130.0,3168.0,0,0,0,0,0,0,0,0,0,0,0,0,0,0,0,0,0,0,0,0,0,0,0,0,0,0,0,0,1,0,0,0,0,0,0,0,0,0,0,0,Spruce/Fir,0,0,1,0
2937.0,304.0,11.0,60.0,18.0,2958.0,190.0,234.0,185.0,1275.0,0,0,0,0,0,0,0,0,0,0,0,0,0,0,0,0,0,0,0,0,0,0,0,0,0,0,0,0,1,0,0,0,0,0,0,0,0,0,0,0,Lodgepole Pine,0,0,1,0
2716.0,165.0,29.0,60.0,18.0,1396.0,231.0,234.0,113.0,1681.0,0,0,0,0,0,0,0,0,0,0,0,0,0,0,0,0,0,0,0,0,0,0,0,0,0,0,0,0,1,0,0,0,0,0,0,0,0,0,0,0,Lodgepole Pine,0,0,1,0
3027.0,76.0,12.0,42.0,9.0,4392.0,235.0,217.0,111.0,2692.0,0,0,0,0,0,0,0,0,0,0,0,0,0,0,0,0,0,0,0,0,0,0,0,0,0,0,0,0,1,0,0,0,0,0,0,0,0,0,0,0,Spruce/Fir,0,1,0,0
3179.0,108.0,19.0,150.0,3.0,1390.0,248.0,215.0,88.0,1289.0,0,0,0,0,0,0,0,0,0,0,0,0,0,0,0,0,0,0,0,0,0,0,0,0,0,0,0,0,1,0,0,0,0,0,0,0,0,0,0,0,Lodgepole Pine,0,1,0,0
2757.0,140.0,16.0,60.0,4.0,2965.0,242.0,234.0,117.0,2766.0,0,0,0,0,0,0,0,0,0,0,0,0,0,0,0,0,0,0,0,0,0,0,0,0,0,0,0,0,1,0,0,0,0,0,0,0,0,0,0,0,Lodgepole Pine,0,1,0,0
2793.0,90.0,9.0,323.0,69.0,2951.0,235.0,225.0,121.0,2514.0,0,0,0,0,0,0,0,0,0,0,0,1,0,0,0,0,0,0,0,0,0,0,0,0,0,0,0,0,0,0,0,0,0,0,0,0,0,0,0,0,Lodgepole Pine,0,1,0,0
3246.0,350.0,15.0,725.0,45.0,1959.0,192.0,214.0,159.0,547.0,0,0,0,0,0,0,0,0,0,0,0,0,0,0,0,0,0,0,0,0,0,1,0,0,0,0,0,0,0,0,0,0,0,0,0,0,0,0,0,0,Spruce/Fir,0,0,1,0
3455.0,312.0,14.0,577.0,142.0,1100.0,182.0,229.0,187.0,1418.0,0,0,0,0,0,0,0,0,0,0,0,0,0,0,0,0,0,0,0,0,0,0,0,0,0,0,0,0,0,0,0,0,0,0,0,0,0,0,0,1,Krummholz,1,0,0,0
3426.0,0.0,9.0,430.0,87.0,1615.0,208.0,224.0,154.0,1316.0,0,0,0,0,0,0,0,0,0,0,0,0,0,0,0,0,0,0,0,0,0,0,0,0,0,0,0,0,1,0,0,0,0,0,0,0,0,0,0,0,Krummholz,0,0,1,0
2661.0,235.0,14.0,30.0,5.0,1945.0,196.0,252.0,191.0,1861.0,0,0,0,0,0,0,0,0,0,0,0,0,0,0,0,0,1,0,0,0,0,0,0,0,0,0,0,0,0,0,0,0,0,0,0,0,0,0,0,0,Ponderosa Pine,0,0,1,0
2630.0,67.0,14.0,270.0,62.0,1168.0,233.0,212.0,109.0,1398.0,0,0,0,0,0,0,0,0,0,0,1,0,0,0,0,0,0,0,0,0,0,0,0,0,0,0,0,0,0,0,0,0,0,0,0,0,0,0,0,0,Lodgepole Pine,0,0,1,0
3250.0,16.0,14.0,60.0,6.0,1974.0,208.0,211.0,138.0,1857.0,0,0,0,0,0,0,0,0,0,0,0,0,0,0,0,0,0,0,0,0,0,0,0,0,0,0,0,0,1,0,0,0,0,0,0,0,0,0,0,0,Lodgepole Pine,1,0,0,0
2962.0,88.0,11.0,366.0,47.0,4713.0,236.0,222.0,116.0,2867.0,0,0,0,0,0,0,0,0,0,0,0,0,0,0,0,0,0,0,0,0,0,0,0,0,0,0,0,0,0,1,0,0,0,0,0,0,0,0,0,0,Lodgepole Pine,0,1,0,0
2505.0,65.0,12.0,234.0,29.0,424.0,231.0,216.0,116.0,3388.0,0,0,0,0,0,0,0,0,0,0,0,0,0,0,0,0,0,1,0,0,0,0,0,0,0,0,0,0,0,0,0,0,0,0,0,0,0,0,0,0,Lodgepole Pine,0,1,0,0
2566.0,197.0,16.0,180.0,31.0,1333.0,214.0,252.0,168.0,2014.0,0,0,0,0,0,0,0,0,0,0,0,0,0,0,0,0,0,0,0,0,0,0,0,0,0,0,0,0,1,0,0,0,0,0,0,0,0,0,0,0,Ponderosa Pine,0,0,1,0
2974.0,117.0,16.0,450.0,51.0,2197.0,245.0,224.0,103.0,2620.0,0,0,0,0,0,0,0,0,0,0,0,0,0,0,0,0,0,0,0,0,0,0,0,0,0,0,0,0,1,0,0,0,0,0,0,0,0,0,0,0,Lodgepole Pine,0,0,1,0
3142.0,77.0,17.0,361.0,3.0,3234.0,239.0,207.0,94.0,4783.0,0,0,0,0,0,0,0,0,0,0,0,0,0,0,0,0,0,0,0,0,0,0,0,0,0,0,0,0,1,0,0,0,0,0,0,0,0,0,0,0,Spruce/Fir,0,1,0,0
2892.0,340.0,16.0,67.0,13.0,2627.0,185.0,216.0,168.0,1124.0,0,0,0,0,0,0,0,0,0,0,0,0,0,0,0,0,0,0,0,0,0,0,0,0,0,0,0,0,0,0,0,0,1,0,0,0,0,0,0,0,Spruce/Fir,0,0,1,0
2911.0,64.0,22.0,60.0,0.0,1825.0,234.0,189.0,76.0,2290.0,0,0,0,0,0,0,0,0,0,0,0,0,0,0,0,0,0,0,0,0,0,0,0,0,0,0,0,0,0,0,0,1,0,0,0,0,0,0,0,0,Lodgepole Pine,0,0,1,0
3107.0,76.0,15.0,242.0,40.0,1980.0,238.0,210.0,99.0,3349.0,0,0,0,0,0,0,0,0,0,0,0,0,0,0,0,0,0,0,0,0,0,0,0,0,0,0,0,0,1,0,0,0,0,0,0,0,0,0,0,0,Spruce/Fir,0,0,1,0
2614.0,328.0,23.0,95.0,48.0,638.0,156.0,206.0,185.0,2108.0,0,0,0,0,0,0,0,0,0,0,0,0,0,0,0,0,0,0,0,0,0,0,0,0,0,0,0,0,1,0,0,0,0,0,0,0,0,0,0,0,Lodgepole Pine,0,1,0,0
2945.0,348.0,10.0,579.0,39.0,5558.0,201.0,223.0,161.0,1944.0,0,0,0,0,0,0,0,0,0,0,0,0,0,0,0,0,0,0,0,0,0,0,0,0,0,0,0,0,1,0,0,0,0,0,0,0,0,0,0,0,Lodgepole Pine,0,1,0,0
2616.0,6.0,19.0,247.0,63.0,510.0,194.0,201.0,141.0,1123.0,0,0,0,0,0,0,0,0,0,1,0,0,0,0,0,0,0,0,0,0,0,0,0,0,0,0,0,0,0,0,0,0,0,0,0,0,0,0,0,0,Ponderosa Pine,0,0,1,0
3094.0,178.0,18.0,365.0,79.0,1765.0,225.0,247.0,147.0,931.0,0,0,0,0,0,0,0,0,0,0,0,0,0,0,0,0,0,0,0,0,0,0,0,0,0,0,0,0,1,0,0,0,0,0,0,0,0,0,0,0,Lodgepole Pine,0,1,0,0
3043.0,193.0,11.0,67.0,5.0,1795.0,219.0,249.0,163.0,1740.0,0,0,0,0,0,0,0,0,0,0,0,0,0,0,0,0,0,0,0,0,0,0,1,0,0,0,0,0,0,0,0,0,0,0,0,0,0,0,0,0,Spruce/Fir,0,0,1,0
3217.0,38.0,14.0,711.0,84.0,3153.0,219.0,208.0,121.0,2780.0,0,0,0,0,0,0,0,0,0,0,0,0,0,0,0,0,0,0,0,0,0,0,0,0,0,0,0,0,1,0,0,0,0,0,0,0,0,0,0,0,Lodgepole Pine,0,0,1,0
3259.0,196.0,11.0,319.0,33.0,3475.0,217.0,249.0,165.0,1831.0,0,0,0,0,0,0,0,0,0,0,0,0,0,0,0,0,0,0,0,0,0,0,0,0,0,0,0,0,1,0,0,0,0,0,0,0,0,0,0,0,Spruce/Fir,0,1,0,0
3252.0,143.0,17.0,481.0,45.0,1422.0,242.0,234.0,116.0,2703.0,0,0,0,0,0,0,0,0,0,0,0,0,0,0,0,0,0,0,0,0,0,0,0,0,0,0,0,0,0,0,0,0,1,0,0,0,0,0,0,0,Lodgepole Pine,0,0,1,0
2881.0,277.0,16.0,0.0,0.0,4182.0,174.0,241.0,206.0,603.0,0,0,0,0,0,0,0,0,0,0,0,0,0,0,0,0,0,0,0,0,0,0,0,0,0,0,0,0,1,0,0,0,0,0,0,0,0,0,0,0,Lodgepole Pine,0,1,0,0
2311.0,347.0,18.0,277.0,80.0,1020.0,183.0,208.0,162.0,1291.0,0,0,0,0,0,0,0,0,0,1,0,0,0,0,0,0,0,0,0,0,0,0,0,0,0,0,0,0,0,0,0,0,0,0,0,0,0,0,0,0,Douglas-fir,0,0,0,1
3058.0,98.0,13.0,67.0,12.0,4719.0,241.0,221.0,107.0,541.0,0,0,0,0,0,0,0,0,0,0,0,0,0,0,0,0,0,0,0,0,0,0,0,0,0,0,0,0,1,0,0,0,0,0,0,0,0,0,0,0,Lodgepole Pine,0,1,0,0
2954.0,37.0,12.0,0.0,0.0,2356.0,219.0,213.0,127.0,1919.0,0,0,0,0,0,0,0,0,0,0,0,0,0,0,0,0,0,0,0,0,0,0,0,0,0,0,0,0,1,0,0,0,0,0,0,0,0,0,0,0,Spruce/Fir,0,0,1,0
2853.0,120.0,7.0,488.0,52.0,2618.0,232.0,235.0,136.0,2799.0,0,0,0,0,0,0,0,0,0,0,0,0,0,0,0,0,0,0,0,0,0,0,0,0,0,0,0,0,1,0,0,0,0,0,0,0,0,0,0,0,Lodgepole Pine,0,1,0,0
3125.0,15.0,11.0,30.0,0.0,1409.0,211.0,218.0,143.0,2371.0,0,0,0,0,0,0,0,0,0,0,0,0,0,0,0,0,0,0,0,0,0,0,0,0,0,0,0,0,1,0,0,0,0,0,0,0,0,0,0,0,Spruce/Fir,0,1,0,0
3259.0,43.0,12.0,190.0,40.0,2761.0,222.0,213.0,123.0,2550.0,0,0,0,0,0,0,0,0,0,0,0,0,0,0,0,0,0,0,0,0,0,0,0,0,0,0,0,0,1,0,0,0,0,0,0,0,0,0,0,0,Spruce/Fir,0,1,0,0
3038.0,315.0,9.0,283.0,39.0,2733.0,196.0,233.0,176.0,1839.0,0,0,0,0,0,0,0,0,0,0,0,0,0,0,0,0,0,0,0,0,0,0,0,0,0,0,0,0,0,0,0,1,0,0,0,0,0,0,0,0,Lodgepole Pine,0,0,1,0
3072.0,348.0,10.0,90.0,21.0,1889.0,201.0,223.0,161.0,1745.0,0,0,0,0,0,0,0,0,0,0,0,0,0,0,0,0,0,0,0,0,0,0,0,0,0,0,0,0,1,0,0,0,0,0,0,0,0,0,0,0,Lodgepole Pine,0,0,1,0
2233.0,73.0,17.0,95.0,26.0,642.0,237.0,206.0,94.0,1657.0,0,0,1,0,0,0,0,0,0,0,0,0,0,0,0,0,0,0,0,0,0,0,0,0,0,0,0,0,0,0,0,0,0,0,0,0,0,0,0,0,Cottonwood/Willow,0,0,0,1
3182.0,117.0,8.0,67.0,10.0,2627.0,235.0,232.0,129.0,2826.0,0,0,0,0,0,0,0,0,0,0,0,0,0,0,0,0,0,0,0,0,0,0,0,0,0,0,0,0,1,0,0,0,0,0,0,0,0,0,0,0,Krummholz,0,1,0,0
2917.0,141.0,3.0,90.0,2.0,849.0,224.0,238.0,150.0,2130.0,0,0,0,0,0,0,0,0,0,0,0,0,0,0,0,0,0,0,0,0,0,0,1,0,0,0,0,0,0,0,0,0,0,0,0,0,0,0,0,0,Lodgepole Pine,0,1,0,0
2999.0,35.0,13.0,551.0,16.0,2431.0,218.0,211.0,127.0,2356.0,0,0,0,0,0,0,0,0,0,0,0,0,0,0,0,0,0,0,0,0,0,0,0,0,0,0,0,0,1,0,0,0,0,0,0,0,0,0,0,0,Lodgepole Pine,0,0,1,0
2228.0,340.0,12.0,242.0,92.0,518.0,195.0,223.0,166.0,268.0,0,0,0,0,0,0,0,0,0,1,0,0,0,0,0,0,0,0,0,0,0,0,0,0,0,0,0,0,0,0,0,0,0,0,0,0,0,0,0,0,Lodgepole Pine,0,0,0,1
2542.0,21.0,11.0,190.0,22.0,2445.0,212.0,216.0,139.0,2431.0,0,0,0,0,0,0,0,0,0,0,1,0,0,0,0,0,0,0,0,0,0,0,0,0,0,0,0,0,0,0,0,0,0,0,0,0,0,0,0,0,Spruce/Fir,0,0,1,0
2762.0,38.0,8.0,124.0,14.0,1664.0,220.0,223.0,138.0,1744.0,0,0,0,0,0,0,0,0,0,0,0,0,0,0,0,0,0,0,0,0,0,0,0,0,0,0,0,0,1,0,0,0,0,0,0,0,0,0,0,0,Spruce/Fir,0,1,0,0
3255.0,342.0,26.0,458.0,113.0,3843.0,157.0,191.0,166.0,2096.0,0,0,0,0,0,0,0,0,0,0,0,0,0,0,0,0,0,0,0,0,0,0,0,0,0,0,0,0,0,0,1,0,0,0,0,0,0,0,0,0,Spruce/Fir,0,0,1,0
3297.0,11.0,11.0,382.0,64.0,3150.0,209.0,218.0,146.0,2177.0,0,0,0,0,0,0,0,0,0,0,0,0,0,0,0,0,0,0,0,0,0,0,0,0,0,0,0,0,1,0,0,0,0,0,0,0,0,0,0,0,Spruce/Fir,0,1,0,0
2994.0,194.0,16.0,124.0,29.0,1321.0,216.0,251.0,164.0,474.0,0,0,0,0,0,0,0,0,0,0,0,0,0,0,0,0,0,0,0,0,0,0,0,0,0,0,0,0,1,0,0,0,0,0,0,0,0,0,0,0,Spruce/Fir,0,0,1,0
3005.0,100.0,18.0,216.0,65.0,1057.0,246.0,213.0,89.0,603.0,0,0,0,0,0,0,0,0,0,0,0,0,0,0,0,0,0,0,0,0,0,0,0,0,0,0,0,0,0,0,0,1,0,0,0,0,0,0,0,0,Lodgepole Pine,0,0,1,0
3176.0,286.0,13.0,212.0,29.0,2316.0,183.0,239.0,196.0,553.0,0,0,0,0,0,0,0,0,0,0,0,0,0,0,0,0,0,0,0,0,0,0,0,0,0,0,0,0,1,0,0,0,0,0,0,0,0,0,0,0,Spruce/Fir,0,0,1,0
2717.0,209.0,30.0,85.0,29.0,1140.0,183.0,251.0,186.0,1727.0,0,0,0,1,0,0,0,0,0,0,0,0,0,0,0,0,0,0,0,0,0,0,0,0,0,0,0,0,0,0,0,0,0,0,0,0,0,0,0,0,Aspen,0,0,1,0
2652.0,44.0,26.0,85.0,36.0,1273.0,216.0,175.0,80.0,972.0,0,0,0,0,0,0,0,0,0,0,0,0,0,0,0,0,0,0,0,0,0,0,0,0,0,0,0,0,1,0,0,0,0,0,0,0,0,0,0,0,Lodgepole Pine,0,0,1,0
2769.0,108.0,8.0,60.0,3.0,2222.0,235.0,231.0,128.0,663.0,0,0,0,1,0,0,0,0,0,0,0,0,0,0,0,0,0,0,0,0,0,0,0,0,0,0,0,0,0,0,0,0,0,0,0,0,0,0,0,0,Lodgepole Pine,0,0,1,0
3361.0,305.0,8.0,819.0,125.0,976.0,198.0,236.0,177.0,2226.0,0,0,0,0,0,0,0,0,0,0,0,0,0,0,0,0,0,0,0,0,0,0,0,0,0,0,0,0,1,0,0,0,0,0,0,0,0,0,0,0,Spruce/Fir,0,0,1,0
3248.0,189.0,24.0,247.0,89.0,2456.0,213.0,249.0,157.0,1123.0,0,0,0,0,0,0,0,0,0,0,0,0,0,0,0,0,0,0,0,0,0,0,0,0,0,0,0,0,1,0,0,0,0,0,0,0,0,0,0,0,Spruce/Fir,0,0,1,0
2901.0,13.0,22.0,300.0,113.0,1734.0,193.0,189.0,127.0,2503.0,0,0,0,0,0,0,0,0,0,0,0,0,0,0,0,0,0,0,0,0,0,0,0,0,0,0,0,0,1,0,0,0,0,0,0,0,0,0,0,0,Lodgepole Pine,0,0,1,0
2562.0,318.0,11.0,295.0,92.0,735.0,190.0,230.0,179.0,666.0,0,0,0,0,0,0,0,0,0,1,0,0,0,0,0,0,0,0,0,0,0,0,0,0,0,0,0,0,0,0,0,0,0,0,0,0,0,0,0,0,Douglas-fir,0,0,1,0
3048.0,4.0,3.0,95.0,0.0,3180.0,215.0,233.0,155.0,495.0,0,0,0,0,0,0,0,0,0,0,0,0,0,0,0,0,0,0,0,0,0,1,0,0,0,0,0,0,0,0,0,0,0,0,0,0,0,0,0,0,Spruce/Fir,0,1,0,0
3004.0,190.0,20.0,190.0,32.0,1690.0,216.0,251.0,160.0,366.0,0,0,0,0,0,0,0,0,0,0,0,0,0,0,0,0,0,0,0,0,0,0,0,0,0,0,0,0,1,0,0,0,0,0,0,0,0,0,0,0,Lodgepole Pine,0,0,1,0
2604.0,74.0,16.0,277.0,96.0,1449.0,238.0,208.0,96.0,1747.0,0,1,0,0,0,0,0,0,0,0,0,0,0,0,0,0,0,0,0,0,0,0,0,0,0,0,0,0,0,0,0,0,0,0,0,0,0,0,0,0,Douglas-fir,0,0,1,0
2873.0,0.0,0.0,30.0,0.0,5272.0,218.0,238.0,156.0,4257.0,0,0,0,0,0,0,0,0,0,0,0,0,0,0,0,1,0,0,0,0,0,0,0,0,0,0,0,0,0,0,0,0,0,0,0,0,0,0,0,0,Spruce/Fir,0,1,0,0
3119.0,41.0,16.0,150.0,13.0,892.0,221.0,204.0,115.0,1940.0,0,0,0,0,0,0,0,0,0,0,0,0,0,0,0,0,0,0,0,0,0,1,0,0,0,0,0,0,0,0,0,0,0,0,0,0,0,0,0,0,Spruce/Fir,0,0,1,0
3234.0,112.0,18.0,319.0,72.0,3852.0,248.0,218.0,91.0,582.0,0,0,0,0,0,0,0,0,0,0,0,0,0,0,0,0,0,0,0,0,0,0,0,0,0,0,0,0,0,0,0,0,1,0,0,0,0,0,0,0,Spruce/Fir,0,0,1,0
2238.0,309.0,24.0,67.0,27.0,674.0,149.0,217.0,205.0,1698.0,0,0,0,0,0,0,0,0,0,1,0,0,0,0,0,0,0,0,0,0,0,0,0,0,0,0,0,0,0,0,0,0,0,0,0,0,0,0,0,0,Ponderosa Pine,0,0,0,1
3207.0,108.0,11.0,228.0,42.0,3150.0,239.0,227.0,118.0,2134.0,0,0,0,0,0,0,0,0,0,0,0,0,0,0,0,0,0,0,0,0,0,0,0,0,0,0,0,0,1,0,0,0,0,0,0,0,0,0,0,0,Spruce/Fir,0,0,1,0
2984.0,349.0,8.0,60.0,2.0,3827.0,206.0,227.0,160.0,924.0,0,0,0,0,0,0,0,0,0,0,0,0,0,0,0,0,0,0,0,0,0,0,1,0,0,0,0,0,0,0,0,0,0,0,0,0,0,0,0,0,Spruce/Fir,0,1,0,0
2287.0,89.0,18.0,153.0,73.0,1500.0,244.0,207.0,85.0,738.0,0,1,0,0,0,0,0,0,0,0,0,0,0,0,0,0,0,0,0,0,0,0,0,0,0,0,0,0,0,0,0,0,0,0,0,0,0,0,0,0,Ponderosa Pine,0,0,0,1
3197.0,4.0,17.0,255.0,33.0,4174.0,195.0,205.0,145.0,1050.0,0,0,0,0,0,0,0,0,0,0,0,0,0,0,0,0,0,0,0,0,0,0,0,0,0,0,0,0,1,0,0,0,0,0,0,0,0,0,0,0,Spruce/Fir,0,0,1,0
2874.0,308.0,16.0,175.0,17.0,2550.0,176.0,229.0,193.0,2322.0,0,0,0,0,0,0,0,0,0,0,0,0,0,0,0,0,0,0,0,0,0,0,0,1,0,0,0,0,0,0,0,0,0,0,0,0,0,0,0,0,Spruce/Fir,0,0,1,0
3235.0,188.0,9.0,730.0,21.0,509.0,221.0,247.0,159.0,2565.0,0,0,0,0,0,0,0,0,0,0,0,0,1,0,0,0,0,0,0,0,0,0,0,0,0,0,0,0,0,0,0,0,0,0,0,0,0,0,0,0,Lodgepole Pine,0,0,1,0
3198.0,298.0,23.0,390.0,122.0,4432.0,148.0,225.0,214.0,1315.0,0,0,0,0,0,0,0,0,0,0,0,0,0,0,0,0,0,0,0,0,0,0,0,0,0,0,0,0,1,0,0,0,0,0,0,0,0,0,0,0,Spruce/Fir,0,1,0,0
2328.0,205.0,18.0,339.0,71.0,811.0,206.0,254.0,177.0,644.0,0,0,0,0,0,1,0,0,0,0,0,0,0,0,0,0,0,0,0,0,0,0,0,0,0,0,0,0,0,0,0,0,0,0,0,0,0,0,0,0,Ponderosa Pine,0,0,0,1
2776.0,9.0,15.0,30.0,6.0,3094.0,202.0,210.0,142.0,4901.0,0,0,0,0,0,0,0,0,0,0,0,0,0,0,0,0,0,0,0,0,0,0,0,0,0,0,0,0,1,0,0,0,0,0,0,0,0,0,0,0,Lodgepole Pine,0,1,0,0
3086.0,177.0,25.0,240.0,28.0,3558.0,222.0,244.0,139.0,1087.0,0,0,0,0,0,0,0,0,0,0,0,0,0,0,0,0,0,0,0,0,0,0,0,0,0,0,0,0,0,0,0,0,1,0,0,0,0,0,0,0,Lodgepole Pine,0,0,1,0
3287.0,131.0,10.0,319.0,40.0,1506.0,236.0,235.0,129.0,2164.0,0,0,0,0,0,0,0,0,0,0,0,0,0,0,0,0,0,0,0,0,0,0,0,0,0,0,0,0,0,0,0,1,0,0,0,0,0,0,0,0,Spruce/Fir,0,0,1,0
2994.0,324.0,15.0,324.0,62.0,2985.0,181.0,223.0,181.0,1283.0,0,0,0,0,0,0,0,0,0,0,0,0,0,0,0,0,0,0,0,0,0,0,0,0,0,0,0,0,1,0,0,0,0,0,0,0,0,0,0,0,Lodgepole Pine,0,0,1,0
2884.0,51.0,10.0,108.0,3.0,902.0,225.0,218.0,126.0,2105.0,0,0,0,0,0,0,0,0,0,0,0,0,0,0,0,0,0,0,0,0,0,0,0,1,0,0,0,0,0,0,0,0,0,0,0,0,0,0,0,0,Spruce/Fir,0,0,1,0
2949.0,251.0,11.0,376.0,40.0,5769.0,196.0,248.0,189.0,3308.0,0,0,0,0,0,0,0,0,0,0,0,0,0,0,0,0,0,0,0,0,0,0,0,0,0,0,0,0,1,0,0,0,0,0,0,0,0,0,0,0,Lodgepole Pine,0,1,0,0
2872.0,79.0,23.0,162.0,82.0,658.0,243.0,192.0,68.0,934.0,0,0,0,0,0,0,0,0,0,0,0,0,0,0,0,0,0,0,0,0,0,0,0,0,0,0,0,0,0,0,0,0,1,0,0,0,0,0,0,0,Spruce/Fir,0,0,1,0
3138.0,111.0,22.0,285.0,71.0,1602.0,251.0,210.0,76.0,1482.0,0,0,0,0,0,0,0,0,0,0,0,0,0,0,0,0,0,0,0,0,0,0,0,0,0,0,0,0,1,0,0,0,0,0,0,0,0,0,0,0,Spruce/Fir,0,1,0,0
3253.0,333.0,8.0,240.0,23.0,4191.0,201.0,229.0,168.0,1112.0,0,0,0,0,0,0,0,0,0,0,0,0,0,0,0,0,0,0,0,0,0,0,0,0,0,0,0,0,0,0,0,0,0,0,0,0,0,0,1,0,Spruce/Fir,0,1,0,0
3014.0,124.0,19.0,85.0,0.0,779.0,249.0,222.0,93.0,1337.0,0,0,0,0,0,0,0,0,0,0,0,0,0,0,0,0,0,0,0,0,0,0,0,0,0,0,0,0,0,0,0,0,1,0,0,0,0,0,0,0,Lodgepole Pine,0,0,1,0
3155.0,85.0,5.0,0.0,0.0,480.0,228.0,231.0,137.0,1475.0,0,0,0,0,0,0,0,0,0,0,0,0,0,0,0,0,0,0,0,0,0,0,1,0,0,0,0,0,0,0,0,0,0,0,0,0,0,0,0,0,Spruce/Fir,0,1,0,0
2925.0,238.0,10.0,30.0,0.0,1768.0,201.0,249.0,185.0,764.0,0,0,0,0,0,0,0,0,0,0,0,0,0,0,0,0,0,0,0,0,0,0,0,0,0,0,0,0,1,0,0,0,0,0,0,0,0,0,0,0,Lodgepole Pine,0,0,1,0
3381.0,294.0,21.0,514.0,167.0,819.0,156.0,229.0,211.0,1165.0,0,0,0,0,0,0,0,0,0,0,0,0,0,0,0,0,0,0,0,0,0,0,0,0,0,0,0,0,1,0,0,0,0,0,0,0,0,0,0,0,Spruce/Fir,1,0,0,0
3177.0,194.0,6.0,95.0,6.0,2844.0,219.0,245.0,161.0,1183.0,0,0,0,0,0,0,0,0,0,0,0,0,0,0,0,0,0,0,0,0,0,0,1,0,0,0,0,0,0,0,0,0,0,0,0,0,0,0,0,0,Spruce/Fir,0,0,1,0
2906.0,132.0,15.0,702.0,128.0,2326.0,243.0,231.0,114.0,1653.0,0,0,0,0,0,0,0,0,0,0,0,0,1,0,0,0,0,0,0,0,0,0,0,0,0,0,0,0,0,0,0,0,0,0,0,0,0,0,0,0,Lodgepole Pine,0,0,1,0
2749.0,193.0,20.0,192.0,51.0,886.0,214.0,251.0,163.0,1974.0,0,0,0,0,0,0,0,0,0,0,0,0,0,0,0,0,0,0,0,0,0,0,0,0,0,0,0,0,1,0,0,0,0,0,0,0,0,0,0,0,Aspen,0,0,1,0
3271.0,199.0,11.0,120.0,12.0,3331.0,216.0,250.0,167.0,1437.0,0,0,0,0,0,0,0,0,0,0,0,0,0,0,0,0,0,0,0,0,0,0,1,0,0,0,0,0,0,0,0,0,0,0,0,0,0,0,0,0,Spruce/Fir,0,0,1,0
2632.0,26.0,8.0,95.0,7.0,134.0,216.0,222.0,142.0,484.0,0,0,0,0,0,0,0,0,0,0,1,0,0,0,0,0,0,0,0,0,0,0,0,0,0,0,0,0,0,0,0,0,0,0,0,0,0,0,0,0,Lodgepole Pine,0,0,1,0
2574.0,50.0,16.0,240.0,36.0,560.0,225.0,203.0,107.0,3000.0,0,0,0,0,0,0,0,0,0,0,0,0,0,0,0,0,0,0,0,0,0,0,0,0,0,0,0,0,1,0,0,0,0,0,0,0,0,0,0,0,Lodgepole Pine,0,1,0,0
3239.0,285.0,3.0,342.0,64.0,2643.0,212.0,239.0,165.0,997.0,0,0,0,0,0,0,0,0,0,0,0,0,0,0,0,0,0,0,0,0,0,0,0,0,0,0,0,0,0,0,0,1,0,0,0,0,0,0,0,0,Spruce/Fir,0,0,1,0
2514.0,101.0,11.0,342.0,38.0,531.0,239.0,225.0,115.0,3479.0,0,0,0,0,0,0,0,0,0,0,0,0,0,0,0,0,0,1,0,0,0,0,0,0,0,0,0,0,0,0,0,0,0,0,0,0,0,0,0,0,Lodgepole Pine,0,1,0,0
3232.0,179.0,19.0,451.0,147.0,3393.0,225.0,248.0,148.0,840.0,0,0,0,0,0,0,0,0,0,0,0,0,0,0,0,0,0,0,0,0,0,0,0,0,0,0,0,0,0,0,0,0,1,0,0,0,0,0,0,0,Lodgepole Pine,0,0,1,0
2752.0,278.0,5.0,108.0,10.0,1578.0,206.0,241.0,173.0,2423.0,0,0,0,0,0,0,0,0,0,0,0,1,0,0,0,0,0,0,0,0,0,0,0,0,0,0,0,0,0,0,0,0,0,0,0,0,0,0,0,0,Lodgepole Pine,0,1,0,0
2913.0,106.0,10.0,95.0,20.0,3461.0,238.0,228.0,120.0,2338.0,0,0,0,0,0,0,0,0,0,0,0,0,0,0,0,0,0,0,0,0,0,0,0,0,0,0,0,0,1,0,0,0,0,0,0,0,0,0,0,0,Lodgepole Pine,0,1,0,0
2984.0,42.0,13.0,212.0,24.0,2100.0,222.0,211.0,122.0,959.0,0,0,0,0,0,0,0,0,0,0,0,0,0,0,0,0,0,0,0,0,0,0,0,0,0,0,0,0,1,0,0,0,0,0,0,0,0,0,0,0,Lodgepole Pine,0,0,1,0
3164.0,142.0,15.0,256.0,34.0,2349.0,241.0,235.0,119.0,446.0,0,0,0,0,0,0,0,0,0,0,0,0,0,0,0,0,0,0,0,0,0,0,0,0,0,0,0,0,0,0,1,0,0,0,0,0,0,0,0,0,Spruce/Fir,0,0,1,0
3029.0,97.0,6.0,108.0,0.0,1805.0,229.0,232.0,137.0,1770.0,0,0,0,0,0,0,0,0,0,0,0,0,0,0,0,0,0,0,0,0,0,0,0,0,0,0,0,0,1,0,0,0,0,0,0,0,0,0,0,0,Spruce/Fir,0,1,0,0
3357.0,297.0,4.0,212.0,18.0,1200.0,208.0,238.0,169.0,2131.0,0,0,0,0,0,0,0,0,0,0,0,0,0,0,0,0,0,0,0,0,0,0,0,0,0,0,0,0,1,0,0,0,0,0,0,0,0,0,0,0,Spruce/Fir,0,0,1,0
2921.0,330.0,17.0,134.0,33.0,4140.0,177.0,217.0,178.0,2612.0,0,0,0,0,0,0,0,0,0,0,0,0,0,0,0,0,0,0,0,0,0,0,0,0,0,0,0,0,1,0,0,0,0,0,0,0,0,0,0,0,Lodgepole Pine,0,1,0,0
3231.0,54.0,8.0,182.0,22.0,5262.0,225.0,223.0,131.0,323.0,0,0,0,0,0,0,0,0,0,0,0,0,0,0,0,0,0,0,0,0,0,1,0,0,0,0,0,0,0,0,0,0,0,0,0,0,0,0,0,0,Spruce/Fir,0,1,0,0
3280.0,227.0,9.0,335.0,5.0,2676.0,208.0,248.0,177.0,589.0,0,0,0,0,0,0,0,0,0,0,0,0,0,0,0,0,0,0,0,0,0,0,0,0,0,0,0,0,0,0,0,1,0,0,0,0,0,0,0,0,Spruce/Fir,0,0,1,0
3062.0,297.0,23.0,495.0,151.0,5347.0,151.0,226.0,213.0,825.0,0,0,0,0,0,0,0,0,0,0,0,0,0,0,0,0,0,0,0,0,0,0,0,0,0,0,0,0,1,0,0,0,0,0,0,0,0,0,0,0,Lodgepole Pine,0,1,0,0
2965.0,135.0,17.0,379.0,69.0,5417.0,244.0,230.0,109.0,4462.0,0,0,0,0,0,0,0,0,0,0,0,0,0,0,0,0,0,0,0,0,0,0,0,0,0,0,0,0,1,0,0,0,0,0,0,0,0,0,0,0,Lodgepole Pine,0,1,0,0
3026.0,59.0,12.0,430.0,88.0,2012.0,229.0,215.0,117.0,1694.0,0,0,0,0,0,0,0,0,0,0,0,0,0,0,0,0,0,0,0,0,0,0,0,0,0,0,0,0,0,0,0,1,0,0,0,0,0,0,0,0,Lodgepole Pine,0,0,1,0
3011.0,80.0,7.0,42.0,3.0,1020.0,230.0,228.0,131.0,2765.0,0,0,0,0,0,0,0,0,0,0,0,0,0,0,0,0,0,0,0,0,0,0,1,0,0,0,0,0,0,0,0,0,0,0,0,0,0,0,0,0,Spruce/Fir,0,0,1,0
3014.0,71.0,14.0,60.0,13.0,5490.0,235.0,211.0,104.0,4606.0,0,0,0,0,0,0,0,0,0,0,0,0,0,0,0,0,0,0,0,0,0,0,0,0,0,0,0,0,1,0,0,0,0,0,0,0,0,0,0,0,Lodgepole Pine,0,1,0,0
2466.0,311.0,20.0,395.0,32.0,789.0,164.0,222.0,197.0,1200.0,0,0,0,0,0,1,0,0,0,0,0,0,0,0,0,0,0,0,0,0,0,0,0,0,0,0,0,0,0,0,0,0,0,0,0,0,0,0,0,0,Douglas-fir,0,0,0,1
3039.0,322.0,6.0,365.0,68.0,2348.0,205.0,234.0,168.0,1195.0,0,0,0,0,0,0,0,0,0,0,0,0,0,0,0,0,0,0,0,0,0,0,1,0,0,0,0,0,0,0,0,0,0,0,0,0,0,0,0,0,Spruce/Fir,0,1,0,0
2778.0,88.0,6.0,0.0,0.0,2557.0,229.0,230.0,135.0,2062.0,0,0,0,0,0,0,0,0,0,0,0,1,0,0,0,0,0,0,0,0,0,0,0,0,0,0,0,0,0,0,0,0,0,0,0,0,0,0,0,0,Lodgepole Pine,0,1,0,0
2609.0,114.0,3.0,228.0,52.0,2690.0,224.0,236.0,147.0,769.0,0,1,0,0,0,0,0,0,0,0,0,0,0,0,0,0,0,0,0,0,0,0,0,0,0,0,0,0,0,0,0,0,0,0,0,0,0,0,0,0,Ponderosa Pine,0,0,1,0
2346.0,39.0,3.0,0.0,0.0,376.0,220.0,232.0,149.0,959.0,0,0,0,0,0,0,0,0,0,0,0,0,0,0,0,0,1,0,0,0,0,0,0,0,0,0,0,0,0,0,0,0,0,0,0,0,0,0,0,0,Ponderosa Pine,0,0,0,1
2917.0,182.0,11.0,524.0,62.0,2601.0,223.0,247.0,156.0,1931.0,0,0,0,0,0,0,0,0,0,0,0,0,0,0,0,0,0,0,0,0,0,0,0,0,0,0,0,0,1,0,0,0,0,0,0,0,0,0,0,0,Lodgepole Pine,0,0,1,0
2907.0,213.0,25.0,134.0,64.0,2512.0,188.0,254.0,189.0,2131.0,0,0,0,0,0,0,0,0,0,0,0,0,0,0,0,0,0,0,0,0,0,0,0,0,0,0,0,0,1,0,0,0,0,0,0,0,0,0,0,0,Lodgepole Pine,0,0,1,0
2281.0,36.0,25.0,60.0,45.0,1338.0,209.0,177.0,91.0,902.0,0,0,0,0,0,0,0,0,0,1,0,0,0,0,0,0,0,0,0,0,0,0,0,0,0,0,0,0,0,0,0,0,0,0,0,0,0,0,0,0,Ponderosa Pine,0,0,0,1
3050.0,262.0,5.0,242.0,20.0,5611.0,207.0,242.0,173.0,2016.0,0,0,0,0,0,0,0,0,0,0,0,0,0,0,0,0,0,0,0,0,0,1,0,0,0,0,0,0,0,0,0,0,0,0,0,0,0,0,0,0,Lodgepole Pine,0,1,0,0
3247.0,7.0,6.0,366.0,152.0,4992.0,213.0,228.0,153.0,1740.0,0,0,0,0,0,0,0,0,0,0,0,0,0,0,0,0,0,0,0,0,0,0,0,0,0,0,0,0,1,0,0,0,0,0,0,0,0,0,0,0,Spruce/Fir,0,1,0,0
2564.0,315.0,6.0,127.0,8.0,1616.0,203.0,235.0,171.0,1747.0,0,1,0,0,0,0,0,0,0,0,0,0,0,0,0,0,0,0,0,0,0,0,0,0,0,0,0,0,0,0,0,0,0,0,0,0,0,0,0,0,Aspen,0,0,1,0
2796.0,98.0,2.0,90.0,11.0,1451.0,222.0,236.0,151.0,2378.0,0,0,0,0,0,0,0,0,0,0,0,0,0,0,0,0,0,0,0,0,0,0,0,0,0,0,0,0,1,0,0,0,0,0,0,0,0,0,0,0,Spruce/Fir,0,0,1,0
2962.0,337.0,14.0,153.0,28.0,4074.0,188.0,219.0,170.0,551.0,0,0,0,0,0,0,0,0,0,0,0,0,0,0,0,0,0,0,0,0,0,0,0,0,0,0,0,0,1,0,0,0,0,0,0,0,0,0,0,0,Spruce/Fir,0,1,0,0
2662.0,67.0,10.0,0.0,0.0,1565.0,231.0,219.0,120.0,1452.0,0,0,0,0,0,0,0,0,0,0,0,0,0,0,0,0,0,0,0,0,0,0,0,0,0,0,0,0,1,0,0,0,0,0,0,0,0,0,0,0,Spruce/Fir,0,0,1,0
3234.0,337.0,7.0,404.0,100.0,2389.0,204.0,230.0,165.0,3340.0,0,0,0,0,0,0,0,0,0,0,0,0,0,0,0,0,0,0,0,0,0,0,0,0,0,0,0,0,1,0,0,0,0,0,0,0,0,0,0,0,Spruce/Fir,0,0,1,0
2262.0,7.0,14.0,190.0,137.0,551.0,201.0,211.0,145.0,339.0,0,0,0,0,0,1,0,0,0,0,0,0,0,0,0,0,0,0,0,0,0,0,0,0,0,0,0,0,0,0,0,0,0,0,0,0,0,0,0,0,Douglas-fir,0,0,0,1
2952.0,297.0,3.0,324.0,25.0,1965.0,210.0,238.0,166.0,2047.0,0,0,0,0,0,0,0,0,0,0,0,0,0,0,0,0,0,0,0,0,0,0,0,0,0,0,0,0,0,0,0,1,0,0,0,0,0,0,0,0,Lodgepole Pine,0,0,1,0
3036.0,88.0,5.0,153.0,13.0,2958.0,228.0,231.0,137.0,1348.0,0,0,0,0,0,0,0,0,0,0,0,0,0,0,0,0,0,0,0,0,0,0,0,0,0,0,0,0,1,0,0,0,0,0,0,0,0,0,0,0,Lodgepole Pine,0,0,1,0
2968.0,53.0,12.0,309.0,9.0,2241.0,227.0,215.0,120.0,2454.0,0,0,0,0,0,0,0,0,0,0,0,0,0,0,0,0,0,0,0,0,0,0,0,0,0,0,0,0,1,0,0,0,0,0,0,0,0,0,0,0,Lodgepole Pine,0,0,1,0
2948.0,114.0,6.0,150.0,12.0,3931.0,230.0,234.0,138.0,1782.0,0,0,0,0,0,0,0,0,0,0,0,1,0,0,0,0,0,0,0,0,0,0,0,0,0,0,0,0,0,0,0,0,0,0,0,0,0,0,0,0,Lodgepole Pine,0,1,0,0
2523.0,183.0,15.0,162.0,55.0,830.0,223.0,249.0,154.0,860.0,0,1,0,0,0,0,0,0,0,0,0,0,0,0,0,0,0,0,0,0,0,0,0,0,0,0,0,0,0,0,0,0,0,0,0,0,0,0,0,0,Ponderosa Pine,0,0,1,0
2944.0,120.0,23.0,67.0,19.0,1591.0,252.0,213.0,75.0,1635.0,0,0,0,0,0,0,0,0,0,0,0,0,0,0,0,0,0,0,0,0,0,0,0,0,0,0,0,0,1,0,0,0,0,0,0,0,0,0,0,0,Lodgepole Pine,0,0,1,0
2900.0,92.0,5.0,124.0,20.0,3869.0,229.0,231.0,137.0,3944.0,0,0,0,0,0,0,0,0,0,0,0,0,0,0,0,0,0,0,0,0,0,0,1,0,0,0,0,0,0,0,0,0,0,0,0,0,0,0,0,0,Lodgepole Pine,0,1,0,0
2542.0,142.0,19.0,90.0,20.0,1107.0,244.0,231.0,107.0,1786.0,0,0,0,1,0,0,0,0,0,0,0,0,0,0,0,0,0,0,0,0,0,0,0,0,0,0,0,0,0,0,0,0,0,0,0,0,0,0,0,0,Ponderosa Pine,0,0,1,0
2990.0,355.0,10.0,108.0,6.0,2564.0,203.0,222.0,157.0,2072.0,0,0,0,0,0,0,0,0,0,0,0,0,0,0,0,0,0,0,0,0,0,1,0,0,0,0,0,0,0,0,0,0,0,0,0,0,0,0,0,0,Spruce/Fir,0,0,1,0
2788.0,7.0,19.0,150.0,41.0,2523.0,193.0,198.0,139.0,646.0,0,0,0,0,0,0,0,0,0,0,0,0,0,0,0,0,0,0,0,0,0,0,0,0,0,0,0,0,1,0,0,0,0,0,0,0,0,0,0,0,Lodgepole Pine,0,0,1,0
2640.0,30.0,10.0,150.0,15.0,182.0,217.0,217.0,135.0,430.0,0,0,0,0,0,0,0,0,0,0,1,0,0,0,0,0,0,0,0,0,0,0,0,0,0,0,0,0,0,0,0,0,0,0,0,0,0,0,0,0,Lodgepole Pine,0,0,1,0
3209.0,9.0,10.0,402.0,82.0,2201.0,209.0,219.0,148.0,3413.0,0,0,0,0,0,0,0,0,0,0,0,0,0,0,0,0,0,0,0,0,0,0,0,0,0,0,0,0,1,0,0,0,0,0,0,0,0,0,0,0,Spruce/Fir,0,0,1,0
3214.0,207.0,8.0,646.0,0.0,525.0,215.0,247.0,168.0,2407.0,0,0,0,0,0,0,0,0,0,0,0,0,0,0,0,0,0,0,0,0,0,0,0,0,0,0,0,0,1,0,0,0,0,0,0,0,0,0,0,0,Lodgepole Pine,0,0,1,0
3172.0,16.0,14.0,600.0,97.0,1679.0,207.0,209.0,137.0,2661.0,0,0,0,0,0,0,0,0,0,0,0,0,0,0,0,0,0,0,0,0,0,0,0,0,0,0,0,0,1,0,0,0,0,0,0,0,0,0,0,0,Spruce/Fir,0,0,1,0
2846.0,133.0,15.0,42.0,12.0,1347.0,243.0,231.0,112.0,2436.0,0,0,0,0,0,0,0,0,0,0,0,0,0,0,0,0,0,0,0,0,0,0,0,0,0,0,0,0,0,0,1,0,0,0,0,0,0,0,0,0,Lodgepole Pine,0,0,1,0
2411.0,211.0,23.0,0.0,0.0,1499.0,195.0,254.0,185.0,573.0,0,0,0,0,0,0,0,0,0,0,0,0,0,0,0,0,0,0,0,0,0,0,0,0,0,0,0,0,1,0,0,0,0,0,0,0,0,0,0,0,Douglas-fir,0,0,1,0
3196.0,32.0,15.0,234.0,23.0,1560.0,216.0,206.0,123.0,240.0,0,0,0,0,0,0,0,0,0,0,0,0,0,0,0,0,0,0,0,0,0,1,0,0,0,0,0,0,0,0,0,0,0,0,0,0,0,0,0,0,Spruce/Fir,0,1,0,0
3196.0,169.0,4.0,212.0,19.0,2526.0,222.0,241.0,154.0,1044.0,0,0,0,0,0,0,0,0,0,0,0,0,0,0,0,0,0,0,0,0,0,0,1,0,0,0,0,0,0,0,0,0,0,0,0,0,0,0,0,0,Spruce/Fir,0,1,0,0
2887.0,143.0,9.0,212.0,37.0,3372.0,233.0,238.0,136.0,3487.0,0,0,0,0,0,0,0,0,0,0,0,0,0,0,0,0,0,0,0,0,0,0,0,0,0,0,0,0,0,1,0,0,0,0,0,0,0,0,0,0,Lodgepole Pine,0,1,0,0
2960.0,358.0,9.0,42.0,4.0,4855.0,207.0,224.0,155.0,4082.0,0,0,0,0,0,0,0,0,0,0,0,0,0,0,0,0,0,0,0,0,0,0,0,0,0,0,0,0,1,0,0,0,0,0,0,0,0,0,0,0,Spruce/Fir,0,1,0,0
3253.0,100.0,14.0,201.0,27.0,2590.0,242.0,220.0,105.0,1532.0,0,0,0,0,0,0,0,0,0,0,0,0,0,0,0,0,0,0,0,0,0,0,0,0,0,0,0,0,1,0,0,0,0,0,0,0,0,0,0,0,Krummholz,0,0,1,0
3155.0,115.0,4.0,679.0,108.0,4468.0,227.0,236.0,144.0,1950.0,0,0,0,0,0,0,0,0,0,0,0,0,0,0,0,0,0,0,0,1,0,0,0,0,0,0,0,0,0,0,0,0,0,0,0,0,0,0,0,0,Spruce/Fir,0,1,0,0
3047.0,83.0,18.0,192.0,43.0,4297.0,242.0,206.0,88.0,2605.0,0,0,0,0,0,0,0,0,0,0,0,0,0,0,0,0,0,0,0,0,0,0,0,0,0,0,0,0,1,0,0,0,0,0,0,0,0,0,0,0,Lodgepole Pine,0,1,0,0
3119.0,22.0,10.0,277.0,52.0,5102.0,214.0,218.0,140.0,2947.0,0,0,0,0,0,0,0,0,0,0,0,0,0,0,0,0,0,0,0,0,0,0,0,0,0,0,0,0,0,1,0,0,0,0,0,0,0,0,0,0,Spruce/Fir,0,1,0,0
3123.0,315.0,7.0,400.0,54.0,1249.0,201.0,234.0,173.0,1075.0,0,0,0,0,0,0,0,0,0,0,0,0,0,0,0,0,0,0,0,0,0,0,1,0,0,0,0,0,0,0,0,0,0,0,0,0,0,0,0,0,Spruce/Fir,0,0,1,0
3024.0,0.0,12.0,402.0,0.0,3769.0,202.0,217.0,152.0,2588.0,0,0,0,0,0,0,0,0,0,0,0,0,0,0,0,0,0,0,0,0,0,0,0,0,0,0,0,0,1,0,0,0,0,0,0,0,0,0,0,0,Lodgepole Pine,0,1,0,0
2851.0,121.0,23.0,60.0,23.0,95.0,252.0,215.0,78.0,1301.0,0,0,0,0,0,0,0,0,0,0,0,0,0,0,0,0,0,0,0,0,0,0,0,0,0,0,0,0,0,1,0,0,0,0,0,0,0,0,0,0,Spruce/Fir,0,1,0,0
3340.0,287.0,9.0,95.0,9.0,3390.0,195.0,240.0,185.0,2017.0,0,0,0,0,0,0,0,0,0,0,0,0,0,0,0,0,0,0,0,0,0,0,0,0,0,0,0,0,0,0,0,1,0,0,0,0,0,0,0,0,Spruce/Fir,0,0,1,0
2793.0,336.0,20.0,285.0,118.0,2305.0,170.0,207.0,174.0,2340.0,0,0,0,0,0,0,0,0,0,0,0,0,0,0,0,0,0,0,0,0,0,0,0,0,0,0,0,0,1,0,0,0,0,0,0,0,0,0,0,0,Lodgepole Pine,0,1,0,0
2779.0,120.0,14.0,60.0,8.0,1380.0,244.0,227.0,109.0,1748.0,0,0,0,0,0,0,0,0,0,0,1,0,0,0,0,0,0,0,0,0,0,0,0,0,0,0,0,0,0,0,0,0,0,0,0,0,0,0,0,0,Lodgepole Pine,0,0,1,0
3274.0,318.0,17.0,228.0,46.0,4006.0,173.0,222.0,188.0,1296.0,0,0,0,0,0,0,0,0,0,0,0,0,0,0,0,0,0,0,0,0,0,0,0,0,0,0,0,0,0,0,0,0,0,0,0,0,0,0,1,0,Spruce/Fir,0,1,0,0
3083.0,107.0,6.0,108.0,10.0,2490.0,230.0,233.0,137.0,1956.0,0,0,0,0,0,0,0,0,0,0,0,0,0,0,0,0,0,0,0,0,0,0,0,0,0,0,0,0,0,0,0,1,0,0,0,0,0,0,0,0,Spruce/Fir,0,0,1,0
2598.0,102.0,8.0,256.0,62.0,2589.0,234.0,230.0,128.0,655.0,0,1,0,0,0,0,0,0,0,0,0,0,0,0,0,0,0,0,0,0,0,0,0,0,0,0,0,0,0,0,0,0,0,0,0,0,0,0,0,0,Ponderosa Pine,0,0,1,0
2690.0,79.0,27.0,108.0,21.0,1645.0,243.0,180.0,49.0,1291.0,0,0,0,0,0,0,0,0,0,0,0,0,0,0,0,0,0,0,0,0,0,0,0,0,0,0,0,0,0,0,0,0,1,0,0,0,0,0,0,0,Lodgepole Pine,0,0,1,0
2895.0,31.0,12.0,127.0,2.0,323.0,216.0,213.0,130.0,661.0,0,0,0,0,0,0,0,0,0,0,0,0,0,0,0,0,0,0,0,0,0,0,0,0,0,0,0,0,1,0,0,0,0,0,0,0,0,0,0,0,Lodgepole Pine,0,0,1,0
2919.0,315.0,3.0,30.0,3.0,5042.0,211.0,237.0,164.0,3532.0,0,0,0,0,0,0,0,0,0,0,0,0,0,0,0,1,0,0,0,0,0,0,0,0,0,0,0,0,0,0,0,0,0,0,0,0,0,0,0,0,Spruce/Fir,0,1,0,0
3033.0,0.0,5.0,797.0,16.0,1434.0,212.0,230.0,156.0,592.0,0,0,0,0,0,0,0,0,0,0,0,0,0,0,0,0,0,0,0,0,0,0,0,0,0,0,0,0,0,0,1,0,0,0,0,0,0,0,0,0,Spruce/Fir,0,0,1,0
3144.0,22.0,5.0,210.0,9.0,2888.0,217.0,229.0,149.0,973.0,0,0,0,0,0,0,0,0,0,0,0,0,0,0,0,0,0,0,0,0,0,0,1,0,0,0,0,0,0,0,0,0,0,0,0,0,0,0,0,0,Lodgepole Pine,0,1,0,0
3148.0,350.0,19.0,234.0,34.0,510.0,182.0,204.0,158.0,1913.0,0,0,0,0,0,0,0,0,0,0,0,0,0,0,0,0,0,0,0,0,0,0,0,0,0,0,0,0,1,0,0,0,0,0,0,0,0,0,0,0,Spruce/Fir,1,0,0,0
2685.0,7.0,14.0,42.0,1.0,1374.0,201.0,211.0,145.0,1640.0,0,0,0,0,0,0,0,0,0,0,0,0,0,0,0,0,0,0,0,1,0,0,0,0,0,0,0,0,0,0,0,0,0,0,0,0,0,0,0,0,Spruce/Fir,0,0,1,0
3279.0,81.0,9.0,234.0,46.0,2089.0,233.0,224.0,123.0,1260.0,0,0,0,0,0,0,0,0,0,0,0,0,0,0,0,0,0,0,0,0,0,0,0,0,0,0,0,0,0,0,0,0,0,0,0,0,0,0,1,0,Lodgepole Pine,0,1,0,0
3208.0,188.0,7.0,170.0,13.0,5362.0,221.0,245.0,159.0,1168.0,0,0,0,0,0,0,0,0,0,0,0,0,0,0,0,0,0,0,0,0,0,0,0,0,0,0,0,0,1,0,0,0,0,0,0,0,0,0,0,0,Spruce/Fir,0,1,0,0
2733.0,1.0,14.0,108.0,2.0,1101.0,199.0,212.0,150.0,1731.0,0,0,0,0,0,0,0,0,0,0,0,0,0,0,0,0,0,0,0,0,0,0,0,0,0,0,0,0,1,0,0,0,0,0,0,0,0,0,0,0,Spruce/Fir,0,1,0,0
3282.0,8.0,12.0,371.0,47.0,1795.0,206.0,216.0,147.0,1168.0,0,0,0,0,0,0,0,0,0,0,0,0,0,0,0,0,0,0,0,0,0,0,0,0,0,0,0,0,0,0,1,0,0,0,0,0,0,0,0,0,Spruce/Fir,0,0,1,0
3244.0,92.0,7.0,175.0,23.0,3772.0,232.0,229.0,129.0,3379.0,0,0,0,0,0,0,0,0,0,0,0,0,0,0,0,0,0,0,0,0,0,0,0,0,0,0,0,0,1,0,0,0,0,0,0,0,0,0,0,0,Spruce/Fir,0,1,0,0
2971.0,14.0,19.0,234.0,40.0,2780.0,198.0,196.0,131.0,1353.0,0,0,0,0,0,0,0,0,0,0,0,0,0,0,0,0,0,0,0,0,0,0,0,0,0,0,0,0,1,0,0,0,0,0,0,0,0,0,0,0,Lodgepole Pine,0,0,1,0
3255.0,81.0,19.0,85.0,7.0,3021.0,242.0,202.0,82.0,2468.0,0,0,0,0,0,0,0,0,0,0,0,0,0,0,0,0,0,0,0,0,0,0,0,0,0,0,0,0,0,0,0,0,0,0,0,0,0,0,1,0,Spruce/Fir,0,1,0,0
2680.0,136.0,19.0,30.0,9.0,2250.0,246.0,229.0,103.0,4692.0,0,0,0,0,0,0,0,0,0,0,0,0,0,0,0,0,0,0,0,0,0,0,0,0,0,0,0,0,1,0,0,0,0,0,0,0,0,0,0,0,Lodgepole Pine,0,1,0,0
3314.0,148.0,14.0,742.0,157.0,1110.0,238.0,238.0,126.0,1338.0,0,0,0,0,0,0,0,0,0,0,0,0,0,0,0,0,0,0,0,0,0,0,0,0,0,0,0,0,1,0,0,0,0,0,0,0,0,0,0,0,Lodgepole Pine,0,0,1,0
2940.0,168.0,18.0,618.0,108.0,658.0,231.0,244.0,137.0,1518.0,0,0,0,1,0,0,0,0,0,0,0,0,0,0,0,0,0,0,0,0,0,0,0,0,0,0,0,0,0,0,0,0,0,0,0,0,0,0,0,0,Aspen,0,0,1,0
3286.0,6.0,7.0,295.0,60.0,1290.0,211.0,226.0,152.0,552.0,0,0,0,0,0,0,0,0,0,0,0,0,0,0,0,0,0,0,0,0,0,0,0,0,0,0,0,0,1,0,0,0,0,0,0,0,0,0,0,0,Spruce/Fir,0,1,0,0
2722.0,49.0,22.0,240.0,82.0,1657.0,223.0,187.0,88.0,1279.0,0,0,0,0,0,0,0,0,0,0,0,0,0,0,0,0,0,0,0,0,0,0,0,0,0,0,0,0,1,0,0,0,0,0,0,0,0,0,0,0,Lodgepole Pine,0,0,1,0
2928.0,320.0,4.0,466.0,15.0,3488.0,210.0,236.0,164.0,3951.0,0,0,0,0,0,0,0,0,0,0,0,0,0,0,0,0,0,0,0,0,0,0,0,0,0,0,0,0,1,0,0,0,0,0,0,0,0,0,0,0,Lodgepole Pine,0,1,0,0
3299.0,255.0,8.0,499.0,104.0,875.0,202.0,246.0,182.0,671.0,0,0,0,0,0,0,0,0,0,0,0,0,0,0,0,0,0,0,0,0,0,0,0,0,0,0,0,0,0,0,0,1,0,0,0,0,0,0,0,0,Spruce/Fir,0,0,1,0
3122.0,135.0,26.0,218.0,93.0,3391.0,250.0,218.0,79.0,2253.0,0,0,0,0,0,0,0,0,0,0,0,0,0,0,0,0,0,0,0,0,0,0,0,0,0,0,0,0,0,0,0,0,1,0,0,0,0,0,0,0,Spruce/Fir,0,0,1,0
3255.0,31.0,18.0,216.0,66.0,1020.0,213.0,199.0,117.0,1639.0,0,0,0,0,0,0,0,0,0,0,0,0,0,0,0,0,0,0,0,0,0,1,0,0,0,0,0,0,0,0,0,0,0,0,0,0,0,0,0,0,Spruce/Fir,0,1,0,0
3037.0,135.0,13.0,365.0,33.0,5292.0,240.0,234.0,120.0,4207.0,0,0,0,0,0,0,0,0,0,0,0,0,0,0,0,0,0,0,0,0,0,0,0,0,0,0,0,0,0,1,0,0,0,0,0,0,0,0,0,0,Spruce/Fir,0,1,0,0
3093.0,17.0,6.0,150.0,9.0,3340.0,215.0,226.0,148.0,1015.0,0,0,0,0,0,0,0,0,0,0,0,0,0,0,0,0,0,0,0,0,0,0,0,0,0,0,0,0,1,0,0,0,0,0,0,0,0,0,0,0,Lodgepole Pine,0,1,0,0
2948.0,343.0,11.0,134.0,8.0,3778.0,199.0,224.0,164.0,2281.0,0,0,0,0,0,0,0,0,0,0,0,0,0,0,0,0,0,0,0,0,0,0,0,0,0,0,0,0,1,0,0,0,0,0,0,0,0,0,0,0,Lodgepole Pine,0,1,0,0
3197.0,223.0,11.0,255.0,63.0,408.0,206.0,250.0,180.0,2147.0,0,0,0,0,0,0,0,0,0,0,0,0,0,0,0,0,0,0,0,0,0,0,0,0,0,0,0,0,1,0,0,0,0,0,0,0,0,0,0,0,Spruce/Fir,1,0,0,0
3096.0,11.0,4.0,285.0,35.0,2336.0,216.0,232.0,153.0,2166.0,0,0,0,0,0,0,0,0,0,0,0,0,0,0,0,0,0,0,0,0,0,0,0,0,0,0,0,0,1,0,0,0,0,0,0,0,0,0,0,0,Spruce/Fir,0,0,1,0
3344.0,238.0,9.0,277.0,28.0,3690.0,204.0,248.0,182.0,1973.0,0,0,0,0,0,0,0,0,0,0,0,0,0,0,0,0,0,0,0,0,0,0,0,0,0,0,0,0,0,0,0,1,0,0,0,0,0,0,0,0,Spruce/Fir,0,0,1,0
2942.0,133.0,22.0,313.0,96.0,2256.0,249.0,223.0,91.0,1410.0,0,0,0,0,0,0,0,0,0,0,0,0,1,0,0,0,0,0,0,0,0,0,0,0,0,0,0,0,0,0,0,0,0,0,0,0,0,0,0,0,Lodgepole Pine,0,0,1,0
3034.0,349.0,12.0,404.0,62.0,5448.0,197.0,219.0,160.0,3849.0,0,0,0,0,0,0,0,0,0,0,0,0,0,0,0,0,0,0,0,0,0,0,0,0,0,0,0,0,1,0,0,0,0,0,0,0,0,0,0,0,Spruce/Fir,0,1,0,0
3214.0,107.0,11.0,324.0,52.0,4109.0,239.0,226.0,116.0,1276.0,0,0,0,0,0,0,0,0,0,0,0,0,0,0,0,0,0,0,0,0,0,0,0,0,0,0,0,0,1,0,0,0,0,0,0,0,0,0,0,0,Lodgepole Pine,0,1,0,0
2837.0,136.0,14.0,60.0,6.0,2805.0,241.0,234.0,118.0,2890.0,0,0,0,0,0,0,0,0,0,0,0,0,0,0,0,0,0,0,0,0,0,0,0,0,0,0,0,0,1,0,0,0,0,0,0,0,0,0,0,0,Lodgepole Pine,0,1,0,0
2925.0,297.0,7.0,484.0,29.0,3207.0,199.0,238.0,178.0,3713.0,0,0,0,0,0,0,0,0,0,0,0,0,0,0,0,0,0,0,0,0,0,0,0,0,0,0,0,0,1,0,0,0,0,0,0,0,0,0,0,0,Lodgepole Pine,0,1,0,0
3056.0,331.0,6.0,0.0,0.0,768.0,206.0,233.0,165.0,1666.0,0,0,0,0,0,0,0,0,0,0,0,0,0,0,0,0,0,0,0,0,0,0,1,0,0,0,0,0,0,0,0,0,0,0,0,0,0,0,0,0,Spruce/Fir,0,0,1,0
2854.0,8.0,14.0,277.0,59.0,3266.0,202.0,211.0,144.0,1064.0,0,0,0,0,0,0,0,0,0,0,0,0,0,0,0,0,0,0,0,0,0,0,0,0,0,0,0,0,0,0,0,1,0,0,0,0,0,0,0,0,Lodgepole Pine,0,0,1,0
3088.0,156.0,3.0,323.0,71.0,1523.0,223.0,239.0,152.0,1060.0,0,0,0,0,0,0,0,0,0,0,0,0,0,0,0,0,0,0,0,0,0,0,0,0,0,0,0,0,0,0,0,1,0,0,0,0,0,0,0,0,Lodgepole Pine,0,0,1,0
3074.0,29.0,10.0,162.0,0.0,2190.0,217.0,219.0,137.0,1460.0,0,0,0,0,0,0,0,0,0,0,0,0,0,0,0,0,0,0,0,0,0,0,0,0,0,0,0,0,1,0,0,0,0,0,0,0,0,0,0,0,Spruce/Fir,0,1,0,0
3201.0,164.0,12.0,95.0,10.0,3543.0,231.0,243.0,142.0,3401.0,0,0,0,0,0,0,0,0,0,0,0,0,0,0,0,0,0,0,0,0,0,0,1,0,0,0,0,0,0,0,0,0,0,0,0,0,0,0,0,0,Spruce/Fir,0,1,0,0
3184.0,73.0,16.0,240.0,44.0,4147.0,237.0,209.0,99.0,3530.0,0,0,0,0,0,0,0,0,0,0,0,0,0,0,0,0,0,0,0,0,0,0,0,0,0,0,0,0,1,0,0,0,0,0,0,0,0,0,0,0,Spruce/Fir,0,1,0,0
3322.0,98.0,21.0,420.0,165.0,1231.0,249.0,207.0,77.0,1008.0,0,0,0,0,0,0,0,0,0,0,0,0,0,0,0,0,0,0,0,0,0,0,0,0,0,0,0,0,1,0,0,0,0,0,0,0,0,0,0,0,Krummholz,0,0,1,0
3174.0,356.0,17.0,426.0,95.0,1116.0,190.0,206.0,152.0,1594.0,0,0,0,0,0,0,0,0,0,0,0,0,0,0,0,0,0,0,0,0,0,0,0,1,0,0,0,0,0,0,0,0,0,0,0,0,0,0,0,0,Spruce/Fir,0,0,1,0
3093.0,11.0,14.0,0.0,0.0,2895.0,205.0,212.0,142.0,2165.0,0,0,0,0,0,0,0,0,0,0,0,0,0,0,0,0,0,0,0,0,0,0,0,0,0,0,0,0,1,0,0,0,0,0,0,0,0,0,0,0,Spruce/Fir,0,0,1,0
2342.0,17.0,23.0,150.0,85.0,1423.0,194.0,185.0,119.0,1087.0,0,0,0,0,0,0,0,0,0,1,0,0,0,0,0,0,0,0,0,0,0,0,0,0,0,0,0,0,0,0,0,0,0,0,0,0,0,0,0,0,Ponderosa Pine,0,0,0,1
3332.0,129.0,16.0,616.0,126.0,484.0,244.0,229.0,108.0,212.0,0,0,0,0,0,0,0,0,0,0,0,0,0,0,0,0,0,0,0,0,0,0,0,0,0,0,0,0,1,0,0,0,0,0,0,0,0,0,0,0,Lodgepole Pine,1,0,0,0
3051.0,61.0,21.0,285.0,46.0,4625.0,232.0,193.0,84.0,470.0,0,0,0,0,0,0,0,0,0,0,0,0,0,0,0,0,0,0,0,0,0,0,0,0,0,0,0,0,1,0,0,0,0,0,0,0,0,0,0,0,Lodgepole Pine,0,1,0,0
3181.0,354.0,9.0,108.0,14.0,1332.0,205.0,224.0,157.0,153.0,0,0,0,0,0,0,0,0,0,0,0,0,0,0,0,0,0,0,0,0,0,0,1,0,0,0,0,0,0,0,0,0,0,0,0,0,0,0,0,0,Spruce/Fir,0,0,1,0
3270.0,93.0,5.0,300.0,12.0,6180.0,227.0,233.0,140.0,437.0,0,0,0,0,0,0,0,0,0,0,0,0,0,0,0,0,0,0,0,0,0,0,0,0,0,0,0,0,1,0,0,0,0,0,0,0,0,0,0,0,Spruce/Fir,0,1,0,0
2936.0,45.0,11.0,295.0,112.0,3555.0,223.0,217.0,127.0,2336.0,0,0,0,0,0,0,0,0,0,0,0,0,0,0,0,0,0,0,0,0,0,0,0,0,0,0,0,0,1,0,0,0,0,0,0,0,0,0,0,0,Lodgepole Pine,0,1,0,0
3059.0,75.0,8.0,30.0,2.0,1295.0,230.0,225.0,127.0,1654.0,0,0,0,0,0,0,0,0,0,0,0,0,0,0,0,0,0,0,0,0,0,0,0,0,0,0,0,0,0,0,0,1,0,0,0,0,0,0,0,0,Spruce/Fir,0,0,1,0
3135.0,236.0,14.0,0.0,0.0,1964.0,195.0,251.0,192.0,516.0,0,0,0,0,0,0,0,0,0,0,0,0,0,0,0,0,0,0,0,0,0,0,0,0,0,0,0,0,0,0,1,0,0,0,0,0,0,0,0,0,Spruce/Fir,0,0,1,0
3068.0,341.0,12.0,511.0,80.0,2285.0,194.0,222.0,166.0,2521.0,0,0,0,0,0,0,0,0,0,0,0,0,0,0,0,0,0,0,0,0,0,0,0,0,0,0,0,0,0,0,0,1,0,0,0,0,0,0,0,0,Spruce/Fir,0,0,1,0
3107.0,0.0,7.0,0.0,0.0,1890.0,210.0,227.0,155.0,1831.0,0,0,0,0,0,0,0,0,0,0,0,0,0,0,0,0,0,0,0,0,0,0,1,0,0,0,0,0,0,0,0,0,0,0,0,0,0,0,0,0,Lodgepole Pine,0,0,1,0
2963.0,53.0,9.0,430.0,1.0,2148.0,226.0,220.0,128.0,2938.0,0,0,0,0,0,0,0,0,0,0,0,0,0,0,0,0,0,0,0,0,0,0,0,0,0,0,0,0,0,0,0,1,0,0,0,0,0,0,0,0,Spruce/Fir,0,0,1,0
3256.0,295.0,8.0,335.0,77.0,4518.0,198.0,238.0,180.0,1423.0,0,0,0,0,0,0,0,0,0,0,0,0,0,0,0,0,0,0,0,0,0,0,0,0,0,0,0,0,0,0,0,0,0,0,0,0,0,1,0,0,Krummholz,0,1,0,0
3365.0,321.0,24.0,162.0,48.0,1356.0,152.0,209.0,193.0,1652.0,0,0,0,0,0,0,0,0,0,0,0,0,0,0,0,0,0,0,0,0,0,0,0,0,0,0,0,0,0,0,0,0,0,0,0,0,0,0,1,0,Spruce/Fir,1,0,0,0
3315.0,102.0,23.0,499.0,149.0,1630.0,251.0,203.0,67.0,1622.0,0,0,0,0,0,0,0,0,0,0,0,0,0,0,0,0,0,0,0,0,0,0,0,0,0,0,0,0,0,0,0,0,0,0,0,0,0,0,1,0,Krummholz,0,1,0,0
2513.0,14.0,10.0,0.0,0.0,450.0,210.0,218.0,144.0,3180.0,0,0,0,0,0,0,0,0,0,0,0,0,0,0,0,0,0,0,0,0,0,0,0,0,0,0,0,0,1,0,0,0,0,0,0,0,0,0,0,0,Lodgepole Pine,0,1,0,0
2371.0,84.0,25.0,0.0,0.0,808.0,246.0,189.0,58.0,470.0,0,0,0,0,0,0,0,0,0,1,0,0,0,0,0,0,0,0,0,0,0,0,0,0,0,0,0,0,0,0,0,0,0,0,0,0,0,0,0,0,Ponderosa Pine,0,0,0,1
2409.0,299.0,16.0,60.0,17.0,1050.0,174.0,232.0,198.0,1032.0,0,0,0,0,0,0,0,0,0,1,0,0,0,0,0,0,0,0,0,0,0,0,0,0,0,0,0,0,0,0,0,0,0,0,0,0,0,0,0,0,Ponderosa Pine,0,0,0,1
2649.0,157.0,21.0,30.0,10.0,1892.0,238.0,238.0,119.0,1539.0,0,0,0,0,0,0,0,0,0,0,0,0,0,0,0,0,0,0,0,0,0,0,0,0,0,0,0,0,1,0,0,0,0,0,0,0,0,0,0,0,Lodgepole Pine,0,1,0,0
3130.0,357.0,5.0,390.0,34.0,1867.0,213.0,231.0,157.0,2581.0,0,0,0,0,0,0,0,0,0,0,0,0,0,0,0,0,0,0,0,0,0,0,0,0,0,0,0,0,0,0,0,1,0,0,0,0,0,0,0,0,Spruce/Fir,0,0,1,0
2987.0,276.0,7.0,391.0,66.0,1756.0,201.0,242.0,179.0,641.0,0,0,0,0,0,0,0,0,0,0,0,0,0,0,0,0,0,0,0,0,0,0,0,0,0,0,0,0,1,0,0,0,0,0,0,0,0,0,0,0,Lodgepole Pine,0,0,1,0
2822.0,206.0,18.0,120.0,28.0,2348.0,205.0,254.0,177.0,1643.0,0,0,0,0,0,0,0,0,0,0,0,0,0,0,0,0,0,0,0,0,0,0,0,0,0,0,0,0,0,1,0,0,0,0,0,0,0,0,0,0,Lodgepole Pine,0,1,0,0
3262.0,0.0,25.0,636.0,99.0,1374.0,175.0,185.0,140.0,1476.0,0,0,0,0,0,0,0,0,0,0,0,0,0,0,0,0,0,0,0,0,0,0,0,0,0,0,0,0,0,0,0,0,0,0,0,0,0,0,1,0,Krummholz,0,0,1,0
2995.0,31.0,13.0,376.0,71.0,4448.0,216.0,210.0,128.0,2036.0,0,0,0,0,0,0,0,0,0,0,0,0,0,0,0,0,0,0,0,0,0,0,0,0,0,0,0,0,1,0,0,0,0,0,0,0,0,0,0,0,Lodgepole Pine,0,1,0,0
3137.0,152.0,4.0,30.0,0.0,2072.0,224.0,239.0,151.0,2610.0,0,0,0,0,0,0,0,0,0,0,0,0,0,0,0,0,0,0,0,0,0,0,0,0,0,0,0,0,1,0,0,0,0,0,0,0,0,0,0,0,Krummholz,0,1,0,0
3540.0,2.0,6.0,513.0,148.0,1470.0,211.0,228.0,154.0,1983.0,0,0,0,0,0,0,0,0,0,0,0,0,0,0,0,0,0,0,0,0,0,0,0,0,0,0,0,0,1,0,0,0,0,0,0,0,0,0,0,0,Krummholz,1,0,0,0
3001.0,194.0,9.0,242.0,19.0,5949.0,219.0,248.0,163.0,3662.0,0,0,0,0,0,0,0,0,0,0,0,0,0,0,0,0,0,0,0,0,0,0,0,0,0,0,0,0,1,0,0,0,0,0,0,0,0,0,0,0,Lodgepole Pine,0,1,0,0
2922.0,14.0,18.0,658.0,59.0,1199.0,201.0,200.0,133.0,819.0,0,0,0,0,0,0,0,0,0,0,0,0,0,0,0,0,0,0,0,0,0,0,0,0,0,0,0,0,0,0,0,0,1,0,0,0,0,0,0,0,Lodgepole Pine,0,0,1,0
2707.0,85.0,13.0,42.0,12.0,1530.0,239.0,217.0,106.0,713.0,0,0,0,0,0,0,0,0,0,0,0,0,0,0,0,0,0,0,0,0,0,0,1,0,0,0,0,0,0,0,0,0,0,0,0,0,0,0,0,0,Lodgepole Pine,0,1,0,0
3243.0,302.0,21.0,182.0,54.0,3856.0,158.0,225.0,206.0,1515.0,0,0,0,0,0,0,0,0,0,0,0,0,0,0,0,0,0,0,0,0,0,0,0,0,0,0,0,0,1,0,0,0,0,0,0,0,0,0,0,0,Spruce/Fir,0,1,0,0
2422.0,45.0,11.0,85.0,13.0,631.0,223.0,215.0,125.0,1320.0,0,0,0,0,0,0,0,0,0,1,0,0,0,0,0,0,0,0,0,0,0,0,0,0,0,0,0,0,0,0,0,0,0,0,0,0,0,0,0,0,Lodgepole Pine,0,0,1,0
3319.0,344.0,16.0,552.0,36.0,3556.0,187.0,214.0,165.0,3510.0,0,0,0,0,0,0,0,0,0,0,0,0,0,0,0,0,0,0,0,0,0,0,0,0,0,0,0,0,0,0,0,0,0,0,0,0,0,0,0,1,Krummholz,0,0,1,0
2936.0,198.0,2.0,618.0,18.0,5520.0,218.0,241.0,159.0,2128.0,0,0,0,0,0,0,0,0,0,0,0,0,0,0,0,0,0,0,0,0,0,0,0,0,0,0,0,0,1,0,0,0,0,0,0,0,0,0,0,0,Lodgepole Pine,0,1,0,0
3027.0,195.0,13.0,342.0,26.0,5627.0,217.0,250.0,165.0,1806.0,0,0,0,0,0,0,0,0,0,0,0,0,0,0,0,0,0,0,0,0,0,0,0,0,0,0,0,0,1,0,0,0,0,0,0,0,0,0,0,0,Lodgepole Pine,0,1,0,0
3057.0,30.0,20.0,812.0,32.0,1798.0,209.0,191.0,110.0,2161.0,0,0,0,0,0,0,0,0,0,0,0,0,0,0,0,0,0,0,0,0,0,0,0,0,0,0,0,0,0,0,0,0,1,0,0,0,0,0,0,0,Spruce/Fir,0,0,1,0
3128.0,32.0,19.0,170.0,60.0,1411.0,212.0,196.0,113.0,301.0,0,0,0,0,0,0,0,0,0,0,0,0,0,0,0,0,0,0,0,0,0,1,0,0,0,0,0,0,0,0,0,0,0,0,0,0,0,0,0,0,Spruce/Fir,0,1,0,0
2556.0,64.0,7.0,402.0,20.0,1104.0,227.0,226.0,133.0,4039.0,0,0,0,0,0,0,0,0,0,0,0,0,0,0,0,0,0,1,0,0,0,0,0,0,0,0,0,0,0,0,0,0,0,0,0,0,0,0,0,0,Lodgepole Pine,0,1,0,0
2848.0,173.0,13.0,247.0,47.0,2796.0,228.0,246.0,148.0,2516.0,0,0,0,0,0,0,0,0,0,0,0,0,0,0,0,0,0,0,0,0,0,0,0,0,0,0,0,0,1,0,0,0,0,0,0,0,0,0,0,0,Lodgepole Pine,0,1,0,0
2713.0,162.0,2.0,124.0,30.0,1398.0,221.0,239.0,154.0,3161.0,0,0,0,0,0,0,0,0,0,0,0,0,0,0,0,0,0,0,0,0,0,0,0,0,0,0,0,0,1,0,0,0,0,0,0,0,0,0,0,0,Lodgepole Pine,0,1,0,0
2917.0,225.0,15.0,365.0,136.0,1200.0,198.0,253.0,189.0,1736.0,0,0,0,0,0,0,0,0,0,0,1,0,0,0,0,0,0,0,0,0,0,0,0,0,0,0,0,0,0,0,0,0,0,0,0,0,0,0,0,0,Lodgepole Pine,0,0,1,0
3065.0,52.0,10.0,175.0,22.0,4843.0,226.0,218.0,125.0,547.0,0,0,0,0,0,0,0,0,0,0,0,0,0,0,0,0,0,0,0,0,0,0,0,0,0,0,0,0,1,0,0,0,0,0,0,0,0,0,0,0,Spruce/Fir,0,1,0,0
2397.0,338.0,17.0,258.0,131.0,1395.0,180.0,213.0,171.0,765.0,0,0,0,0,0,0,0,0,0,1,0,0,0,0,0,0,0,0,0,0,0,0,0,0,0,0,0,0,0,0,0,0,0,0,0,0,0,0,0,0,Ponderosa Pine,0,0,0,1
3135.0,167.0,32.0,270.0,60.0,3409.0,227.0,232.0,110.0,1022.0,0,0,0,0,0,0,0,0,0,0,0,0,0,0,0,0,0,0,0,0,0,0,0,0,0,0,0,0,0,0,0,0,1,0,0,0,0,0,0,0,Lodgepole Pine,0,0,1,0
2423.0,54.0,24.0,212.0,77.0,492.0,226.0,183.0,78.0,700.0,0,0,0,0,0,0,0,0,0,1,0,0,0,0,0,0,0,0,0,0,0,0,0,0,0,0,0,0,0,0,0,0,0,0,0,0,0,0,0,0,Lodgepole Pine,0,0,1,0
3146.0,78.0,7.0,85.0,4.0,3197.0,229.0,228.0,132.0,4308.0,0,0,0,0,0,0,0,0,0,0,0,0,0,0,0,0,0,0,0,0,0,0,1,0,0,0,0,0,0,0,0,0,0,0,0,0,0,0,0,0,Spruce/Fir,0,1,0,0
2879.0,154.0,10.0,0.0,0.0,5351.0,232.0,241.0,139.0,977.0,0,0,0,0,0,0,0,0,0,0,0,0,0,0,0,0,0,0,0,1,0,0,0,0,0,0,0,0,0,0,0,0,0,0,0,0,0,0,0,0,Lodgepole Pine,0,1,0,0
2993.0,350.0,13.0,42.0,6.0,1032.0,197.0,218.0,159.0,2026.0,0,0,0,0,0,0,0,0,0,0,0,0,0,0,0,0,0,0,0,0,0,0,0,0,0,0,0,0,1,0,0,0,0,0,0,0,0,0,0,0,Lodgepole Pine,0,0,1,0
2781.0,317.0,21.0,170.0,86.0,1194.0,161.0,217.0,194.0,503.0,0,0,0,0,0,0,0,0,0,0,0,0,0,0,0,0,0,0,0,0,0,0,0,0,0,0,0,0,0,0,0,0,1,0,0,0,0,0,0,0,Lodgepole Pine,0,0,1,0
3036.0,144.0,17.0,324.0,116.0,1328.0,242.0,235.0,116.0,3267.0,0,0,0,0,0,0,0,0,0,0,0,0,0,0,0,0,0,0,0,0,0,0,0,0,0,0,0,0,1,0,0,0,0,0,0,0,0,0,0,0,Spruce/Fir,0,1,0,0
2624.0,49.0,16.0,30.0,5.0,516.0,225.0,205.0,110.0,1298.0,0,0,0,0,0,0,0,0,0,0,0,0,0,0,0,0,0,0,0,0,0,0,1,0,0,0,0,0,0,0,0,0,0,0,0,0,0,0,0,0,Lodgepole Pine,0,0,1,0
2740.0,72.0,25.0,162.0,91.0,1319.0,239.0,184.0,61.0,902.0,0,0,0,0,0,0,0,0,0,0,0,0,1,0,0,0,0,0,0,0,0,0,0,0,0,0,0,0,0,0,0,0,0,0,0,0,0,0,0,0,Lodgepole Pine,0,0,1,0
2664.0,89.0,18.0,277.0,106.0,1350.0,244.0,208.0,87.0,604.0,0,0,0,0,0,0,0,0,0,0,0,0,0,0,0,0,0,0,0,0,0,0,0,0,0,0,0,0,0,1,0,0,0,0,0,0,0,0,0,0,Lodgepole Pine,0,1,0,0
2983.0,28.0,9.0,277.0,48.0,3818.0,217.0,220.0,139.0,1430.0,0,0,0,0,0,0,0,0,0,0,0,0,0,0,0,0,0,0,0,0,0,0,0,0,0,0,0,0,1,0,0,0,0,0,0,0,0,0,0,0,Lodgepole Pine,0,1,0,0
2769.0,23.0,12.0,108.0,9.0,1500.0,213.0,215.0,137.0,1412.0,0,0,0,0,0,0,0,0,0,0,0,1,0,0,0,0,0,0,0,0,0,0,0,0,0,0,0,0,0,0,0,0,0,0,0,0,0,0,0,0,Lodgepole Pine,0,1,0,0
2748.0,97.0,12.0,85.0,17.0,1149.0,239.0,223.0,112.0,834.0,0,0,0,0,0,0,0,0,0,0,0,0,0,0,0,0,0,0,0,0,0,0,0,0,0,0,0,0,1,0,0,0,0,0,0,0,0,0,0,0,Lodgepole Pine,0,0,1,0
2974.0,82.0,13.0,175.0,36.0,2130.0,238.0,216.0,107.0,1962.0,0,0,0,0,0,0,0,0,0,0,0,0,0,0,0,0,0,0,0,0,0,0,0,0,0,0,0,0,0,0,1,0,0,0,0,0,0,0,0,0,Lodgepole Pine,0,0,1,0
3076.0,9.0,8.0,812.0,35.0,1061.0,211.0,224.0,150.0,886.0,0,0,0,0,0,0,0,0,0,0,0,0,0,0,0,0,0,0,0,0,0,0,0,0,0,0,0,0,0,0,0,1,0,0,0,0,0,0,0,0,Lodgepole Pine,0,0,1,0
2824.0,177.0,24.0,424.0,36.0,1622.0,223.0,245.0,140.0,1560.0,0,0,0,1,0,0,0,0,0,0,0,0,0,0,0,0,0,0,0,0,0,0,0,0,0,0,0,0,0,0,0,0,0,0,0,0,0,0,0,0,Lodgepole Pine,0,0,1,0
2598.0,131.0,27.0,42.0,16.0,1266.0,251.0,213.0,70.0,830.0,0,0,0,0,0,0,0,0,0,0,0,0,1,0,0,0,0,0,0,0,0,0,0,0,0,0,0,0,0,0,0,0,0,0,0,0,0,0,0,0,Lodgepole Pine,0,0,1,0
3111.0,8.0,14.0,134.0,29.0,3841.0,203.0,212.0,145.0,2001.0,0,0,0,0,0,0,0,0,0,0,0,0,0,0,0,0,0,0,0,0,0,0,0,0,0,0,0,0,1,0,0,0,0,0,0,0,0,0,0,0,Spruce/Fir,0,0,1,0
3161.0,169.0,14.0,277.0,18.0,2271.0,230.0,245.0,143.0,789.0,0,0,0,0,0,0,0,0,0,0,0,0,0,0,0,0,0,0,0,0,0,0,1,0,0,0,0,0,0,0,0,0,0,0,0,0,0,0,0,0,Spruce/Fir,0,1,0,0
3267.0,115.0,26.0,636.0,151.0,2750.0,254.0,204.0,60.0,2717.0,0,0,0,0,0,0,0,0,0,0,0,0,0,0,0,0,0,0,0,0,0,0,0,0,0,0,0,0,1,0,0,0,0,0,0,0,0,0,0,0,Spruce/Fir,0,0,1,0
2854.0,45.0,1.0,0.0,0.0,6110.0,219.0,235.0,153.0,4427.0,0,0,0,0,0,0,0,0,0,0,0,0,0,0,0,0,0,0,0,0,0,0,0,0,0,0,0,0,1,0,0,0,0,0,0,0,0,0,0,0,Lodgepole Pine,0,1,0,0
2289.0,232.0,11.0,309.0,26.0,850.0,203.0,250.0,184.0,731.0,0,0,0,0,0,0,0,0,0,0,0,0,0,0,0,0,0,0,0,0,0,0,0,0,0,0,0,0,1,0,0,0,0,0,0,0,0,0,0,0,Ponderosa Pine,0,0,0,1
3569.0,321.0,6.0,277.0,76.0,1728.0,204.0,234.0,169.0,1401.0,0,0,0,0,0,0,0,0,0,0,0,0,0,0,0,0,0,0,0,0,0,0,0,0,0,0,0,0,0,0,0,0,0,0,0,0,0,0,0,1,Krummholz,1,0,0,0
2879.0,277.0,10.0,127.0,21.0,3477.0,192.0,242.0,189.0,2780.0,0,0,0,0,0,0,0,0,0,0,0,0,0,0,0,0,0,0,0,0,0,0,0,0,0,0,0,0,1,0,0,0,0,0,0,0,0,0,0,0,Spruce/Fir,0,1,0,0
2870.0,184.0,10.0,330.0,105.0,2112.0,223.0,247.0,157.0,752.0,0,0,0,0,0,0,0,0,0,0,0,0,0,0,0,0,0,0,0,0,0,0,0,0,0,0,0,0,0,0,1,0,0,0,0,0,0,0,0,0,Aspen,0,0,1,0
3140.0,77.0,4.0,0.0,0.0,2078.0,226.0,231.0,141.0,604.0,0,0,0,0,0,0,0,0,0,0,0,0,0,0,0,0,0,0,0,0,0,0,1,0,0,0,0,0,0,0,0,0,0,0,0,0,0,0,0,0,Spruce/Fir,0,1,0,0
2628.0,36.0,6.0,459.0,128.0,2014.0,220.0,226.0,143.0,607.0,0,1,0,0,0,0,0,0,0,0,0,0,0,0,0,0,0,0,0,0,0,0,0,0,0,0,0,0,0,0,0,0,0,0,0,0,0,0,0,0,Ponderosa Pine,0,0,1,0
2701.0,159.0,23.0,120.0,32.0,2054.0,237.0,237.0,118.0,2419.0,0,0,0,1,0,0,0,0,0,0,0,0,0,0,0,0,0,0,0,0,0,0,0,0,0,0,0,0,0,0,0,0,0,0,0,0,0,0,0,0,Ponderosa Pine,0,0,1,0
2815.0,225.0,13.0,134.0,17.0,2092.0,202.0,252.0,185.0,2174.0,0,0,0,0,0,0,0,0,0,0,0,0,0,0,0,0,0,0,0,0,0,0,0,0,0,1,0,0,0,0,0,0,0,0,0,0,0,0,0,0,Lodgepole Pine,0,0,1,0
2912.0,343.0,16.0,108.0,15.0,4250.0,187.0,215.0,166.0,459.0,0,0,0,0,0,0,0,0,0,0,0,0,0,0,0,0,0,0,0,0,0,0,0,0,0,0,0,0,1,0,0,0,0,0,0,0,0,0,0,0,Spruce/Fir,0,1,0,0
3052.0,36.0,4.0,60.0,4.0,2932.0,219.0,230.0,148.0,1530.0,0,0,0,0,0,0,0,0,0,0,0,0,0,0,0,0,0,0,0,0,0,0,0,0,0,0,0,0,0,0,0,1,0,0,0,0,0,0,0,0,Spruce/Fir,0,0,1,0
3155.0,16.0,17.0,201.0,42.0,4255.0,202.0,202.0,132.0,1651.0,0,0,0,0,0,0,0,0,0,0,0,0,0,0,0,0,0,0,0,0,0,0,0,0,0,0,0,0,1,0,0,0,0,0,0,0,0,0,0,0,Spruce/Fir,0,1,0,0
2876.0,10.0,13.0,150.0,46.0,1557.0,205.0,213.0,143.0,1082.0,0,0,0,0,0,0,0,0,0,0,0,0,0,0,0,0,0,0,0,0,0,0,0,0,0,0,0,0,1,0,0,0,0,0,0,0,0,0,0,0,Lodgepole Pine,0,0,1,0
3200.0,247.0,5.0,510.0,68.0,1172.0,209.0,244.0,173.0,2023.0,0,0,0,0,0,0,0,0,0,0,0,0,0,0,0,0,0,0,0,0,0,0,0,0,0,0,0,0,1,0,0,0,0,0,0,0,0,0,0,0,Lodgepole Pine,0,0,1,0
3039.0,123.0,8.0,240.0,3.0,976.0,234.0,234.0,132.0,1682.0,0,0,0,0,0,0,0,0,0,0,0,0,0,0,0,0,0,0,0,0,0,1,0,0,0,0,0,0,0,0,0,0,0,0,0,0,0,0,0,0,Spruce/Fir,0,0,1,0
3641.0,219.0,6.0,210.0,92.0,2121.0,213.0,246.0,170.0,2546.0,0,0,0,0,0,0,0,0,0,0,0,0,0,0,0,0,0,0,0,0,0,0,0,0,0,0,0,0,1,0,0,0,0,0,0,0,0,0,0,0,Krummholz,1,0,0,0
3148.0,108.0,8.0,503.0,70.0,330.0,233.0,232.0,130.0,1863.0,0,0,0,0,0,0,0,0,0,0,0,0,0,0,0,0,0,0,0,0,0,0,0,0,0,0,0,0,1,0,0,0,0,0,0,0,0,0,0,0,Lodgepole Pine,0,0,1,0
2974.0,17.0,13.0,60.0,4.0,1766.0,209.0,213.0,139.0,3682.0,0,0,0,0,0,0,0,0,0,0,0,0,0,0,0,0,0,0,0,0,0,0,1,0,0,0,0,0,0,0,0,0,0,0,0,0,0,0,0,0,Spruce/Fir,0,1,0,0
2965.0,17.0,17.0,331.0,62.0,4434.0,204.0,202.0,131.0,4980.0,0,0,0,0,0,0,0,0,0,0,0,0,0,0,0,0,0,0,0,0,0,0,0,0,0,0,0,0,1,0,0,0,0,0,0,0,0,0,0,0,Spruce/Fir,0,1,0,0
3139.0,261.0,13.0,85.0,16.0,2486.0,188.0,247.0,197.0,446.0,0,0,0,0,0,0,0,0,0,0,0,0,0,0,0,0,0,0,0,0,0,0,0,0,0,0,0,0,0,0,1,0,0,0,0,0,0,0,0,0,Lodgepole Pine,0,0,1,0
3253.0,225.0,3.0,335.0,63.0,1632.0,215.0,242.0,165.0,1294.0,0,0,0,0,0,0,0,0,0,0,0,0,0,0,0,0,0,0,0,0,0,0,0,0,0,0,0,0,1,0,0,0,0,0,0,0,0,0,0,0,Spruce/Fir,1,0,0,0
3223.0,107.0,12.0,510.0,108.0,5006.0,240.0,225.0,113.0,2543.0,0,0,0,0,0,0,0,0,0,0,0,0,0,0,0,0,0,0,0,0,0,0,0,0,0,0,0,0,1,0,0,0,0,0,0,0,0,0,0,0,Lodgepole Pine,0,1,0,0
2880.0,274.0,13.0,120.0,20.0,778.0,186.0,243.0,197.0,631.0,0,0,0,0,0,0,0,0,0,0,0,0,0,0,0,0,0,0,0,0,0,0,0,0,0,0,0,0,1,0,0,0,0,0,0,0,0,0,0,0,Lodgepole Pine,0,0,1,0
3134.0,324.0,15.0,361.0,93.0,2132.0,181.0,223.0,181.0,1924.0,0,0,0,0,0,0,0,0,0,0,0,0,0,0,0,0,0,0,0,0,0,0,0,0,0,0,0,0,1,0,0,0,0,0,0,0,0,0,0,0,Lodgepole Pine,0,0,1,0
3044.0,163.0,14.0,162.0,46.0,3644.0,232.0,243.0,139.0,2613.0,0,0,0,0,0,0,0,0,0,0,0,0,0,0,0,0,0,0,0,0,0,0,0,0,0,0,0,0,0,1,0,0,0,0,0,0,0,0,0,0,Spruce/Fir,0,1,0,0
2691.0,137.0,16.0,162.0,22.0,1860.0,243.0,232.0,113.0,1221.0,0,0,0,0,0,0,0,0,0,0,0,0,0,0,0,0,0,0,0,0,0,0,0,0,0,0,0,0,1,0,0,0,0,0,0,0,0,0,0,0,Lodgepole Pine,0,1,0,0
3179.0,278.0,20.0,30.0,14.0,4357.0,161.0,239.0,215.0,3316.0,0,0,0,0,0,0,0,0,0,0,0,0,0,0,0,0,0,0,0,0,0,1,0,0,0,0,0,0,0,0,0,0,0,0,0,0,0,0,0,0,Spruce/Fir,0,1,0,0
2842.0,350.0,17.0,67.0,13.0,924.0,187.0,209.0,159.0,1961.0,0,0,0,0,0,0,0,0,0,0,0,0,0,0,0,0,0,0,0,0,0,0,0,0,0,0,0,0,1,0,0,0,0,0,0,0,0,0,0,0,Lodgepole Pine,0,0,1,0
2998.0,144.0,15.0,509.0,30.0,6309.0,240.0,236.0,120.0,3010.0,0,0,0,0,0,0,0,0,0,0,0,0,0,0,0,0,0,0,0,0,0,0,0,0,0,0,0,0,1,0,0,0,0,0,0,0,0,0,0,0,Lodgepole Pine,0,1,0,0
3080.0,22.0,8.0,67.0,5.0,4922.0,215.0,224.0,145.0,2239.0,0,0,0,0,0,0,0,0,0,0,0,0,0,0,0,0,0,0,0,0,0,0,0,0,0,0,0,0,1,0,0,0,0,0,0,0,0,0,0,0,Spruce/Fir,0,1,0,0
2802.0,77.0,3.0,30.0,0.0,2244.0,224.0,233.0,145.0,2253.0,0,0,0,0,0,0,0,0,0,0,0,0,0,0,0,0,0,0,0,0,0,0,0,0,0,0,0,0,1,0,0,0,0,0,0,0,0,0,0,0,Spruce/Fir,0,1,0,0
2949.0,61.0,21.0,60.0,26.0,2278.0,232.0,192.0,83.0,2700.0,0,0,0,0,0,0,0,0,0,0,0,0,0,0,0,0,0,0,0,0,0,0,0,0,0,0,0,0,0,0,0,0,1,0,0,0,0,0,0,0,Spruce/Fir,0,0,1,0
3187.0,122.0,15.0,277.0,82.0,1165.0,244.0,227.0,109.0,2249.0,0,0,0,0,0,0,0,0,0,0,0,0,0,0,0,0,0,0,0,0,0,0,0,0,0,0,0,0,1,0,0,0,0,0,0,0,0,0,0,0,Spruce/Fir,0,1,0,0
2773.0,343.0,9.0,60.0,11.0,1337.0,202.0,226.0,163.0,2230.0,0,0,0,0,0,0,0,0,0,0,0,0,0,0,0,0,0,0,0,0,0,0,0,0,0,0,0,0,0,0,0,0,1,0,0,0,0,0,0,0,Spruce/Fir,0,0,1,0
3259.0,347.0,3.0,277.0,18.0,2997.0,213.0,234.0,159.0,1332.0,0,0,0,0,0,0,0,0,0,0,0,0,0,0,0,0,0,0,0,0,0,0,0,0,0,0,0,0,0,0,0,1,0,0,0,0,0,0,0,0,Spruce/Fir,0,0,1,0
3299.0,8.0,12.0,108.0,17.0,2236.0,206.0,217.0,147.0,2151.0,0,0,0,0,0,0,0,0,0,0,0,0,0,0,0,0,0,0,0,0,0,0,0,0,0,0,0,0,0,0,0,0,0,0,0,0,0,1,0,0,Lodgepole Pine,1,0,0,0
2971.0,90.0,6.0,595.0,46.0,940.0,229.0,231.0,136.0,2054.0,0,0,0,0,0,0,0,0,0,0,0,0,0,0,0,0,0,0,0,0,0,0,0,0,0,0,0,0,1,0,0,0,0,0,0,0,0,0,0,0,Lodgepole Pine,0,1,0,0
3300.0,12.0,14.0,721.0,132.0,2535.0,205.0,211.0,141.0,2200.0,0,0,0,0,0,0,0,0,0,0,0,0,0,0,0,0,0,0,0,0,0,0,0,0,0,0,0,0,0,0,0,0,0,0,0,0,0,1,0,0,Krummholz,0,0,1,0
2957.0,259.0,9.0,162.0,37.0,323.0,199.0,245.0,185.0,1351.0,0,0,0,0,0,0,0,0,0,0,0,0,0,0,0,0,0,0,0,0,0,0,0,0,0,0,0,0,1,0,0,0,0,0,0,0,0,0,0,0,Lodgepole Pine,0,0,1,0
2505.0,305.0,15.0,285.0,73.0,335.0,177.0,231.0,193.0,1847.0,0,0,0,0,0,0,0,0,0,1,0,0,0,0,0,0,0,0,0,0,0,0,0,0,0,0,0,0,0,0,0,0,0,0,0,0,0,0,0,0,Ponderosa Pine,0,0,0,1
2795.0,344.0,16.0,95.0,17.0,1022.0,186.0,213.0,165.0,2037.0,0,0,0,0,0,0,0,0,0,1,0,0,0,0,0,0,0,0,0,0,0,0,0,0,0,0,0,0,0,0,0,0,0,0,0,0,0,0,0,0,Spruce/Fir,0,0,1,0
3205.0,307.0,9.0,426.0,71.0,277.0,194.0,235.0,180.0,2030.0,0,0,0,0,0,0,0,0,0,0,0,0,0,0,0,0,0,0,0,0,0,0,0,0,0,0,0,0,1,0,0,0,0,0,0,0,0,0,0,0,Spruce/Fir,1,0,0,0
3265.0,214.0,12.0,30.0,10.0,1471.0,208.0,251.0,177.0,1224.0,0,0,0,0,0,0,0,0,0,0,0,0,0,0,0,0,0,0,0,0,0,0,0,0,0,0,0,0,1,0,0,0,0,0,0,0,0,0,0,0,Spruce/Fir,0,0,1,0
3240.0,31.0,19.0,774.0,124.0,1866.0,211.0,195.0,113.0,2791.0,0,0,0,0,0,0,0,0,0,0,0,0,0,0,0,0,0,0,0,0,0,0,0,0,0,0,0,0,1,0,0,0,0,0,0,0,0,0,0,0,Spruce/Fir,0,0,1,0
2994.0,62.0,13.0,108.0,17.0,2568.0,230.0,213.0,113.0,1718.0,0,0,0,0,0,0,0,0,0,0,0,0,0,0,0,0,0,0,0,0,0,0,0,0,0,0,0,0,1,0,0,0,0,0,0,0,0,0,0,0,Lodgepole Pine,0,0,1,0
2890.0,311.0,16.0,42.0,13.0,5190.0,175.0,227.0,191.0,4351.0,0,0,0,0,0,0,0,0,0,0,0,0,0,0,0,0,0,0,0,0,0,0,0,1,0,0,0,0,0,0,0,0,0,0,0,0,0,0,0,0,Spruce/Fir,0,1,0,0
3155.0,145.0,17.0,180.0,14.0,2433.0,241.0,235.0,118.0,1592.0,0,0,0,0,0,0,0,0,0,0,0,0,0,0,0,0,0,0,0,0,0,0,0,0,0,0,0,0,1,0,0,0,0,0,0,0,0,0,0,0,Lodgepole Pine,0,0,1,0
3085.0,103.0,13.0,600.0,26.0,543.0,241.0,224.0,110.0,1087.0,0,0,0,0,0,0,0,0,0,0,0,0,0,0,0,0,0,0,0,0,0,0,0,0,0,0,0,0,0,0,0,1,0,0,0,0,0,0,0,0,Lodgepole Pine,0,0,1,0
2434.0,50.0,20.0,30.0,14.0,792.0,224.0,191.0,92.0,1406.0,0,0,0,0,0,0,0,0,0,1,0,0,0,0,0,0,0,0,0,0,0,0,0,0,0,0,0,0,0,0,0,0,0,0,0,0,0,0,0,0,Douglas-fir,0,0,1,0
2661.0,340.0,5.0,306.0,9.0,711.0,210.0,233.0,162.0,1571.0,0,0,0,0,0,0,0,0,0,0,0,1,0,0,0,0,0,0,0,0,0,0,0,0,0,0,0,0,0,0,0,0,0,0,0,0,0,0,0,0,Lodgepole Pine,0,1,0,0
2880.0,6.0,25.0,150.0,41.0,2255.0,180.0,183.0,132.0,1806.0,0,0,0,0,0,0,0,0,0,0,0,0,0,0,0,0,0,0,0,0,0,0,0,0,0,0,0,0,1,0,0,0,0,0,0,0,0,0,0,0,Spruce/Fir,0,0,1,0
2821.0,351.0,9.0,277.0,26.0,1765.0,205.0,226.0,159.0,1410.0,0,0,0,0,0,0,0,0,0,0,0,0,0,0,0,0,0,0,0,0,0,0,0,0,0,0,0,0,1,0,0,0,0,0,0,0,0,0,0,0,Lodgepole Pine,0,1,0,0
2525.0,28.0,19.0,42.0,9.0,1190.0,209.0,194.0,115.0,1626.0,0,0,0,0,0,0,0,0,0,1,0,0,0,0,0,0,0,0,0,0,0,0,0,0,0,0,0,0,0,0,0,0,0,0,0,0,0,0,0,0,Ponderosa Pine,0,0,1,0
2825.0,162.0,24.0,365.0,124.0,1776.0,235.0,238.0,120.0,2160.0,0,0,0,0,0,0,0,0,0,1,0,0,0,0,0,0,0,0,0,0,0,0,0,0,0,0,0,0,0,0,0,0,0,0,0,0,0,0,0,0,Lodgepole Pine,0,0,1,0
2711.0,8.0,20.0,300.0,107.0,1661.0,192.0,195.0,136.0,2605.0,0,0,0,0,0,0,0,0,0,1,0,0,0,0,0,0,0,0,0,0,0,0,0,0,0,0,0,0,0,0,0,0,0,0,0,0,0,0,0,0,Lodgepole Pine,0,0,1,0
3104.0,321.0,9.0,319.0,6.0,2382.0,196.0,231.0,175.0,2230.0,0,0,0,0,0,0,0,0,0,0,0,0,0,0,0,0,0,0,0,0,0,0,0,0,0,0,0,0,1,0,0,0,0,0,0,0,0,0,0,0,Lodgepole Pine,0,0,1,0
2784.0,60.0,26.0,60.0,27.0,1559.0,230.0,177.0,65.0,1383.0,0,0,0,0,0,0,0,0,0,0,0,0,0,0,0,0,0,0,0,0,0,0,0,0,0,0,0,0,0,0,0,0,1,0,0,0,0,0,0,0,Aspen,0,0,1,0
3159.0,9.0,11.0,30.0,7.0,3219.0,207.0,217.0,146.0,2290.0,0,0,0,0,0,0,0,0,0,0,0,0,0,0,0,0,0,0,0,0,0,0,0,0,0,0,0,0,1,0,0,0,0,0,0,0,0,0,0,0,Spruce/Fir,0,0,1,0
3142.0,231.0,6.0,90.0,0.0,4526.0,210.0,246.0,173.0,1044.0,0,0,0,0,0,0,0,0,0,0,0,0,0,0,0,0,0,0,0,0,0,0,1,0,0,0,0,0,0,0,0,0,0,0,0,0,0,0,0,0,Spruce/Fir,0,1,0,0
2917.0,38.0,8.0,0.0,0.0,2026.0,220.0,222.0,136.0,882.0,0,0,0,0,0,0,0,0,0,0,0,0,0,0,0,0,0,0,0,0,0,0,0,0,0,0,0,0,1,0,0,0,0,0,0,0,0,0,0,0,Spruce/Fir,0,1,0,0
3129.0,180.0,9.0,42.0,0.0,6520.0,224.0,246.0,155.0,2186.0,0,0,0,0,0,0,0,0,0,0,0,0,0,0,0,0,0,0,0,0,0,0,0,0,0,0,0,0,1,0,0,0,0,0,0,0,0,0,0,0,Lodgepole Pine,0,1,0,0
2962.0,343.0,16.0,212.0,41.0,1276.0,185.0,213.0,166.0,3087.0,0,0,0,0,0,0,0,0,0,0,0,0,0,0,0,0,0,0,0,0,0,1,0,0,0,0,0,0,0,0,0,0,0,0,0,0,0,0,0,0,Spruce/Fir,0,1,0,0
2826.0,105.0,3.0,454.0,53.0,2475.0,224.0,236.0,147.0,2829.0,0,0,0,0,0,0,0,0,0,0,0,0,0,0,0,0,0,0,0,0,0,0,0,0,0,0,0,0,0,1,0,0,0,0,0,0,0,0,0,0,Lodgepole Pine,0,1,0,0
3070.0,65.0,4.0,0.0,0.0,3492.0,223.0,231.0,143.0,2324.0,0,0,0,0,0,0,0,0,0,0,0,0,0,0,0,0,0,0,0,0,0,0,1,0,0,0,0,0,0,0,0,0,0,0,0,0,0,0,0,0,Spruce/Fir,0,1,0,0
3468.0,2.0,12.0,573.0,126.0,1201.0,204.0,217.0,151.0,1630.0,0,0,0,0,0,0,0,0,0,0,0,0,0,0,0,0,0,0,0,0,0,0,0,0,0,0,0,0,0,0,0,0,0,0,0,0,0,0,0,1,Krummholz,1,0,0,0
3169.0,238.0,19.0,190.0,32.0,792.0,183.0,253.0,203.0,4888.0,0,0,0,0,0,0,0,0,0,0,0,0,0,0,0,0,0,0,0,0,0,1,0,0,0,0,0,0,0,0,0,0,0,0,0,0,0,0,0,0,Lodgepole Pine,1,0,0,0
3257.0,267.0,13.0,731.0,156.0,6145.0,186.0,245.0,197.0,2491.0,0,0,0,0,0,0,0,0,0,0,0,0,0,0,0,0,0,0,0,0,0,0,0,0,0,0,0,0,1,0,0,0,0,0,0,0,0,0,0,0,Lodgepole Pine,0,1,0,0
3184.0,10.0,4.0,300.0,89.0,4942.0,215.0,231.0,153.0,1953.0,0,0,0,0,0,0,0,0,0,0,0,0,0,0,0,0,0,0,0,0,0,0,0,0,0,0,0,0,1,0,0,0,0,0,0,0,0,0,0,0,Spruce/Fir,0,1,0,0
3246.0,51.0,10.0,201.0,31.0,4647.0,225.0,219.0,127.0,324.0,0,0,0,0,0,0,0,0,0,0,0,0,0,0,0,0,0,0,0,0,0,0,0,0,0,0,0,0,1,0,0,0,0,0,0,0,0,0,0,0,Spruce/Fir,0,1,0,0
2982.0,26.0,22.0,67.0,21.0,1421.0,203.0,186.0,111.0,1339.0,0,0,0,0,0,0,0,0,0,0,0,0,0,0,0,0,0,0,0,0,0,0,0,0,0,0,0,0,1,0,0,0,0,0,0,0,0,0,0,0,Lodgepole Pine,0,0,1,0
2900.0,319.0,5.0,300.0,20.0,3183.0,207.0,235.0,167.0,3813.0,0,0,0,0,0,0,0,0,0,0,0,0,0,0,0,0,0,0,0,0,0,0,0,0,0,0,0,0,1,0,0,0,0,0,0,0,0,0,0,0,Lodgepole Pine,0,1,0,0
3119.0,34.0,14.0,67.0,9.0,4369.0,217.0,207.0,122.0,3499.0,0,0,0,0,0,0,0,0,0,0,0,0,0,0,0,0,0,0,0,0,0,0,0,0,0,0,0,0,1,0,0,0,0,0,0,0,0,0,0,0,Spruce/Fir,0,1,0,0
3119.0,28.0,14.0,430.0,102.0,1557.0,214.0,209.0,128.0,2753.0,0,0,0,0,0,0,0,0,0,0,0,0,0,0,0,0,0,0,0,0,0,0,0,0,0,0,0,0,1,0,0,0,0,0,0,0,0,0,0,0,Spruce/Fir,0,0,1,0
2531.0,184.0,11.0,180.0,62.0,782.0,223.0,248.0,157.0,1050.0,0,1,0,0,0,0,0,0,0,0,0,0,0,0,0,0,0,0,0,0,0,0,0,0,0,0,0,0,0,0,0,0,0,0,0,0,0,0,0,0,Lodgepole Pine,0,0,1,0
3125.0,3.0,12.0,124.0,17.0,3048.0,204.0,217.0,150.0,2297.0,0,0,0,0,0,0,0,0,0,0,0,0,0,0,0,0,0,0,0,0,0,0,0,0,0,0,0,0,1,0,0,0,0,0,0,0,0,0,0,0,Spruce/Fir,0,0,1,0
3172.0,13.0,8.0,258.0,33.0,2766.0,212.0,223.0,148.0,3642.0,0,0,0,0,0,0,0,0,0,0,0,0,0,0,0,0,0,0,0,0,0,0,0,0,0,0,0,0,1,0,0,0,0,0,0,0,0,0,0,0,Spruce/Fir,0,1,0,0
2921.0,331.0,2.0,395.0,0.0,3934.0,213.0,236.0,160.0,4213.0,0,0,0,0,0,0,0,0,0,0,0,0,0,0,0,0,0,0,0,0,0,0,1,0,0,0,0,0,0,0,0,0,0,0,0,0,0,0,0,0,Lodgepole Pine,0,1,0,0
3045.0,301.0,11.0,60.0,8.0,2932.0,190.0,236.0,186.0,779.0,0,0,0,0,0,0,0,0,0,0,0,0,0,0,0,0,0,0,0,0,0,0,1,0,0,0,0,0,0,0,0,0,0,0,0,0,0,0,0,0,Spruce/Fir,0,0,1,0
2619.0,169.0,16.0,0.0,0.0,3371.0,230.0,245.0,141.0,2605.0,0,0,0,0,0,0,0,0,0,0,0,0,0,0,0,0,0,0,0,0,0,0,0,0,0,0,0,0,1,0,0,0,0,0,0,0,0,0,0,0,Spruce/Fir,0,0,1,0
3062.0,72.0,15.0,90.0,19.0,4914.0,236.0,210.0,102.0,636.0,0,0,0,0,0,0,0,0,0,0,0,0,0,0,0,0,0,0,0,0,0,0,0,0,0,0,0,0,1,0,0,0,0,0,0,0,0,0,0,0,Spruce/Fir,0,1,0,0
3080.0,64.0,13.0,511.0,77.0,870.0,232.0,213.0,111.0,1146.0,0,0,0,0,0,0,0,0,0,0,0,0,0,0,0,0,0,0,0,0,0,0,0,0,0,0,0,0,0,0,0,1,0,0,0,0,0,0,0,0,Lodgepole Pine,0,0,1,0
2819.0,342.0,26.0,108.0,21.0,1295.0,159.0,192.0,166.0,1637.0,0,0,0,0,0,0,0,0,0,0,0,0,0,0,0,0,0,0,0,0,0,0,0,0,0,0,0,0,1,0,0,0,0,0,0,0,0,0,0,0,Spruce/Fir,0,0,1,0
2804.0,18.0,13.0,190.0,25.0,1570.0,209.0,212.0,138.0,2591.0,0,0,0,0,0,0,0,0,0,0,0,0,0,0,0,0,0,0,0,0,0,0,0,0,0,0,0,0,1,0,0,0,0,0,0,0,0,0,0,0,Lodgepole Pine,0,0,1,0
3115.0,78.0,12.0,175.0,5.0,2100.0,236.0,217.0,111.0,3227.0,0,0,0,0,0,0,0,0,0,0,0,0,0,0,0,0,0,0,0,0,0,0,0,0,0,0,0,0,1,0,0,0,0,0,0,0,0,0,0,0,Spruce/Fir,0,0,1,0
3139.0,101.0,17.0,330.0,93.0,285.0,246.0,216.0,94.0,1431.0,0,0,0,0,0,0,0,0,0,0,0,0,0,0,0,0,0,0,0,0,0,0,0,0,0,0,0,0,1,0,0,0,0,0,0,0,0,0,0,0,Lodgepole Pine,0,1,0,0
2946.0,59.0,22.0,268.0,143.0,277.0,230.0,190.0,82.0,1203.0,0,0,0,0,0,0,0,0,0,0,0,0,0,0,0,0,0,0,0,0,0,0,0,0,0,0,0,0,1,0,0,0,0,0,0,0,0,0,0,0,Lodgepole Pine,0,1,0,0
3121.0,18.0,19.0,228.0,56.0,1173.0,202.0,198.0,127.0,170.0,0,0,0,0,0,0,0,0,0,0,0,0,0,0,0,0,0,0,0,0,0,0,0,0,0,0,0,0,1,0,0,0,0,0,0,0,0,0,0,0,Spruce/Fir,0,0,1,0
2676.0,39.0,16.0,120.0,41.0,2250.0,219.0,204.0,116.0,828.0,0,0,0,0,0,0,0,0,0,1,0,0,0,0,0,0,0,0,0,0,0,0,0,0,0,0,0,0,0,0,0,0,0,0,0,0,0,0,0,0,Spruce/Fir,0,0,1,0
3065.0,325.0,20.0,30.0,13.0,3301.0,167.0,214.0,185.0,2803.0,0,0,0,0,0,0,0,0,0,0,0,0,0,0,0,0,0,0,0,0,0,0,0,0,0,0,0,0,1,0,0,0,0,0,0,0,0,0,0,0,Spruce/Fir,0,0,1,0
2755.0,189.0,11.0,190.0,41.0,3867.0,220.0,249.0,161.0,1952.0,0,0,0,0,0,0,0,0,0,0,0,0,0,0,0,0,0,0,0,0,0,0,0,0,0,0,0,0,1,0,0,0,0,0,0,0,0,0,0,0,Lodgepole Pine,0,0,1,0
2316.0,324.0,25.0,127.0,26.0,1271.0,151.0,205.0,190.0,400.0,0,0,0,0,0,0,0,0,0,1,0,0,0,0,0,0,0,0,0,0,0,0,0,0,0,0,0,0,0,0,0,0,0,0,0,0,0,0,0,0,Ponderosa Pine,0,0,0,1
2369.0,108.0,24.0,350.0,54.0,430.0,252.0,204.0,65.0,1062.0,0,0,1,0,0,0,0,0,0,0,0,0,0,0,0,0,0,0,0,0,0,0,0,0,0,0,0,0,0,0,0,0,0,0,0,0,0,0,0,0,Ponderosa Pine,0,0,0,1
2814.0,324.0,8.0,150.0,61.0,1315.0,200.0,231.0,171.0,1231.0,0,0,0,0,0,0,0,0,0,0,0,0,0,0,0,0,0,0,0,0,0,0,1,0,0,0,0,0,0,0,0,0,0,0,0,0,0,0,0,0,Lodgepole Pine,0,0,1,0
3182.0,80.0,4.0,30.0,0.0,5334.0,225.0,232.0,142.0,1100.0,0,0,0,0,0,0,0,0,0,0,0,0,0,0,0,0,0,0,0,0,0,0,0,0,0,0,0,0,1,0,0,0,0,0,0,0,0,0,0,0,Spruce/Fir,0,1,0,0
2895.0,45.0,5.0,30.0,1.0,1342.0,222.0,228.0,142.0,2497.0,0,0,0,0,0,0,0,0,0,0,0,0,0,0,0,0,0,0,0,0,0,0,0,0,0,0,0,0,1,0,0,0,0,0,0,0,0,0,0,0,Spruce/Fir,0,0,1,0
2800.0,29.0,6.0,552.0,77.0,3390.0,218.0,226.0,144.0,2760.0,0,0,0,0,0,0,0,0,0,1,0,0,0,0,0,0,0,0,0,0,0,0,0,0,0,0,0,0,0,0,0,0,0,0,0,0,0,0,0,0,Spruce/Fir,0,0,1,0
2943.0,100.0,15.0,540.0,147.0,990.0,244.0,218.0,99.0,1060.0,0,0,0,0,0,0,0,0,0,0,0,0,0,0,0,0,0,0,0,0,0,0,0,0,0,0,0,0,1,0,0,0,0,0,0,0,0,0,0,0,Lodgepole Pine,0,1,0,0
3215.0,24.0,5.0,0.0,0.0,5758.0,217.0,230.0,149.0,713.0,0,0,0,0,0,0,0,0,0,0,0,0,0,0,0,0,0,0,0,0,0,1,0,0,0,0,0,0,0,0,0,0,0,0,0,0,0,0,0,0,Spruce/Fir,0,1,0,0
2440.0,297.0,21.0,300.0,134.0,1128.0,155.0,228.0,211.0,1332.0,0,0,0,0,0,1,0,0,0,0,0,0,0,0,0,0,0,0,0,0,0,0,0,0,0,0,0,0,0,0,0,0,0,0,0,0,0,0,0,0,Douglas-fir,0,0,0,1
2979.0,182.0,8.0,90.0,5.0,1768.0,223.0,245.0,156.0,3701.0,0,0,0,0,0,0,0,0,0,0,0,0,0,0,0,0,0,0,0,0,0,0,1,0,0,0,0,0,0,0,0,0,0,0,0,0,0,0,0,0,Spruce/Fir,0,1,0,0
2353.0,115.0,29.0,175.0,37.0,1090.0,254.0,198.0,50.0,853.0,0,0,1,0,0,0,0,0,0,0,0,0,0,0,0,0,0,0,0,0,0,0,0,0,0,0,0,0,0,0,0,0,0,0,0,0,0,0,0,0,Ponderosa Pine,0,0,0,1
2836.0,74.0,15.0,331.0,158.0,360.0,237.0,209.0,99.0,1712.0,0,0,0,0,0,0,0,0,0,0,0,0,0,0,0,0,0,0,0,0,0,0,0,0,0,0,0,0,1,0,0,0,0,0,0,0,0,0,0,0,Lodgepole Pine,0,1,0,0
3029.0,321.0,3.0,242.0,71.0,4113.0,211.0,236.0,164.0,2404.0,0,0,0,0,0,0,0,0,0,0,0,0,0,0,0,0,0,0,0,0,0,0,0,0,0,0,0,0,1,0,0,0,0,0,0,0,0,0,0,0,Lodgepole Pine,0,1,0,0
2784.0,176.0,11.0,190.0,18.0,2376.0,226.0,246.0,152.0,1742.0,0,0,0,0,0,0,0,0,0,0,0,0,0,0,0,0,0,0,0,0,0,0,0,0,0,0,0,0,1,0,0,0,0,0,0,0,0,0,0,0,Lodgepole Pine,0,1,0,0
3175.0,116.0,13.0,212.0,52.0,5033.0,242.0,227.0,112.0,1271.0,0,0,0,0,0,0,0,0,0,0,0,0,0,0,0,0,0,0,0,0,0,0,0,0,0,0,0,0,1,0,0,0,0,0,0,0,0,0,0,0,Spruce/Fir,0,1,0,0
3031.0,56.0,10.0,210.0,40.0,5568.0,227.0,218.0,124.0,4777.0,0,0,0,0,0,0,0,0,0,0,0,0,0,0,0,0,0,0,0,0,0,0,0,0,0,0,0,0,1,0,0,0,0,0,0,0,0,0,0,0,Lodgepole Pine,0,1,0,0
3200.0,60.0,5.0,805.0,119.0,1403.0,224.0,229.0,140.0,2467.0,0,0,0,0,0,0,0,0,0,0,0,0,0,0,0,0,0,0,0,0,0,0,0,0,0,0,0,0,0,0,0,1,0,0,0,0,0,0,0,0,Spruce/Fir,0,0,1,0
2986.0,352.0,8.0,582.0,71.0,2713.0,206.0,226.0,158.0,1560.0,0,0,0,0,0,0,0,0,0,0,0,0,0,0,0,0,0,0,0,0,0,0,0,0,0,0,0,0,1,0,0,0,0,0,0,0,0,0,0,0,Lodgepole Pine,0,0,1,0
2857.0,267.0,14.0,150.0,35.0,2609.0,182.0,245.0,201.0,2300.0,0,0,0,0,0,0,0,0,0,0,0,0,0,0,0,0,0,0,0,0,0,0,0,0,0,0,0,0,0,0,0,1,0,0,0,0,0,0,0,0,Spruce/Fir,0,0,1,0
2704.0,228.0,34.0,150.0,87.0,443.0,151.0,247.0,214.0,1523.0,0,0,0,0,0,0,0,0,0,0,0,0,1,0,0,0,0,0,0,0,0,0,0,0,0,0,0,0,0,0,0,0,0,0,0,0,0,0,0,0,Lodgepole Pine,0,0,1,0
2866.0,80.0,22.0,212.0,61.0,242.0,243.0,196.0,72.0,1273.0,0,0,0,0,0,0,0,0,0,0,0,0,0,0,0,0,0,0,0,0,0,0,0,0,0,0,0,0,1,0,0,0,0,0,0,0,0,0,0,0,Spruce/Fir,0,1,0,0
2597.0,35.0,11.0,255.0,87.0,1465.0,219.0,215.0,131.0,1648.0,0,1,0,0,0,0,0,0,0,0,0,0,0,0,0,0,0,0,0,0,0,0,0,0,0,0,0,0,0,0,0,0,0,0,0,0,0,0,0,0,Douglas-fir,0,0,1,0
2803.0,349.0,8.0,700.0,108.0,2900.0,205.0,226.0,160.0,1594.0,0,0,0,0,0,0,0,0,0,0,0,0,0,0,0,0,0,0,0,0,0,0,0,0,0,0,0,0,1,0,0,0,0,0,0,0,0,0,0,0,Lodgepole Pine,0,0,1,0
2600.0,32.0,11.0,382.0,49.0,741.0,218.0,217.0,134.0,700.0,0,0,0,0,0,0,0,0,0,0,0,0,0,0,0,0,0,0,0,1,0,0,0,0,0,0,0,0,0,0,0,0,0,0,0,0,0,0,0,0,Lodgepole Pine,0,1,0,0
3118.0,322.0,8.0,404.0,72.0,5057.0,199.0,232.0,173.0,693.0,0,0,0,0,0,0,0,0,0,0,0,0,0,0,0,0,0,0,0,0,0,0,0,0,0,0,0,0,1,0,0,0,0,0,0,0,0,0,0,0,Lodgepole Pine,0,1,0,0
2787.0,173.0,9.0,60.0,1.0,1869.0,226.0,245.0,151.0,2312.0,0,0,0,0,0,0,0,0,0,0,0,0,0,0,0,0,0,0,0,0,0,0,0,0,0,0,0,0,1,0,0,0,0,0,0,0,0,0,0,0,Lodgepole Pine,0,0,1,0
2860.0,27.0,2.0,190.0,9.0,3289.0,218.0,234.0,153.0,3097.0,0,0,0,0,0,0,0,0,0,0,0,0,0,0,0,0,0,0,0,0,0,0,0,0,0,0,0,0,1,0,0,0,0,0,0,0,0,0,0,0,Lodgepole Pine,0,1,0,0
2983.0,30.0,11.0,42.0,8.0,1840.0,216.0,215.0,133.0,1388.0,0,0,0,0,0,0,0,0,0,0,0,0,0,0,0,0,0,0,0,0,0,0,0,0,0,0,0,0,1,0,0,0,0,0,0,0,0,0,0,0,Lodgepole Pine,0,1,0,0
2914.0,25.0,26.0,170.0,36.0,1905.0,196.0,174.0,102.0,2424.0,0,0,0,0,0,0,0,0,0,0,0,0,0,0,0,0,0,0,0,0,0,0,0,1,0,0,0,0,0,0,0,0,0,0,0,0,0,0,0,0,Spruce/Fir,0,0,1,0
2674.0,21.0,14.0,192.0,17.0,1758.0,210.0,210.0,134.0,1684.0,0,0,0,0,0,0,0,0,0,0,1,0,0,0,0,0,0,0,0,0,0,0,0,0,0,0,0,0,0,0,0,0,0,0,0,0,0,0,0,0,Lodgepole Pine,0,0,1,0
3235.0,176.0,14.0,418.0,42.0,2321.0,226.0,247.0,149.0,1626.0,0,0,0,0,0,0,0,0,0,0,0,0,0,0,0,0,0,0,0,0,0,0,0,0,0,0,0,0,0,0,1,0,0,0,0,0,0,0,0,0,Lodgepole Pine,0,0,1,0
2734.0,63.0,8.0,573.0,134.0,1436.0,227.0,224.0,131.0,2629.0,0,0,0,0,0,0,0,0,0,0,0,1,0,0,0,0,0,0,0,0,0,0,0,0,0,0,0,0,0,0,0,0,0,0,0,0,0,0,0,0,Lodgepole Pine,0,1,0,0
2825.0,61.0,15.0,42.0,9.0,1292.0,231.0,207.0,105.0,2538.0,0,0,0,0,0,0,0,0,0,0,0,0,0,0,0,0,0,0,0,0,0,0,0,0,0,0,0,0,1,0,0,0,0,0,0,0,0,0,0,0,Lodgepole Pine,0,0,1,0
2996.0,32.0,4.0,636.0,92.0,3492.0,219.0,230.0,147.0,1173.0,0,0,0,0,0,0,0,0,0,0,0,0,0,0,0,0,0,0,0,0,0,0,0,0,0,0,0,0,1,0,0,0,0,0,0,0,0,0,0,0,Lodgepole Pine,0,1,0,0
3233.0,326.0,3.0,247.0,35.0,778.0,211.0,235.0,163.0,1324.0,0,0,0,0,0,0,0,0,0,0,0,0,0,0,0,0,0,0,0,0,0,0,0,1,0,0,0,0,0,0,0,0,0,0,0,0,0,0,0,0,Lodgepole Pine,1,0,0,0
2505.0,11.0,10.0,60.0,0.0,256.0,210.0,221.0,147.0,1477.0,0,0,0,0,0,0,0,0,0,1,0,0,0,0,0,0,0,0,0,0,0,0,0,0,0,0,0,0,0,0,0,0,0,0,0,0,0,0,0,0,Douglas-fir,0,0,1,0
2485.0,281.0,17.0,255.0,66.0,454.0,170.0,239.0,208.0,1761.0,0,0,0,0,0,0,0,0,0,1,0,0,0,0,0,0,0,0,0,0,0,0,0,0,0,0,0,0,0,0,0,0,0,0,0,0,0,0,0,0,Ponderosa Pine,0,0,0,1
2875.0,314.0,15.0,60.0,11.0,2066.0,179.0,227.0,188.0,960.0,0,0,0,0,0,0,0,0,0,0,0,0,0,0,0,0,0,0,0,0,0,0,0,0,0,0,0,0,0,0,0,0,1,0,0,0,0,0,0,0,Aspen,0,0,1,0
2603.0,144.0,24.0,255.0,62.0,564.0,245.0,228.0,97.0,2388.0,0,0,0,0,0,0,0,0,0,0,0,0,0,0,0,0,0,0,0,0,0,0,0,0,0,0,0,0,1,0,0,0,0,0,0,0,0,0,0,0,Lodgepole Pine,0,1,0,0
2961.0,59.0,6.0,30.0,3.0,2548.0,224.0,228.0,139.0,1852.0,0,0,0,0,0,0,0,0,0,0,0,0,0,0,0,0,0,0,0,0,0,1,0,0,0,0,0,0,0,0,0,0,0,0,0,0,0,0,0,0,Spruce/Fir,0,0,1,0
2518.0,315.0,11.0,430.0,133.0,870.0,191.0,231.0,180.0,1518.0,0,0,0,0,0,0,0,0,0,0,1,0,0,0,0,0,0,0,0,0,0,0,0,0,0,0,0,0,0,0,0,0,0,0,0,0,0,0,0,0,Lodgepole Pine,0,0,1,0
3222.0,2.0,5.0,0.0,0.0,5961.0,212.0,229.0,155.0,503.0,0,0,0,0,0,0,0,0,0,0,0,0,0,0,0,0,0,0,0,0,0,0,1,0,0,0,0,0,0,0,0,0,0,0,0,0,0,0,0,0,Spruce/Fir,0,1,0,0
2948.0,28.0,21.0,90.0,18.0,1950.0,207.0,190.0,111.0,2401.0,0,0,0,0,0,0,0,0,0,0,0,0,0,0,0,0,0,0,0,0,0,0,0,0,0,0,0,0,0,0,0,1,0,0,0,0,0,0,0,0,Spruce/Fir,0,0,1,0
3166.0,266.0,6.0,127.0,17.0,2571.0,204.0,243.0,177.0,1024.0,0,0,0,0,0,0,0,0,0,0,0,0,0,0,0,0,0,0,0,0,0,0,0,0,0,0,0,0,1,0,0,0,0,0,0,0,0,0,0,0,Spruce/Fir,0,0,1,0
3259.0,297.0,13.0,258.0,70.0,309.0,184.0,236.0,192.0,1456.0,0,0,0,0,0,0,0,0,0,0,0,0,0,0,0,0,0,0,0,0,0,0,1,0,0,0,0,0,0,0,0,0,0,0,0,0,0,0,0,0,Spruce/Fir,1,0,0,0
3112.0,318.0,12.0,150.0,12.0,573.0,189.0,229.0,180.0,962.0,0,0,0,0,0,0,0,0,0,0,0,0,0,0,0,0,0,0,0,0,0,0,1,0,0,0,0,0,0,0,0,0,0,0,0,0,0,0,0,0,Spruce/Fir,1,0,0,0
2733.0,143.0,5.0,600.0,109.0,1465.0,227.0,239.0,146.0,752.0,0,0,0,0,0,0,0,0,0,0,0,0,0,0,0,0,0,0,0,0,0,0,0,0,0,0,0,0,1,0,0,0,0,0,0,0,0,0,0,0,Lodgepole Pine,0,1,0,0
3300.0,167.0,27.0,268.0,116.0,1779.0,230.0,237.0,120.0,426.0,0,0,0,0,0,0,0,0,0,0,0,0,0,0,0,0,0,0,0,0,0,0,0,0,0,0,0,0,0,0,0,0,0,0,0,0,0,0,1,0,Krummholz,0,0,1,0
3331.0,280.0,7.0,360.0,63.0,3251.0,201.0,241.0,179.0,1725.0,0,0,0,0,0,0,0,0,0,0,0,0,0,0,0,0,0,0,0,0,0,0,0,0,0,0,0,0,0,0,0,0,0,0,0,0,0,0,1,0,Spruce/Fir,0,1,0,0
2332.0,93.0,20.0,361.0,148.0,1068.0,247.0,206.0,79.0,1291.0,0,0,0,0,0,1,0,0,0,0,0,0,0,0,0,0,0,0,0,0,0,0,0,0,0,0,0,0,0,0,0,0,0,0,0,0,0,0,0,0,Cottonwood/Willow,0,0,0,1
3228.0,90.0,18.0,470.0,113.0,5028.0,244.0,209.0,89.0,2629.0,0,0,0,0,0,0,0,0,0,0,0,0,0,0,0,0,0,0,0,0,0,0,0,0,0,0,0,0,1,0,0,0,0,0,0,0,0,0,0,0,Spruce/Fir,0,1,0,0
3065.0,304.0,12.0,90.0,17.0,4927.0,187.0,234.0,187.0,847.0,0,0,0,0,0,0,0,0,0,0,0,0,0,0,0,0,0,0,0,0,0,0,0,0,0,0,0,0,1,0,0,0,0,0,0,0,0,0,0,0,Spruce/Fir,0,1,0,0
3266.0,112.0,28.0,277.0,68.0,1667.0,254.0,197.0,51.0,2865.0,0,0,0,0,0,0,0,0,0,0,0,0,0,0,0,0,0,0,0,0,0,0,0,0,0,0,0,0,0,0,0,0,0,0,0,0,0,0,1,0,Spruce/Fir,0,1,0,0
3286.0,214.0,7.0,366.0,59.0,3891.0,214.0,247.0,169.0,2431.0,0,0,0,0,0,0,0,0,0,0,0,0,0,0,0,0,0,0,0,0,0,0,0,0,0,0,0,0,1,0,0,0,0,0,0,0,0,0,0,0,Spruce/Fir,0,1,0,0
3176.0,168.0,8.0,108.0,6.0,2105.0,227.0,243.0,150.0,1762.0,0,0,0,0,0,0,0,0,0,0,0,0,0,0,0,0,0,0,0,0,0,0,0,0,0,0,0,0,1,0,0,0,0,0,0,0,0,0,0,0,Spruce/Fir,0,0,1,0
2895.0,328.0,12.0,576.0,140.0,1224.0,190.0,226.0,175.0,1110.0,0,0,0,0,0,0,0,0,0,0,0,0,0,0,0,0,0,0,0,0,0,0,0,0,0,0,0,0,1,0,0,0,0,0,0,0,0,0,0,0,Lodgepole Pine,0,0,1,0
3187.0,31.0,18.0,95.0,7.0,1753.0,213.0,198.0,116.0,2315.0,0,0,0,0,0,0,0,0,0,0,0,0,0,0,0,0,0,0,0,0,0,0,0,0,0,0,0,0,0,0,0,0,1,0,0,0,0,0,0,0,Spruce/Fir,0,0,1,0
3085.0,345.0,8.0,497.0,31.0,2885.0,204.0,227.0,162.0,1742.0,0,0,0,0,0,0,0,0,0,0,0,0,0,0,0,0,0,0,0,0,0,0,0,0,0,0,0,0,1,0,0,0,0,0,0,0,0,0,0,0,Lodgepole Pine,0,0,1,0
2625.0,4.0,12.0,212.0,3.0,516.0,204.0,216.0,149.0,1465.0,0,0,0,0,0,0,0,0,0,0,0,0,0,0,0,0,0,0,0,0,0,0,0,0,0,0,0,0,1,0,0,0,0,0,0,0,0,0,0,0,Lodgepole Pine,0,1,0,0
3151.0,45.0,3.0,124.0,0.0,5076.0,220.0,233.0,150.0,2852.0,0,0,0,0,0,0,0,0,0,0,0,0,0,0,0,0,0,0,0,0,0,0,1,0,0,0,0,0,0,0,0,0,0,0,0,0,0,0,0,0,Spruce/Fir,0,1,0,0
2740.0,126.0,28.0,255.0,33.0,1600.0,253.0,207.0,61.0,1068.0,0,0,0,0,0,0,0,0,0,0,0,0,1,0,0,0,0,0,0,0,0,0,0,0,0,0,0,0,0,0,0,0,0,0,0,0,0,0,0,0,Lodgepole Pine,0,0,1,0
2587.0,134.0,15.0,95.0,0.0,828.0,243.0,232.0,114.0,2174.0,0,0,0,0,0,0,0,0,0,0,0,0,0,0,0,0,0,0,0,0,0,0,0,0,0,0,0,0,0,1,0,0,0,0,0,0,0,0,0,0,Lodgepole Pine,0,1,0,0
3088.0,66.0,11.0,127.0,17.0,451.0,231.0,218.0,118.0,626.0,0,0,0,0,0,0,0,0,0,0,0,0,0,0,0,0,0,0,0,0,0,0,0,0,0,0,0,0,0,0,1,0,0,0,0,0,0,0,0,0,Spruce/Fir,0,0,1,0
3047.0,96.0,15.0,514.0,108.0,295.0,243.0,217.0,99.0,1826.0,0,0,0,0,0,0,0,0,0,0,0,0,0,0,0,0,0,0,0,0,0,0,0,0,0,0,0,0,0,0,0,0,1,0,0,0,0,0,0,0,Lodgepole Pine,0,0,1,0
2711.0,300.0,7.0,30.0,2.0,2529.0,202.0,237.0,175.0,4660.0,0,0,0,0,0,0,0,0,0,0,0,0,0,0,0,0,0,0,0,0,0,0,0,0,0,0,0,0,1,0,0,0,0,0,0,0,0,0,0,0,Lodgepole Pine,0,1,0,0
3350.0,220.0,24.0,764.0,129.0,3508.0,184.0,254.0,197.0,2588.0,0,0,0,0,0,0,0,0,0,0,0,0,0,0,0,0,0,0,0,0,0,0,0,0,0,0,0,0,0,0,0,0,0,0,0,0,0,0,1,0,Spruce/Fir,0,1,0,0
2955.0,34.0,18.0,90.0,7.0,1543.0,215.0,199.0,114.0,3437.0,0,0,0,0,0,0,0,0,0,0,0,0,0,0,0,0,0,0,0,0,0,0,0,0,0,0,0,0,1,0,0,0,0,0,0,0,0,0,0,0,Spruce/Fir,0,1,0,0
3102.0,341.0,12.0,180.0,17.0,450.0,194.0,222.0,166.0,797.0,0,0,0,0,0,0,0,0,0,0,0,0,0,0,0,0,0,0,0,0,0,0,0,0,0,0,0,0,1,0,0,0,0,0,0,0,0,0,0,0,Spruce/Fir,1,0,0,0
2675.0,76.0,16.0,182.0,51.0,1355.0,239.0,207.0,94.0,362.0,0,0,0,0,0,0,0,0,0,0,0,0,0,0,0,0,0,0,0,0,0,0,0,0,0,0,0,0,1,0,0,0,0,0,0,0,0,0,0,0,Lodgepole Pine,0,1,0,0
2773.0,350.0,19.0,297.0,53.0,1398.0,182.0,205.0,159.0,2306.0,0,0,0,0,0,0,0,0,0,0,0,0,0,0,0,0,0,0,0,0,0,0,0,0,0,0,0,0,1,0,0,0,0,0,0,0,0,0,0,0,Lodgepole Pine,0,1,0,0
2851.0,266.0,8.0,67.0,3.0,5323.0,201.0,243.0,182.0,677.0,0,0,0,0,0,0,0,0,0,0,0,0,0,0,0,0,0,0,0,0,0,0,0,0,0,0,0,0,1,0,0,0,0,0,0,0,0,0,0,0,Lodgepole Pine,0,1,0,0
3213.0,216.0,8.0,511.0,22.0,6001.0,212.0,248.0,173.0,3187.0,0,0,0,0,0,0,0,0,0,0,0,0,0,0,0,0,0,0,0,0,0,0,0,0,0,0,0,0,1,0,0,0,0,0,0,0,0,0,0,0,Lodgepole Pine,0,1,0,0
2737.0,72.0,9.0,295.0,50.0,1710.0,231.0,223.0,125.0,524.0,0,0,0,0,0,0,0,0,0,0,0,0,0,0,0,0,0,0,0,0,0,0,0,0,0,0,0,0,1,0,0,0,0,0,0,0,0,0,0,0,Lodgepole Pine,0,1,0,0
2946.0,97.0,8.0,283.0,48.0,3463.0,234.0,228.0,127.0,1650.0,0,0,0,0,0,0,0,0,0,0,0,0,0,0,0,0,0,0,0,0,0,0,0,0,0,0,0,0,1,0,0,0,0,0,0,0,0,0,0,0,Lodgepole Pine,0,1,0,0
3280.0,289.0,19.0,516.0,111.0,4231.0,165.0,235.0,208.0,2387.0,0,0,0,0,0,0,0,0,0,0,0,0,0,0,0,0,0,0,0,0,0,0,0,0,0,0,0,0,1,0,0,0,0,0,0,0,0,0,0,0,Spruce/Fir,0,0,1,0
2334.0,47.0,23.0,67.0,19.0,228.0,221.0,183.0,85.0,663.0,0,0,0,0,0,0,0,0,0,1,0,0,0,0,0,0,0,0,0,0,0,0,0,0,0,0,0,0,0,0,0,0,0,0,0,0,0,0,0,0,Lodgepole Pine,0,0,1,0
3206.0,210.0,20.0,258.0,68.0,1062.0,200.0,254.0,183.0,4629.0,0,0,0,0,0,0,0,0,0,0,0,0,0,0,0,0,0,0,0,0,0,0,0,0,0,0,0,0,1,0,0,0,0,0,0,0,0,0,0,0,Lodgepole Pine,1,0,0,0
2315.0,129.0,23.0,30.0,9.0,700.0,250.0,219.0,84.0,713.0,0,0,1,0,0,0,0,0,0,0,0,0,0,0,0,0,0,0,0,0,0,0,0,0,0,0,0,0,0,0,0,0,0,0,0,0,0,0,0,0,Ponderosa Pine,0,0,0,1
2423.0,96.0,26.0,212.0,49.0,713.0,251.0,193.0,55.0,624.0,1,0,0,0,0,0,0,0,0,0,0,0,0,0,0,0,0,0,0,0,0,0,0,0,0,0,0,0,0,0,0,0,0,0,0,0,0,0,0,0,Ponderosa Pine,0,0,0,1
2950.0,14.0,15.0,108.0,17.0,2032.0,204.0,207.0,137.0,2514.0,0,0,0,0,0,0,0,0,0,0,0,0,0,0,0,0,0,0,0,0,0,0,0,0,0,0,0,0,0,0,0,1,0,0,0,0,0,0,0,0,Lodgepole Pine,0,0,1,0
2572.0,217.0,29.0,258.0,137.0,234.0,176.0,252.0,196.0,691.0,0,0,1,0,0,0,0,0,0,0,0,0,0,0,0,0,0,0,0,0,0,0,0,0,0,0,0,0,0,0,0,0,0,0,0,0,0,0,0,0,Lodgepole Pine,0,0,1,0
3163.0,103.0,17.0,309.0,50.0,930.0,247.0,215.0,91.0,1889.0,0,0,0,0,0,0,0,0,0,0,0,0,0,0,0,0,0,0,0,0,0,0,0,0,0,0,0,0,1,0,0,0,0,0,0,0,0,0,0,0,Lodgepole Pine,0,1,0,0
3092.0,79.0,8.0,421.0,29.0,384.0,231.0,225.0,126.0,1465.0,0,0,0,0,0,0,0,0,0,0,0,0,0,0,0,0,0,0,0,0,0,0,0,0,0,0,0,0,0,0,0,1,0,0,0,0,0,0,0,0,Lodgepole Pine,0,0,1,0
3089.0,237.0,12.0,551.0,75.0,2372.0,199.0,250.0,187.0,1531.0,0,0,0,0,0,0,0,0,0,0,0,0,0,0,0,0,0,0,0,0,0,0,0,0,0,0,0,0,0,0,0,1,0,0,0,0,0,0,0,0,Lodgepole Pine,0,0,1,0
3283.0,282.0,20.0,162.0,59.0,1231.0,162.0,237.0,213.0,2455.0,0,0,0,0,0,0,0,0,0,0,0,0,0,0,0,0,0,0,0,0,0,0,0,0,0,0,0,0,0,0,0,0,0,0,0,0,0,0,0,1,Spruce/Fir,0,1,0,0
2928.0,88.0,13.0,272.0,1.0,1889.0,239.0,219.0,109.0,1979.0,0,0,0,0,0,0,0,0,0,0,0,0,0,0,0,0,0,0,0,0,0,0,0,0,0,0,0,0,1,0,0,0,0,0,0,0,0,0,0,0,Lodgepole Pine,0,1,0,0
3063.0,175.0,6.0,90.0,8.0,807.0,223.0,243.0,154.0,1530.0,0,0,0,0,0,0,0,0,0,0,0,0,0,0,0,0,0,0,0,0,0,0,0,0,0,0,0,0,1,0,0,0,0,0,0,0,0,0,0,0,Lodgepole Pine,0,0,1,0
3185.0,72.0,7.0,518.0,43.0,2881.0,228.0,227.0,133.0,4891.0,0,0,0,0,0,0,0,0,0,0,0,0,0,0,0,0,0,0,0,0,0,0,0,0,0,0,0,0,1,0,0,0,0,0,0,0,0,0,0,0,Spruce/Fir,0,1,0,0
2728.0,24.0,10.0,234.0,21.0,2024.0,215.0,218.0,139.0,3842.0,0,0,0,0,0,0,0,0,0,0,0,0,0,0,0,0,0,0,0,0,0,0,0,0,0,0,0,0,1,0,0,0,0,0,0,0,0,0,0,0,Lodgepole Pine,0,1,0,0
2518.0,338.0,17.0,170.0,60.0,708.0,181.0,214.0,171.0,488.0,0,0,0,0,0,0,0,0,0,1,0,0,0,0,0,0,0,0,0,0,0,0,0,0,0,0,0,0,0,0,0,0,0,0,0,0,0,0,0,0,Douglas-fir,0,0,1,0
2991.0,78.0,11.0,95.0,9.0,2430.0,234.0,220.0,116.0,2099.0,0,0,0,0,0,0,0,0,0,0,0,0,0,0,0,0,0,0,0,0,0,0,0,0,0,0,0,0,0,0,1,0,0,0,0,0,0,0,0,0,Lodgepole Pine,0,0,1,0
3122.0,239.0,11.0,124.0,10.0,1513.0,200.0,249.0,186.0,2227.0,0,0,0,0,0,0,0,0,0,0,0,0,0,0,0,0,0,0,0,0,0,0,0,0,0,0,0,0,1,0,0,0,0,0,0,0,0,0,0,0,Spruce/Fir,0,0,1,0
2302.0,92.0,17.0,85.0,12.0,1113.0,244.0,212.0,91.0,782.0,0,0,0,0,1,0,0,0,0,0,0,0,0,0,0,0,0,0,0,0,0,0,0,0,0,0,0,0,0,0,0,0,0,0,0,0,0,0,0,0,Ponderosa Pine,0,0,0,1
3315.0,77.0,18.0,234.0,43.0,960.0,240.0,205.0,89.0,663.0,0,0,0,0,0,0,0,0,0,0,0,0,0,0,0,0,0,0,0,0,0,0,0,0,0,0,0,0,0,0,0,1,0,0,0,0,0,0,0,0,Spruce/Fir,1,0,0,0
2614.0,337.0,7.0,300.0,62.0,1195.0,204.0,230.0,165.0,1273.0,0,0,0,0,0,0,0,0,0,0,1,0,0,0,0,0,0,0,0,0,0,0,0,0,0,0,0,0,0,0,0,0,0,0,0,0,0,0,0,0,Lodgepole Pine,0,0,1,0
2290.0,116.0,17.0,212.0,107.0,1237.0,247.0,222.0,97.0,1074.0,0,0,0,0,0,0,0,0,0,0,0,0,0,0,0,0,0,0,0,0,0,0,0,0,0,0,0,0,1,0,0,0,0,0,0,0,0,0,0,0,Cottonwood/Willow,0,0,0,1
3121.0,291.0,16.0,247.0,82.0,391.0,174.0,236.0,202.0,1624.0,0,0,0,0,0,0,0,0,0,0,0,0,0,0,0,0,0,0,0,0,0,1,0,0,0,0,0,0,0,0,0,0,0,0,0,0,0,0,0,0,Spruce/Fir,1,0,0,0
3199.0,230.0,4.0,362.0,49.0,5917.0,214.0,243.0,166.0,2359.0,0,0,0,0,0,0,0,0,0,0,0,0,0,0,0,0,0,0,0,0,0,1,0,0,0,0,0,0,0,0,0,0,0,0,0,0,0,0,0,0,Lodgepole Pine,0,1,0,0
3140.0,70.0,24.0,330.0,99.0,1188.0,237.0,184.0,64.0,1294.0,0,0,0,0,0,0,0,0,0,0,0,0,0,0,0,0,0,0,0,0,0,0,0,0,0,0,0,0,0,0,0,1,0,0,0,0,0,0,0,0,Spruce/Fir,0,0,1,0
3037.0,230.0,12.0,408.0,55.0,5760.0,201.0,251.0,185.0,1897.0,0,0,0,0,0,0,0,0,0,0,0,0,0,0,0,0,0,0,0,0,0,0,0,0,0,0,0,0,1,0,0,0,0,0,0,0,0,0,0,0,Spruce/Fir,0,1,0,0
3405.0,34.0,17.0,636.0,166.0,3032.0,215.0,200.0,116.0,2220.0,0,0,0,0,0,0,0,0,0,0,0,0,0,0,0,0,0,0,0,0,0,0,0,0,0,0,0,0,0,0,0,0,0,0,0,0,0,0,1,0,Krummholz,0,0,1,0
3091.0,60.0,19.0,150.0,54.0,2510.0,231.0,198.0,92.0,1092.0,0,0,0,0,0,0,0,0,0,0,0,0,0,0,0,0,0,0,0,0,0,0,0,0,0,0,0,0,1,0,0,0,0,0,0,0,0,0,0,0,Spruce/Fir,0,0,1,0
2693.0,73.0,10.0,283.0,80.0,2442.0,232.0,221.0,121.0,2400.0,0,0,0,0,0,0,0,0,0,1,0,0,0,0,0,0,0,0,0,0,0,0,0,0,0,0,0,0,0,0,0,0,0,0,0,0,0,0,0,0,Lodgepole Pine,0,0,1,0
2438.0,164.0,10.0,108.0,44.0,488.0,230.0,243.0,145.0,964.0,0,0,0,1,0,0,0,0,0,0,0,0,0,0,0,0,0,0,0,0,0,0,0,0,0,0,0,0,0,0,0,0,0,0,0,0,0,0,0,0,Ponderosa Pine,0,0,1,0
2322.0,301.0,15.0,30.0,9.0,589.0,176.0,232.0,196.0,376.0,1,0,0,0,0,0,0,0,0,0,0,0,0,0,0,0,0,0,0,0,0,0,0,0,0,0,0,0,0,0,0,0,0,0,0,0,0,0,0,0,Ponderosa Pine,0,0,0,1
2986.0,348.0,20.0,481.0,66.0,5096.0,179.0,204.0,160.0,1790.0,0,0,0,0,0,0,0,0,0,0,0,0,0,0,0,0,0,0,0,0,0,0,0,0,0,0,0,0,1,0,0,0,0,0,0,0,0,0,0,0,Lodgepole Pine,0,1,0,0
3186.0,37.0,5.0,216.0,27.0,2412.0,220.0,229.0,145.0,2509.0,0,0,0,0,0,0,0,0,0,0,0,0,0,0,0,0,0,0,0,0,0,0,0,0,0,0,0,0,1,0,0,0,0,0,0,0,0,0,0,0,Spruce/Fir,0,1,0,0
3265.0,164.0,17.0,90.0,15.0,1570.0,233.0,243.0,134.0,2736.0,0,0,0,0,0,0,0,0,0,0,0,0,0,0,0,0,0,0,0,0,0,1,0,0,0,0,0,0,0,0,0,0,0,0,0,0,0,0,0,0,Spruce/Fir,0,1,0,0
3185.0,248.0,15.0,509.0,78.0,1431.0,188.0,250.0,199.0,2321.0,0,0,0,0,0,0,0,0,0,0,0,0,0,0,0,0,0,0,0,0,0,0,0,0,0,0,0,0,1,0,0,0,0,0,0,0,0,0,0,0,Spruce/Fir,0,0,1,0
3231.0,198.0,12.0,518.0,40.0,5978.0,217.0,250.0,166.0,3129.0,0,0,0,0,0,0,0,0,0,0,0,0,0,0,0,0,0,0,0,0,0,0,0,0,0,0,0,0,1,0,0,0,0,0,0,0,0,0,0,0,Lodgepole Pine,0,1,0,0
3020.0,82.0,7.0,201.0,46.0,2228.0,230.0,228.0,132.0,3009.0,0,0,0,0,0,0,0,0,0,0,0,0,0,0,0,0,0,0,0,0,0,0,0,0,0,0,0,0,1,0,0,0,0,0,0,0,0,0,0,0,Lodgepole Pine,0,0,1,0
3410.0,129.0,15.0,430.0,41.0,2766.0,244.0,230.0,110.0,1765.0,0,0,0,0,0,0,0,0,0,0,0,0,0,0,0,0,0,0,0,0,0,0,0,0,0,0,0,0,1,0,0,0,0,0,0,0,0,0,0,0,Spruce/Fir,0,0,1,0
3310.0,223.0,20.0,170.0,2.0,1888.0,190.0,254.0,195.0,3844.0,0,0,0,0,0,0,0,0,0,0,0,0,0,0,0,0,0,0,0,0,0,0,0,0,0,0,0,0,0,0,0,1,0,0,0,0,0,0,0,0,Spruce/Fir,1,0,0,0
2838.0,303.0,17.0,564.0,106.0,162.0,170.0,229.0,199.0,1765.0,0,0,0,0,0,0,0,0,0,1,0,0,0,0,0,0,0,0,0,0,0,0,0,0,0,0,0,0,0,0,0,0,0,0,0,0,0,0,0,0,Lodgepole Pine,0,0,1,0
3266.0,117.0,8.0,283.0,1.0,979.0,235.0,232.0,129.0,3081.0,0,0,0,0,0,0,0,0,0,0,0,0,0,0,0,0,0,0,0,0,0,0,0,0,0,0,0,0,1,0,0,0,0,0,0,0,0,0,0,0,Lodgepole Pine,1,0,0,0
2915.0,115.0,10.0,30.0,0.0,2001.0,237.0,231.0,123.0,932.0,0,0,0,0,0,0,0,0,0,0,0,0,0,0,0,0,0,0,0,0,0,0,0,0,0,0,0,0,1,0,0,0,0,0,0,0,0,0,0,0,Spruce/Fir,0,1,0,0
3093.0,238.0,9.0,492.0,87.0,2654.0,204.0,248.0,182.0,1954.0,0,0,0,0,0,0,0,0,0,0,0,0,0,0,0,0,0,0,0,0,0,0,0,0,0,0,0,0,0,0,0,1,0,0,0,0,0,0,0,0,Lodgepole Pine,0,0,1,0
2677.0,147.0,23.0,95.0,25.0,2115.0,244.0,230.0,103.0,2480.0,0,0,0,1,0,0,0,0,0,0,0,0,0,0,0,0,0,0,0,0,0,0,0,0,0,0,0,0,0,0,0,0,0,0,0,0,0,0,0,0,Ponderosa Pine,0,0,1,0
3010.0,41.0,23.0,60.0,1.0,1025.0,215.0,182.0,90.0,2398.0,0,0,0,0,0,0,0,0,0,0,0,0,0,0,0,0,0,0,0,0,0,0,0,0,0,0,0,0,1,0,0,0,0,0,0,0,0,0,0,0,Spruce/Fir,0,0,1,0
2919.0,26.0,12.0,240.0,97.0,916.0,214.0,213.0,133.0,1994.0,0,0,0,0,0,0,0,0,0,0,0,0,0,0,0,0,0,0,0,0,0,0,0,1,0,0,0,0,0,0,0,0,0,0,0,0,0,0,0,0,Lodgepole Pine,0,1,0,0
3294.0,342.0,18.0,781.0,166.0,1179.0,181.0,211.0,167.0,2203.0,0,0,0,0,0,0,0,0,0,0,0,0,0,0,0,0,0,0,0,0,0,0,0,0,0,0,0,0,1,0,0,0,0,0,0,0,0,0,0,0,Lodgepole Pine,0,0,1,0
2945.0,266.0,24.0,120.0,59.0,6119.0,153.0,242.0,224.0,4863.0,0,0,0,0,0,0,0,0,0,0,0,0,0,0,0,0,0,0,0,0,0,0,0,1,0,0,0,0,0,0,0,0,0,0,0,0,0,0,0,0,Lodgepole Pine,0,1,0,0
3350.0,37.0,9.0,454.0,38.0,1149.0,220.0,220.0,135.0,2713.0,0,0,0,0,0,0,0,0,0,0,0,0,0,0,0,0,0,0,0,0,0,0,0,0,0,0,0,0,0,0,0,0,0,0,0,0,0,1,0,0,Spruce/Fir,0,1,0,0
2931.0,153.0,10.0,60.0,10.0,1396.0,232.0,241.0,140.0,816.0,0,0,0,0,0,0,0,0,0,0,0,0,0,0,0,0,0,0,0,0,0,0,0,0,0,0,0,0,1,0,0,0,0,0,0,0,0,0,0,0,Lodgepole Pine,0,1,0,0
3295.0,233.0,2.0,162.0,25.0,6159.0,215.0,241.0,163.0,390.0,0,0,0,0,0,0,0,0,0,0,0,0,0,0,0,0,0,0,0,0,0,1,0,0,0,0,0,0,0,0,0,0,0,0,0,0,0,0,0,0,Spruce/Fir,0,1,0,0
2942.0,141.0,10.0,124.0,42.0,4546.0,235.0,238.0,133.0,1710.0,0,0,0,0,0,0,0,0,0,0,0,0,0,0,0,0,0,0,0,0,0,0,0,0,0,0,0,0,0,1,0,0,0,0,0,0,0,0,0,0,Lodgepole Pine,0,1,0,0
2768.0,84.0,26.0,228.0,115.0,242.0,246.0,186.0,53.0,1920.0,0,0,0,0,0,0,0,0,0,0,0,0,0,0,0,0,0,0,0,0,0,0,0,0,0,0,0,0,0,1,0,0,0,0,0,0,0,0,0,0,Aspen,0,1,0,0
2968.0,6.0,14.0,361.0,74.0,4475.0,202.0,213.0,146.0,1953.0,0,0,0,0,0,0,0,0,0,0,0,0,0,0,0,0,0,0,0,0,0,0,0,0,0,0,0,0,1,0,0,0,0,0,0,0,0,0,0,0,Lodgepole Pine,0,1,0,0
2908.0,326.0,7.0,234.0,18.0,1296.0,203.0,232.0,168.0,1712.0,0,0,0,0,0,0,0,0,0,0,0,0,0,0,0,0,0,0,0,0,0,0,0,0,0,0,0,0,1,0,0,0,0,0,0,0,0,0,0,0,Spruce/Fir,0,1,0,0
2542.0,314.0,14.0,285.0,82.0,792.0,183.0,229.0,186.0,782.0,0,0,0,0,0,1,0,0,0,0,0,0,0,0,0,0,0,0,0,0,0,0,0,0,0,0,0,0,0,0,0,0,0,0,0,0,0,0,0,0,Lodgepole Pine,0,0,0,1
2416.0,14.0,23.0,85.0,15.0,1215.0,193.0,187.0,124.0,870.0,0,0,0,0,0,0,0,0,0,1,0,0,0,0,0,0,0,0,0,0,0,0,0,0,0,0,0,0,0,0,0,0,0,0,0,0,0,0,0,0,Ponderosa Pine,0,0,1,0
2885.0,315.0,15.0,430.0,53.0,2010.0,177.0,226.0,188.0,1433.0,0,0,0,0,0,0,0,0,0,0,0,0,0,0,0,0,0,0,0,0,0,0,0,0,0,0,0,0,0,0,1,0,0,0,0,0,0,0,0,0,Lodgepole Pine,0,0,1,0
2741.0,308.0,24.0,256.0,77.0,1290.0,148.0,217.0,206.0,1302.0,0,0,0,0,0,0,0,0,0,0,0,0,0,0,0,0,0,0,0,0,0,0,0,0,0,0,0,0,0,0,1,0,0,0,0,0,0,0,0,0,Lodgepole Pine,0,0,1,0
3065.0,232.0,19.0,0.0,0.0,2312.0,186.0,253.0,200.0,872.0,0,0,0,0,0,0,0,0,0,0,0,0,0,0,0,0,0,0,0,0,0,0,0,0,0,0,0,0,0,0,1,0,0,0,0,0,0,0,0,0,Lodgepole Pine,0,0,1,0
2657.0,175.0,18.0,319.0,65.0,2873.0,227.0,247.0,144.0,1908.0,0,0,0,0,0,0,0,0,0,0,1,0,0,0,0,0,0,0,0,0,0,0,0,0,0,0,0,0,0,0,0,0,0,0,0,0,0,0,0,0,Lodgepole Pine,0,0,1,0
3090.0,166.0,9.0,127.0,4.0,6095.0,228.0,244.0,148.0,2535.0,0,0,0,0,0,0,0,0,0,0,0,0,0,0,0,0,0,0,0,0,0,0,0,0,0,0,0,0,1,0,0,0,0,0,0,0,0,0,0,0,Lodgepole Pine,0,1,0,0
3230.0,308.0,6.0,624.0,83.0,2509.0,204.0,236.0,171.0,376.0,0,0,0,0,0,0,0,0,0,0,0,0,0,0,0,0,0,0,0,0,0,0,0,0,0,0,0,0,0,0,0,1,0,0,0,0,0,0,0,0,Spruce/Fir,0,0,1,0
3218.0,150.0,9.0,85.0,7.0,1201.0,233.0,240.0,138.0,2644.0,0,0,0,0,0,0,0,0,0,0,0,0,0,0,0,0,0,0,0,0,0,0,0,0,0,0,0,0,0,0,0,1,0,0,0,0,0,0,0,0,Spruce/Fir,0,0,1,0
2643.0,119.0,19.0,30.0,8.0,850.0,249.0,220.0,91.0,1803.0,0,0,0,0,0,0,0,0,0,0,0,0,0,0,0,0,0,0,0,0,0,0,0,0,0,0,0,0,0,1,0,0,0,0,0,0,0,0,0,0,Lodgepole Pine,0,1,0,0
3218.0,87.0,5.0,30.0,4.0,342.0,227.0,232.0,140.0,942.0,0,0,0,0,0,0,0,0,0,0,0,0,0,0,0,0,0,0,0,0,0,0,0,0,0,0,0,0,1,0,0,0,0,0,0,0,0,0,0,0,Lodgepole Pine,1,0,0,0
2654.0,350.0,15.0,30.0,2.0,1650.0,192.0,214.0,159.0,1341.0,0,0,0,0,0,0,0,0,0,0,0,0,0,0,0,0,0,0,0,0,0,0,0,0,0,0,0,0,1,0,0,0,0,0,0,0,0,0,0,0,Spruce/Fir,0,0,1,0
2890.0,225.0,4.0,108.0,4.0,4849.0,214.0,244.0,167.0,1425.0,0,0,0,0,0,0,0,0,0,0,0,0,0,0,0,0,0,0,1,0,0,0,0,0,0,0,0,0,0,0,0,0,0,0,0,0,0,0,0,0,Lodgepole Pine,0,1,0,0
3273.0,289.0,10.0,537.0,88.0,691.0,192.0,239.0,187.0,212.0,0,0,0,0,0,0,0,0,0,0,0,0,0,0,0,0,0,0,0,0,0,0,0,1,0,0,0,0,0,0,0,0,0,0,0,0,0,0,0,0,Spruce/Fir,1,0,0,0
2913.0,17.0,10.0,60.0,13.0,4736.0,212.0,219.0,144.0,1578.0,0,0,0,0,0,0,0,0,0,0,0,0,0,0,0,0,0,0,0,0,0,0,0,0,0,0,0,0,1,0,0,0,0,0,0,0,0,0,0,0,Lodgepole Pine,0,1,0,0
2937.0,101.0,12.0,30.0,2.0,2120.0,241.0,223.0,110.0,808.0,0,0,0,0,0,0,0,0,0,0,0,0,0,0,0,0,0,0,0,0,0,0,0,0,0,0,0,0,0,1,0,0,0,0,0,0,0,0,0,0,Spruce/Fir,0,1,0,0
3150.0,300.0,8.0,446.0,3.0,2713.0,199.0,237.0,178.0,324.0,0,0,0,0,0,0,0,0,0,0,0,0,0,0,0,0,0,0,0,0,0,0,0,0,0,0,0,0,1,0,0,0,0,0,0,0,0,0,0,0,Spruce/Fir,0,0,1,0
2845.0,14.0,9.0,85.0,11.0,579.0,212.0,222.0,147.0,532.0,0,0,0,0,0,0,0,0,0,0,0,0,0,0,0,0,0,0,0,0,0,0,0,0,0,0,0,0,0,0,1,0,0,0,0,0,0,0,0,0,Lodgepole Pine,0,0,1,0
3068.0,149.0,22.0,180.0,53.0,532.0,242.0,232.0,107.0,1231.0,0,0,0,0,0,0,0,0,0,0,0,0,0,0,0,0,0,0,0,0,0,0,0,0,0,0,0,0,0,0,0,0,1,0,0,0,0,0,0,0,Lodgepole Pine,0,0,1,0
2879.0,13.0,8.0,42.0,4.0,1784.0,212.0,223.0,148.0,1082.0,0,0,0,0,0,0,0,0,0,0,0,0,0,0,0,0,0,0,0,0,0,0,1,0,0,0,0,0,0,0,0,0,0,0,0,0,0,0,0,0,Spruce/Fir,0,0,1,0
3044.0,97.0,16.0,218.0,45.0,5195.0,245.0,214.0,94.0,3396.0,0,0,0,0,0,0,0,0,0,0,0,0,0,0,0,0,0,0,0,0,0,0,0,0,0,0,0,0,1,0,0,0,0,0,0,0,0,0,0,0,Lodgepole Pine,0,1,0,0
2968.0,17.0,11.0,150.0,0.0,4427.0,211.0,216.0,141.0,2070.0,0,0,0,0,0,0,0,0,0,0,0,0,0,0,0,0,0,0,0,0,0,0,0,0,0,0,0,0,1,0,0,0,0,0,0,0,0,0,0,0,Lodgepole Pine,0,1,0,0
2784.0,30.0,8.0,90.0,7.0,1654.0,218.0,223.0,141.0,2486.0,0,0,0,0,0,0,0,0,0,0,0,0,0,0,0,0,0,0,0,0,0,0,0,0,0,0,0,0,1,0,0,0,0,0,0,0,0,0,0,0,Lodgepole Pine,0,0,1,0
2515.0,90.0,9.0,313.0,39.0,511.0,233.0,227.0,125.0,3451.0,0,0,0,0,0,0,0,0,0,0,0,0,0,0,0,0,0,1,0,0,0,0,0,0,0,0,0,0,0,0,0,0,0,0,0,0,0,0,0,0,Lodgepole Pine,0,1,0,0
2856.0,178.0,18.0,30.0,10.0,1987.0,225.0,247.0,147.0,1237.0,0,0,0,0,0,0,0,0,0,0,0,0,1,0,0,0,0,0,0,0,0,0,0,0,0,0,0,0,0,0,0,0,0,0,0,0,0,0,0,0,Lodgepole Pine,0,0,1,0
2878.0,266.0,16.0,342.0,46.0,1006.0,177.0,245.0,206.0,1812.0,0,0,0,1,0,0,0,0,0,0,0,0,0,0,0,0,0,0,0,0,0,0,0,0,0,0,0,0,0,0,0,0,0,0,0,0,0,0,0,0,Aspen,0,0,1,0
2703.0,18.0,9.0,319.0,2.0,693.0,213.0,221.0,144.0,1855.0,0,0,0,0,0,0,0,0,0,0,0,1,0,0,0,0,0,0,0,0,0,0,0,0,0,0,0,0,0,0,0,0,0,0,0,0,0,0,0,0,Spruce/Fir,0,1,0,0
3198.0,33.0,23.0,450.0,144.0,3648.0,209.0,184.0,102.0,1753.0,0,0,0,0,0,0,0,0,0,0,0,0,0,0,0,0,0,0,0,0,0,0,0,0,0,0,0,0,1,0,0,0,0,0,0,0,0,0,0,0,Spruce/Fir,0,0,1,0
2714.0,23.0,12.0,272.0,43.0,2264.0,212.0,214.0,136.0,2058.0,0,0,0,0,0,0,0,0,0,0,0,0,0,0,0,0,0,0,0,0,0,0,0,0,0,0,0,0,1,0,0,0,0,0,0,0,0,0,0,0,Douglas-fir,0,0,1,0
3098.0,189.0,10.0,67.0,3.0,1366.0,221.0,248.0,160.0,1699.0,0,0,0,0,0,0,0,0,0,0,0,0,0,0,0,0,0,0,0,0,0,0,0,0,0,0,0,0,0,0,0,1,0,0,0,0,0,0,0,0,Lodgepole Pine,0,0,1,0
3381.0,203.0,10.0,0.0,0.0,4260.0,215.0,250.0,168.0,3565.0,0,0,0,0,0,0,0,0,0,0,0,0,0,0,0,0,0,0,0,0,0,0,0,0,0,0,0,0,1,0,0,0,0,0,0,0,0,0,0,0,Krummholz,0,0,1,0
2995.0,72.0,17.0,175.0,23.0,5101.0,237.0,206.0,95.0,4165.0,0,0,0,0,0,0,0,0,0,0,0,0,0,0,0,0,0,0,0,0,0,0,0,0,0,0,0,0,1,0,0,0,0,0,0,0,0,0,0,0,Spruce/Fir,0,1,0,0
3077.0,156.0,22.0,366.0,43.0,5521.0,239.0,236.0,115.0,1650.0,0,0,0,0,0,0,0,0,0,0,0,0,0,0,0,0,0,0,0,0,0,0,0,0,0,0,0,0,1,0,0,0,0,0,0,0,0,0,0,0,Lodgepole Pine,0,1,0,0
3082.0,81.0,11.0,42.0,5.0,2080.0,235.0,221.0,117.0,1793.0,0,0,0,0,0,0,0,0,0,0,0,0,0,0,0,0,0,0,0,0,0,0,0,0,0,0,0,0,0,1,0,0,0,0,0,0,0,0,0,0,Spruce/Fir,0,1,0,0
2992.0,339.0,19.0,108.0,19.0,4821.0,176.0,209.0,170.0,1073.0,0,0,0,0,0,0,0,0,0,0,0,0,0,0,0,0,0,0,0,0,0,0,0,0,0,0,0,0,1,0,0,0,0,0,0,0,0,0,0,0,Lodgepole Pine,0,1,0,0
3147.0,278.0,13.0,323.0,20.0,3422.0,185.0,242.0,196.0,1115.0,0,0,0,0,0,0,0,0,0,0,0,0,0,0,0,0,0,0,0,0,0,0,0,0,0,0,0,0,1,0,0,0,0,0,0,0,0,0,0,0,Lodgepole Pine,0,1,0,0
3233.0,22.0,9.0,792.0,166.0,1114.0,214.0,220.0,141.0,1926.0,0,0,0,0,0,0,0,0,0,0,0,0,0,0,0,0,0,0,0,0,0,0,0,0,0,0,0,0,0,0,0,1,0,0,0,0,0,0,0,0,Spruce/Fir,0,0,1,0
3215.0,140.0,18.0,417.0,124.0,5234.0,244.0,232.0,111.0,1600.0,0,0,0,0,0,0,0,0,0,0,0,0,0,0,0,0,0,0,0,0,0,0,0,0,0,0,0,0,1,0,0,0,0,0,0,0,0,0,0,0,Spruce/Fir,0,1,0,0
3184.0,100.0,8.0,124.0,26.0,1012.0,234.0,229.0,127.0,2143.0,0,0,0,0,0,0,0,0,0,0,0,0,0,0,0,0,0,0,0,0,0,0,1,0,0,0,0,0,0,0,0,0,0,0,0,0,0,0,0,0,Spruce/Fir,1,0,0,0
3382.0,50.0,15.0,443.0,103.0,1914.0,226.0,207.0,112.0,1772.0,0,0,0,0,0,0,0,0,0,0,0,0,0,0,0,0,0,0,0,0,0,0,0,0,0,0,0,0,1,0,0,0,0,0,0,0,0,0,0,0,Spruce/Fir,0,1,0,0
3314.0,194.0,27.0,297.0,99.0,918.0,204.0,249.0,163.0,942.0,0,0,0,0,0,0,0,0,0,0,0,0,0,0,0,0,0,0,0,0,0,1,0,0,0,0,0,0,0,0,0,0,0,0,0,0,0,0,0,0,Spruce/Fir,0,1,0,0
2852.0,273.0,23.0,150.0,53.0,2317.0,154.0,239.0,222.0,1450.0,0,0,0,0,0,0,0,0,0,0,0,0,1,0,0,0,0,0,0,0,0,0,0,0,0,0,0,0,0,0,0,0,0,0,0,0,0,0,0,0,Spruce/Fir,0,0,1,0
2902.0,60.0,16.0,457.0,25.0,499.0,231.0,205.0,102.0,1627.0,0,0,0,0,0,0,0,0,0,0,0,0,0,0,0,0,0,0,0,0,0,0,0,0,0,0,0,0,1,0,0,0,0,0,0,0,0,0,0,0,Lodgepole Pine,0,1,0,0
2986.0,170.0,24.0,240.0,65.0,1416.0,230.0,242.0,130.0,912.0,0,0,0,0,0,0,0,0,0,0,0,0,0,0,0,0,0,0,0,0,0,0,0,0,0,0,0,0,1,0,0,0,0,0,0,0,0,0,0,0,Lodgepole Pine,0,1,0,0
3175.0,9.0,14.0,201.0,43.0,2202.0,204.0,212.0,144.0,2812.0,0,0,0,0,0,0,0,0,0,0,0,0,0,0,0,0,0,0,0,0,0,0,0,0,0,0,0,0,1,0,0,0,0,0,0,0,0,0,0,0,Spruce/Fir,0,0,1,0
2927.0,26.0,19.0,210.0,56.0,1350.0,208.0,197.0,119.0,2040.0,0,0,0,0,0,0,0,0,0,0,0,0,0,0,0,0,0,0,0,0,0,0,0,0,0,0,0,0,0,0,0,0,1,0,0,0,0,0,0,0,Lodgepole Pine,0,0,1,0
2864.0,196.0,27.0,212.0,113.0,1433.0,203.0,250.0,167.0,1811.0,0,0,0,0,0,0,0,0,0,0,0,0,1,0,0,0,0,0,0,0,0,0,0,0,0,0,0,0,0,0,0,0,0,0,0,0,0,0,0,0,Lodgepole Pine,0,0,1,0
2668.0,114.0,17.0,150.0,62.0,1570.0,247.0,220.0,95.0,1248.0,0,0,0,0,0,0,0,0,0,0,1,0,0,0,0,0,0,0,0,0,0,0,0,0,0,0,0,0,0,0,0,0,0,0,0,0,0,0,0,0,Ponderosa Pine,0,0,1,0
2834.0,41.0,9.0,201.0,34.0,1747.0,221.0,221.0,134.0,2609.0,0,0,0,0,0,0,0,0,0,0,0,0,0,0,0,0,0,0,0,0,0,0,0,0,0,1,0,0,0,0,0,0,0,0,0,0,0,0,0,0,Lodgepole Pine,0,0,1,0
2772.0,58.0,9.0,218.0,42.0,2532.0,227.0,221.0,128.0,2110.0,0,0,0,0,0,0,0,0,0,0,0,0,0,0,0,0,0,0,0,0,0,0,0,0,0,0,0,0,0,0,0,1,0,0,0,0,0,0,0,0,Ponderosa Pine,0,0,1,0
3034.0,345.0,19.0,201.0,2.0,1080.0,180.0,207.0,164.0,2190.0,0,0,0,0,0,0,0,0,0,0,0,0,0,0,0,0,0,0,0,0,0,0,0,0,0,0,0,0,0,0,0,1,0,0,0,0,0,0,0,0,Spruce/Fir,0,0,1,0
3008.0,45.0,6.0,180.0,23.0,2048.0,222.0,226.0,139.0,1319.0,0,0,0,0,0,0,0,0,0,0,0,0,0,0,0,0,0,0,0,0,0,0,0,0,0,0,0,0,0,0,0,1,0,0,0,0,0,0,0,0,Lodgepole Pine,0,0,1,0
3078.0,91.0,19.0,240.0,36.0,845.0,245.0,207.0,84.0,2081.0,0,0,0,0,0,0,0,0,0,0,0,0,0,0,0,0,0,0,0,0,0,0,0,0,0,0,0,0,1,0,0,0,0,0,0,0,0,0,0,0,Lodgepole Pine,0,1,0,0
2768.0,285.0,9.0,216.0,36.0,127.0,194.0,240.0,186.0,2110.0,0,0,0,0,0,0,0,0,0,1,0,0,0,0,0,0,0,0,0,0,0,0,0,0,0,0,0,0,0,0,0,0,0,0,0,0,0,0,0,0,Lodgepole Pine,0,0,1,0
2917.0,139.0,17.0,350.0,107.0,350.0,243.0,233.0,113.0,1318.0,0,0,0,0,0,0,0,0,0,0,0,0,0,0,0,0,0,0,0,0,0,0,0,0,0,0,0,0,1,0,0,0,0,0,0,0,0,0,0,0,Lodgepole Pine,0,1,0,0
3007.0,38.0,14.0,738.0,112.0,1265.0,219.0,208.0,121.0,1907.0,0,0,0,0,0,0,0,0,0,0,0,0,0,0,0,0,0,0,0,0,0,0,0,0,0,0,0,0,1,0,0,0,0,0,0,0,0,0,0,0,Spruce/Fir,0,0,1,0
3393.0,56.0,17.0,454.0,120.0,2168.0,229.0,203.0,101.0,2228.0,0,0,0,0,0,0,0,0,0,0,0,0,0,0,0,0,0,0,0,0,0,0,0,0,0,0,0,0,0,0,0,0,0,0,0,0,0,0,0,1,Spruce/Fir,0,0,1,0
3110.0,69.0,21.0,85.0,21.0,1456.0,237.0,194.0,79.0,1360.0,0,0,0,0,0,0,0,0,0,0,0,0,0,0,0,0,0,0,0,0,0,0,0,0,0,0,0,0,1,0,0,0,0,0,0,0,0,0,0,0,Lodgepole Pine,0,1,0,0
2936.0,195.0,7.0,95.0,17.0,5216.0,219.0,246.0,162.0,3578.0,0,0,0,0,0,0,0,0,0,0,0,0,0,0,0,0,0,0,0,0,0,0,0,0,0,0,0,0,1,0,0,0,0,0,0,0,0,0,0,0,Lodgepole Pine,0,1,0,0
3167.0,326.0,18.0,216.0,66.0,1184.0,172.0,217.0,183.0,2131.0,0,0,0,0,0,0,0,0,0,0,0,0,0,0,0,0,0,0,0,0,0,0,0,0,0,0,0,0,1,0,0,0,0,0,0,0,0,0,0,0,Spruce/Fir,0,1,0,0
2746.0,113.0,12.0,218.0,58.0,228.0,240.0,228.0,117.0,2490.0,0,0,0,0,0,0,0,0,0,0,0,0,0,0,0,0,0,0,0,0,0,0,0,0,0,0,0,0,1,0,0,0,0,0,0,0,0,0,0,0,Aspen,0,1,0,0
2370.0,72.0,11.0,30.0,6.0,698.0,233.0,218.0,116.0,1535.0,0,0,0,0,1,0,0,0,0,0,0,0,0,0,0,0,0,0,0,0,0,0,0,0,0,0,0,0,0,0,0,0,0,0,0,0,0,0,0,0,Douglas-fir,0,0,0,1
3235.0,59.0,1.0,67.0,4.0,618.0,220.0,235.0,152.0,1200.0,0,0,0,0,0,0,0,0,0,0,0,0,0,0,0,0,0,0,1,0,0,0,0,0,0,0,0,0,0,0,0,0,0,0,0,0,0,0,0,0,Spruce/Fir,1,0,0,0
3270.0,97.0,4.0,234.0,12.0,6181.0,226.0,234.0,143.0,351.0,0,0,0,0,0,0,0,0,0,0,0,0,0,0,0,0,0,0,0,0,0,1,0,0,0,0,0,0,0,0,0,0,0,0,0,0,0,0,0,0,Spruce/Fir,0,1,0,0
2766.0,119.0,14.0,67.0,9.0,1687.0,243.0,227.0,109.0,2880.0,0,0,0,0,0,0,0,0,0,0,0,0,0,0,0,0,0,0,0,0,0,0,0,0,0,0,0,0,1,0,0,0,0,0,0,0,0,0,0,0,Lodgepole Pine,0,1,0,0
2538.0,133.0,9.0,300.0,2.0,1194.0,234.0,236.0,133.0,4842.0,0,0,0,0,0,0,0,0,0,0,0,0,0,0,0,0,0,1,0,0,0,0,0,0,0,0,0,0,0,0,0,0,0,0,0,0,0,0,0,0,Lodgepole Pine,0,1,0,0
2939.0,60.0,13.0,60.0,11.0,4589.0,230.0,213.0,114.0,4549.0,0,0,0,0,0,0,0,0,0,0,0,0,0,0,0,0,0,0,0,0,0,0,0,0,0,0,0,0,1,0,0,0,0,0,0,0,0,0,0,0,Lodgepole Pine,0,1,0,0
2669.0,70.0,17.0,0.0,0.0,1383.0,236.0,205.0,96.0,751.0,0,0,0,0,0,0,0,0,0,0,0,0,0,0,0,0,0,0,0,0,0,0,1,0,0,0,0,0,0,0,0,0,0,0,0,0,0,0,0,0,Lodgepole Pine,0,1,0,0
2729.0,26.0,13.0,30.0,2.0,2100.0,213.0,211.0,131.0,323.0,0,0,0,0,0,0,0,0,0,0,0,0,0,0,0,0,0,0,0,0,0,0,0,0,0,0,0,0,0,0,0,0,1,0,0,0,0,0,0,0,Lodgepole Pine,0,0,1,0
3345.0,219.0,13.0,150.0,19.0,3150.0,205.0,252.0,182.0,1793.0,0,0,0,0,0,0,0,0,0,0,0,0,0,0,0,0,0,0,0,0,0,0,0,0,0,0,0,0,1,0,0,0,0,0,0,0,0,0,0,0,Spruce/Fir,0,0,1,0
3282.0,109.0,10.0,85.0,9.0,1910.0,238.0,229.0,121.0,2998.0,0,0,0,0,0,0,0,0,0,0,0,0,0,0,0,0,0,0,0,0,0,0,0,0,0,0,0,0,0,0,0,0,0,0,0,0,0,1,0,0,Spruce/Fir,0,1,0,0
2715.0,159.0,7.0,30.0,0.0,1337.0,228.0,242.0,146.0,2207.0,0,0,0,0,0,0,0,0,0,0,0,0,0,0,0,0,0,0,0,1,0,0,0,0,0,0,0,0,0,0,0,0,0,0,0,0,0,0,0,0,Lodgepole Pine,0,1,0,0
3353.0,107.0,18.0,42.0,13.0,1482.0,247.0,217.0,91.0,1634.0,0,0,0,0,0,0,0,0,0,0,0,0,0,0,0,0,0,0,0,0,0,0,0,0,0,0,0,0,0,0,0,0,0,0,0,0,0,1,0,0,Krummholz,1,0,0,0
3011.0,12.0,15.0,190.0,7.0,5225.0,204.0,209.0,140.0,4558.0,0,0,0,0,0,0,0,0,0,0,0,0,0,0,0,0,0,0,0,0,0,0,0,0,0,0,0,0,1,0,0,0,0,0,0,0,0,0,0,0,Lodgepole Pine,0,1,0,0
3232.0,256.0,7.0,124.0,8.0,5883.0,204.0,245.0,179.0,1358.0,0,0,0,0,0,0,0,0,0,0,0,0,0,0,0,0,0,0,0,0,0,1,0,0,0,0,0,0,0,0,0,0,0,0,0,0,0,0,0,0,Spruce/Fir,0,1,0,0
3320.0,171.0,16.0,313.0,41.0,3123.0,229.0,246.0,144.0,1348.0,0,0,0,0,0,0,0,0,0,0,0,0,0,0,0,0,0,0,0,0,0,0,0,0,0,0,0,0,0,0,0,1,0,0,0,0,0,0,0,0,Spruce/Fir,0,0,1,0
3046.0,51.0,6.0,42.0,0.0,4261.0,223.0,227.0,139.0,2436.0,0,0,0,0,0,0,0,0,0,0,0,0,0,0,0,0,0,0,0,0,0,0,0,0,0,0,0,0,1,0,0,0,0,0,0,0,0,0,0,0,Lodgepole Pine,0,1,0,0
2735.0,24.0,8.0,503.0,36.0,60.0,216.0,224.0,144.0,742.0,0,0,0,0,0,0,0,0,0,0,1,0,0,0,0,0,0,0,0,0,0,0,0,0,0,0,0,0,0,0,0,0,0,0,0,0,0,0,0,0,Aspen,0,0,1,0
2853.0,92.0,19.0,277.0,90.0,1595.0,246.0,207.0,82.0,1627.0,0,0,0,0,0,0,0,0,0,0,0,0,0,0,0,0,0,0,0,0,0,0,0,0,0,0,0,0,1,0,0,0,0,0,0,0,0,0,0,0,Aspen,0,0,1,0
3059.0,297.0,11.0,30.0,7.0,228.0,190.0,237.0,186.0,607.0,0,0,0,0,0,0,0,0,0,0,0,0,0,0,0,0,0,0,0,0,0,0,1,0,0,0,0,0,0,0,0,0,0,0,0,0,0,0,0,0,Spruce/Fir,1,0,0,0
2878.0,8.0,13.0,365.0,83.0,3157.0,204.0,213.0,145.0,1041.0,0,0,0,0,0,0,0,0,0,0,0,0,0,0,0,0,0,0,0,0,0,0,0,0,0,0,0,0,1,0,0,0,0,0,0,0,0,0,0,0,Lodgepole Pine,0,0,1,0
2895.0,322.0,10.0,95.0,5.0,2881.0,194.0,230.0,176.0,1731.0,0,0,0,0,0,0,0,0,0,0,0,0,0,0,0,0,0,0,0,0,0,1,0,0,0,0,0,0,0,0,0,0,0,0,0,0,0,0,0,0,Spruce/Fir,0,0,1,0
3158.0,110.0,9.0,234.0,42.0,371.0,236.0,230.0,126.0,2347.0,0,0,0,0,0,0,0,0,0,0,0,0,0,0,0,0,0,0,0,0,0,1,0,0,0,0,0,0,0,0,0,0,0,0,0,0,0,0,0,0,Spruce/Fir,0,1,0,0
2759.0,105.0,19.0,212.0,67.0,1637.0,249.0,212.0,84.0,1106.0,0,0,0,0,0,0,0,0,0,0,0,0,0,0,0,0,0,0,0,0,0,0,0,0,0,0,0,0,0,0,0,1,0,0,0,0,0,0,0,0,Lodgepole Pine,0,0,1,0
3188.0,74.0,12.0,108.0,8.0,2105.0,234.0,217.0,114.0,1756.0,0,0,0,0,0,0,0,0,0,0,0,0,0,0,0,0,0,0,0,0,0,0,0,0,0,0,0,0,1,0,0,0,0,0,0,0,0,0,0,0,Spruce/Fir,0,0,1,0
2992.0,347.0,12.0,421.0,16.0,5305.0,196.0,220.0,162.0,1464.0,0,0,0,0,0,0,0,0,0,0,0,0,0,0,0,0,0,0,0,0,0,0,0,0,0,0,0,0,1,0,0,0,0,0,0,0,0,0,0,0,Lodgepole Pine,0,1,0,0
2955.0,34.0,7.0,124.0,6.0,5152.0,219.0,224.0,141.0,2865.0,0,0,0,0,0,0,0,0,0,0,0,0,0,0,0,1,0,0,0,0,0,0,0,0,0,0,0,0,0,0,0,0,0,0,0,0,0,0,0,0,Spruce/Fir,0,1,0,0
3098.0,288.0,12.0,301.0,44.0,582.0,185.0,239.0,194.0,983.0,0,0,0,0,0,0,0,0,0,0,0,0,0,0,0,0,0,0,0,0,0,0,0,0,0,0,0,0,1,0,0,0,0,0,0,0,0,0,0,0,Lodgepole Pine,0,0,1,0
2525.0,46.0,20.0,182.0,27.0,892.0,222.0,192.0,97.0,934.0,0,0,0,0,0,0,0,0,0,1,0,0,0,0,0,0,0,0,0,0,0,0,0,0,0,0,0,0,0,0,0,0,0,0,0,0,0,0,0,0,Lodgepole Pine,0,0,1,0
2283.0,144.0,4.0,242.0,98.0,633.0,226.0,239.0,147.0,459.0,0,1,0,0,0,0,0,0,0,0,0,0,0,0,0,0,0,0,0,0,0,0,0,0,0,0,0,0,0,0,0,0,0,0,0,0,0,0,0,0,Ponderosa Pine,0,0,0,1
3195.0,185.0,5.0,30.0,0.0,2591.0,221.0,244.0,158.0,939.0,0,0,0,0,0,0,0,0,0,0,0,0,0,0,0,0,0,0,0,0,0,0,0,0,0,0,0,0,1,0,0,0,0,0,0,0,0,0,0,0,Spruce/Fir,0,1,0,0
2666.0,77.0,5.0,390.0,14.0,794.0,227.0,230.0,138.0,1667.0,0,0,0,0,0,0,0,0,0,0,0,1,0,0,0,0,0,0,0,0,0,0,0,0,0,0,0,0,0,0,0,0,0,0,0,0,0,0,0,0,Lodgepole Pine,0,1,0,0
3141.0,105.0,9.0,67.0,1.0,811.0,236.0,229.0,123.0,2164.0,0,0,0,0,0,0,0,0,0,0,0,0,0,0,0,0,0,0,0,0,0,0,0,0,0,0,0,0,1,0,0,0,0,0,0,0,0,0,0,0,Spruce/Fir,0,1,0,0
2972.0,195.0,7.0,402.0,56.0,5292.0,219.0,246.0,162.0,4367.0,0,0,0,0,0,0,0,0,0,0,0,0,0,0,0,0,0,0,0,0,0,0,0,0,0,0,0,0,1,0,0,0,0,0,0,0,0,0,0,0,Lodgepole Pine,0,1,0,0
3193.0,127.0,15.0,404.0,94.0,361.0,244.0,229.0,110.0,2584.0,0,0,0,0,0,0,0,0,0,0,0,0,0,0,0,0,0,0,0,0,0,0,0,0,0,0,0,0,0,0,0,1,0,0,0,0,0,0,0,0,Spruce/Fir,1,0,0,0
3109.0,212.0,17.0,180.0,50.0,577.0,204.0,254.0,181.0,1489.0,0,0,0,0,0,0,0,0,0,0,0,0,0,0,0,0,0,0,0,0,0,0,0,0,0,0,0,0,0,0,0,1,0,0,0,0,0,0,0,0,Lodgepole Pine,0,0,1,0
2973.0,108.0,18.0,300.0,75.0,2363.0,248.0,215.0,88.0,1909.0,0,0,0,0,0,0,0,0,0,0,0,0,0,0,0,0,0,0,0,0,0,0,0,0,0,0,0,0,1,0,0,0,0,0,0,0,0,0,0,0,Lodgepole Pine,0,0,1,0
3147.0,104.0,9.0,190.0,31.0,2341.0,236.0,229.0,124.0,3049.0,0,0,0,0,0,0,0,0,0,0,0,0,0,0,0,0,0,0,0,0,0,0,0,0,0,0,0,0,1,0,0,0,0,0,0,0,0,0,0,0,Spruce/Fir,0,0,1,0
3207.0,96.0,13.0,124.0,8.0,4253.0,241.0,220.0,107.0,1829.0,0,0,0,0,0,0,0,0,0,0,0,0,0,0,0,0,0,0,0,0,0,0,1,0,0,0,0,0,0,0,0,0,0,0,0,0,0,0,0,0,Spruce/Fir,0,1,0,0
2779.0,131.0,16.0,0.0,0.0,2790.0,244.0,230.0,111.0,2268.0,0,0,0,0,0,0,0,0,0,0,0,0,0,0,0,0,0,0,0,0,0,0,0,0,0,0,0,0,1,0,0,0,0,0,0,0,0,0,0,0,Aspen,0,1,0,0
2963.0,95.0,8.0,277.0,27.0,4039.0,234.0,228.0,126.0,1684.0,0,0,0,0,0,0,0,0,0,0,0,1,0,0,0,0,0,0,0,0,0,0,0,0,0,0,0,0,0,0,0,0,0,0,0,0,0,0,0,0,Lodgepole Pine,0,1,0,0
3209.0,65.0,15.0,30.0,3.0,4347.0,233.0,207.0,102.0,1931.0,0,0,0,0,0,0,0,0,0,0,0,0,0,0,0,0,0,0,0,0,0,0,0,0,0,0,0,0,1,0,0,0,0,0,0,0,0,0,0,0,Spruce/Fir,0,1,0,0
3014.0,102.0,13.0,0.0,0.0,2659.0,242.0,222.0,107.0,1397.0,0,0,0,0,0,0,0,0,0,0,0,0,0,0,0,0,0,0,0,0,0,0,0,0,0,0,0,0,1,0,0,0,0,0,0,0,0,0,0,0,Spruce/Fir,0,0,1,0
3345.0,117.0,16.0,255.0,45.0,2473.0,245.0,224.0,103.0,2563.0,0,0,0,0,0,0,0,0,0,0,0,0,0,0,0,0,0,0,0,0,0,0,0,0,0,0,0,0,0,0,0,0,0,0,0,0,0,0,1,0,Krummholz,0,1,0,0
2843.0,47.0,16.0,295.0,73.0,1945.0,224.0,202.0,108.0,2885.0,0,0,0,0,0,0,0,0,0,0,0,0,0,0,0,0,0,0,0,0,0,0,0,0,0,0,0,0,1,0,0,0,0,0,0,0,0,0,0,0,Lodgepole Pine,0,1,0,0
3131.0,17.0,13.0,212.0,15.0,1891.0,209.0,213.0,139.0,2858.0,0,0,0,0,0,0,0,0,0,0,0,0,0,0,0,0,0,0,0,0,0,0,0,0,0,0,0,0,1,0,0,0,0,0,0,0,0,0,0,0,Spruce/Fir,0,0,1,0
3094.0,77.0,8.0,474.0,43.0,5155.0,230.0,226.0,129.0,1645.0,0,0,0,0,0,0,0,0,0,0,0,0,0,0,0,0,0,0,0,0,0,0,0,0,0,0,0,0,1,0,0,0,0,0,0,0,0,0,0,0,Spruce/Fir,0,1,0,0
3052.0,129.0,20.0,90.0,3.0,663.0,248.0,224.0,94.0,1822.0,0,0,0,0,0,0,0,0,0,0,0,0,0,0,0,0,0,0,0,0,0,0,0,0,0,0,0,0,1,0,0,0,0,0,0,0,0,0,0,0,Spruce/Fir,0,1,0,0
2913.0,156.0,13.0,330.0,107.0,2030.0,235.0,241.0,134.0,1194.0,0,0,0,0,0,0,0,0,0,0,0,0,0,0,0,0,0,0,0,0,0,0,0,0,0,0,0,0,1,0,0,0,0,0,0,0,0,0,0,0,Lodgepole Pine,0,0,1,0
3248.0,67.0,17.0,162.0,39.0,1624.0,234.0,204.0,96.0,2670.0,0,0,0,0,0,0,0,0,0,0,0,0,0,0,0,0,0,0,0,0,0,0,0,0,0,0,0,0,1,0,0,0,0,0,0,0,0,0,0,0,Spruce/Fir,0,1,0,0
2603.0,121.0,11.0,30.0,3.0,2060.0,239.0,231.0,121.0,2185.0,0,0,0,0,0,0,0,0,0,0,1,0,0,0,0,0,0,0,0,0,0,0,0,0,0,0,0,0,0,0,0,0,0,0,0,0,0,0,0,0,Ponderosa Pine,0,0,1,0
3358.0,184.0,14.0,618.0,109.0,4473.0,223.0,249.0,156.0,2476.0,0,0,0,0,0,0,0,0,0,0,0,0,0,0,0,0,0,0,0,0,0,0,0,0,0,0,0,0,1,0,0,0,0,0,0,0,0,0,0,0,Krummholz,0,0,1,0
2920.0,7.0,21.0,218.0,77.0,1776.0,190.0,194.0,136.0,2694.0,0,0,0,0,0,0,0,0,0,0,0,0,0,0,0,0,0,0,0,0,0,0,0,0,0,0,0,0,0,0,0,0,1,0,0,0,0,0,0,0,Lodgepole Pine,0,0,1,0
2744.0,66.0,9.0,443.0,57.0,1624.0,229.0,223.0,127.0,612.0,0,0,0,0,0,0,0,0,0,0,0,0,0,0,0,0,0,0,0,0,0,0,0,0,0,0,0,0,1,0,0,0,0,0,0,0,0,0,0,0,Lodgepole Pine,0,1,0,0
2808.0,48.0,22.0,255.0,122.0,1537.0,222.0,186.0,87.0,1092.0,0,0,0,0,0,0,0,0,0,0,0,0,0,0,0,0,0,0,0,0,0,0,0,0,0,0,0,0,0,0,0,0,1,0,0,0,0,0,0,0,Lodgepole Pine,0,0,1,0
3241.0,200.0,6.0,190.0,38.0,2669.0,218.0,245.0,163.0,2642.0,0,0,0,0,0,0,0,0,0,0,0,0,0,0,0,0,0,0,0,0,0,0,0,0,0,0,0,0,1,0,0,0,0,0,0,0,0,0,0,0,Krummholz,0,1,0,0
2451.0,288.0,18.0,127.0,40.0,582.0,166.0,236.0,209.0,1697.0,0,0,0,0,0,0,0,0,0,1,0,0,0,0,0,0,0,0,0,0,0,0,0,0,0,0,0,0,0,0,0,0,0,0,0,0,0,0,0,0,Ponderosa Pine,0,0,0,1
2646.0,139.0,26.0,268.0,83.0,1506.0,248.0,222.0,86.0,969.0,0,0,0,1,0,0,0,0,0,0,0,0,0,0,0,0,0,0,0,0,0,0,0,0,0,0,0,0,0,0,0,0,0,0,0,0,0,0,0,0,Ponderosa Pine,0,0,1,0
2631.0,332.0,9.0,335.0,81.0,1542.0,198.0,228.0,170.0,1736.0,0,0,0,0,0,0,0,0,0,1,0,0,0,0,0,0,0,0,0,0,0,0,0,0,0,0,0,0,0,0,0,0,0,0,0,0,0,0,0,0,Lodgepole Pine,0,0,1,0
2897.0,357.0,28.0,42.0,8.0,1092.0,164.0,176.0,141.0,778.0,0,0,0,0,0,0,0,0,0,0,0,0,0,0,0,0,0,0,0,0,0,0,0,0,0,0,0,0,1,0,0,0,0,0,0,0,0,0,0,0,Lodgepole Pine,0,0,1,0
2980.0,35.0,8.0,170.0,21.0,934.0,219.0,224.0,140.0,2022.0,0,0,0,0,0,0,0,0,0,0,0,0,0,0,0,0,0,0,0,0,0,0,0,0,0,0,0,0,0,0,0,1,0,0,0,0,0,0,0,0,Lodgepole Pine,0,0,1,0
2750.0,54.0,4.0,360.0,11.0,1298.0,222.0,230.0,143.0,2244.0,0,0,0,0,0,0,0,0,0,0,0,0,0,0,0,0,0,0,0,0,0,0,0,0,0,0,0,0,1,0,0,0,0,0,0,0,0,0,0,0,Lodgepole Pine,0,1,0,0
3389.0,256.0,10.0,335.0,39.0,3535.0,197.0,246.0,187.0,2347.0,0,0,0,0,0,0,0,0,0,0,0,0,0,0,0,0,0,0,0,0,0,0,0,0,0,0,0,0,1,0,0,0,0,0,0,0,0,0,0,0,Krummholz,0,0,1,0
2793.0,21.0,25.0,300.0,2.0,2108.0,194.0,178.0,110.0,2047.0,0,0,0,0,0,0,0,0,0,0,0,0,0,0,0,0,0,0,0,0,0,0,0,0,0,0,0,0,1,0,0,0,0,0,0,0,0,0,0,0,Lodgepole Pine,0,0,1,0
2952.0,232.0,3.0,319.0,33.0,3795.0,215.0,242.0,164.0,841.0,0,0,0,0,0,0,0,0,0,0,0,0,0,0,0,0,0,0,0,0,0,0,0,0,0,0,0,0,1,0,0,0,0,0,0,0,0,0,0,0,Lodgepole Pine,0,1,0,0
3004.0,186.0,4.0,210.0,3.0,5459.0,220.0,243.0,158.0,1905.0,0,0,0,0,0,0,0,0,0,0,0,0,0,0,0,0,0,0,0,0,0,0,0,0,0,0,0,0,1,0,0,0,0,0,0,0,0,0,0,0,Lodgepole Pine,0,1,0,0
2965.0,54.0,6.0,85.0,20.0,5283.0,224.0,226.0,137.0,2532.0,0,0,0,0,0,0,0,0,0,0,0,0,0,0,0,0,0,0,0,0,0,0,0,0,0,0,0,0,1,0,0,0,0,0,0,0,0,0,0,0,Spruce/Fir,0,1,0,0
2733.0,344.0,4.0,175.0,20.0,2155.0,211.0,233.0,160.0,1461.0,0,0,0,0,0,0,0,0,0,0,0,0,0,0,0,0,0,0,0,0,0,0,0,0,0,0,0,0,1,0,0,0,0,0,0,0,0,0,0,0,Lodgepole Pine,0,1,0,0
2413.0,94.0,10.0,30.0,2.0,658.0,236.0,225.0,119.0,1601.0,0,0,0,0,0,1,0,0,0,0,0,0,0,0,0,0,0,0,0,0,0,0,0,0,0,0,0,0,0,0,0,0,0,0,0,0,0,0,0,0,Ponderosa Pine,0,0,0,1
2967.0,239.0,21.0,446.0,154.0,1793.0,178.0,252.0,207.0,759.0,0,0,0,0,0,0,0,0,0,0,0,0,0,0,0,0,0,0,0,0,0,0,0,0,0,0,0,0,1,0,0,0,0,0,0,0,0,0,0,0,Lodgepole Pine,0,0,1,0
2496.0,28.0,17.0,42.0,8.0,1205.0,211.0,201.0,121.0,1410.0,0,0,0,0,0,0,0,0,0,1,0,0,0,0,0,0,0,0,0,0,0,0,0,0,0,0,0,0,0,0,0,0,0,0,0,0,0,0,0,0,Lodgepole Pine,0,0,1,0
3086.0,44.0,22.0,376.0,39.0,4943.0,219.0,187.0,92.0,2581.0,0,0,0,0,0,0,0,0,0,0,0,0,0,0,0,0,0,0,0,0,0,0,0,0,0,0,0,0,1,0,0,0,0,0,0,0,0,0,0,0,Spruce/Fir,0,1,0,0
3154.0,37.0,12.0,658.0,27.0,2184.0,219.0,214.0,128.0,3238.0,0,0,0,0,0,0,0,0,0,0,0,0,0,0,0,0,0,0,0,0,0,0,0,0,0,0,0,0,1,0,0,0,0,0,0,0,0,0,0,0,Spruce/Fir,0,0,1,0
3132.0,270.0,6.0,85.0,5.0,968.0,205.0,242.0,176.0,1504.0,0,0,0,0,0,0,0,0,0,0,0,0,0,0,0,0,0,0,0,0,0,0,1,0,0,0,0,0,0,0,0,0,0,0,0,0,0,0,0,0,Spruce/Fir,0,0,1,0
2893.0,220.0,8.0,60.0,8.0,1637.0,211.0,248.0,173.0,1557.0,0,0,0,0,0,0,0,0,0,0,0,0,0,0,0,0,0,0,0,0,0,0,0,0,0,0,0,0,0,0,0,1,0,0,0,0,0,0,0,0,Aspen,0,0,1,0
2426.0,45.0,18.0,0.0,0.0,780.0,222.0,197.0,103.0,1429.0,0,0,0,0,0,0,0,0,0,1,0,0,0,0,0,0,0,0,0,0,0,0,0,0,0,0,0,0,0,0,0,0,0,0,0,0,0,0,0,0,Douglas-fir,0,0,1,0
2884.0,236.0,23.0,170.0,46.0,830.0,174.0,253.0,209.0,242.0,0,0,0,0,0,0,0,0,0,0,0,0,1,0,0,0,0,0,0,0,0,0,0,0,0,0,0,0,0,0,0,0,0,0,0,0,0,0,0,0,Lodgepole Pine,0,0,1,0
2872.0,328.0,7.0,90.0,26.0,1698.0,203.0,232.0,168.0,1315.0,0,0,0,0,0,0,0,0,0,0,0,0,0,0,0,0,0,0,0,0,0,0,0,0,0,0,0,0,1,0,0,0,0,0,0,0,0,0,0,0,Lodgepole Pine,0,0,1,0
2781.0,55.0,20.0,228.0,5.0,1231.0,228.0,193.0,90.0,2280.0,0,0,0,0,0,0,0,0,0,0,0,0,0,0,0,0,0,0,0,0,0,0,0,0,0,0,0,0,1,0,0,0,0,0,0,0,0,0,0,0,Lodgepole Pine,0,0,1,0
2814.0,130.0,8.0,335.0,23.0,2460.0,234.0,236.0,134.0,2647.0,0,0,0,0,0,0,0,0,0,0,0,1,0,0,0,0,0,0,0,0,0,0,0,0,0,0,0,0,0,0,0,0,0,0,0,0,0,0,0,0,Lodgepole Pine,0,1,0,0
3210.0,55.0,4.0,691.0,26.0,997.0,222.0,231.0,145.0,2042.0,0,0,0,0,0,0,0,0,0,0,0,0,0,0,0,0,0,0,0,0,0,0,0,0,0,0,0,0,0,0,1,0,0,0,0,0,0,0,0,0,Spruce/Fir,0,0,1,0
3123.0,359.0,23.0,182.0,29.0,2480.0,180.0,191.0,144.0,741.0,0,0,0,0,0,0,0,0,0,0,0,0,0,0,0,0,0,0,0,0,0,0,1,0,0,0,0,0,0,0,0,0,0,0,0,0,0,0,0,0,Spruce/Fir,0,0,1,0
2998.0,103.0,14.0,216.0,4.0,4198.0,242.0,222.0,106.0,765.0,0,0,0,0,0,0,0,0,0,0,0,0,0,0,0,0,0,0,0,0,0,0,0,0,0,0,0,0,1,0,0,0,0,0,0,0,0,0,0,0,Lodgepole Pine,0,1,0,0
3335.0,93.0,16.0,592.0,125.0,524.0,243.0,215.0,97.0,212.0,0,0,0,0,0,0,0,0,0,0,0,0,0,0,0,0,0,0,0,0,0,0,0,0,0,0,0,0,1,0,0,0,0,0,0,0,0,0,0,0,Krummholz,1,0,0,0
3234.0,344.0,7.0,108.0,11.0,3663.0,206.0,229.0,162.0,1653.0,0,0,0,0,0,0,0,0,0,0,0,0,0,0,0,0,0,0,0,0,0,0,0,0,0,0,0,0,0,0,0,0,0,0,0,0,0,0,1,0,Spruce/Fir,0,1,0,0
3237.0,18.0,15.0,671.0,30.0,1719.0,207.0,207.0,134.0,2792.0,0,0,0,0,0,0,0,0,0,0,0,0,0,0,0,0,0,0,0,0,0,0,0,0,0,0,0,0,0,0,0,1,0,0,0,0,0,0,0,0,Spruce/Fir,0,0,1,0
2943.0,65.0,24.0,228.0,90.0,277.0,234.0,185.0,70.0,1262.0,0,0,0,0,0,0,0,0,0,0,0,0,0,0,0,0,0,0,0,0,0,0,0,0,0,0,0,0,1,0,0,0,0,0,0,0,0,0,0,0,Spruce/Fir,0,1,0,0
2886.0,206.0,31.0,150.0,45.0,806.0,185.0,250.0,181.0,323.0,0,0,0,0,0,0,0,0,0,0,0,0,0,0,0,0,0,0,0,0,0,0,0,0,0,0,0,0,1,0,0,0,0,0,0,0,0,0,0,0,Lodgepole Pine,0,0,1,0
3269.0,88.0,15.0,42.0,8.0,1549.0,241.0,214.0,99.0,2912.0,0,0,0,0,0,0,0,0,0,0,0,0,0,0,0,0,0,0,0,0,0,0,0,0,0,0,0,0,1,0,0,0,0,0,0,0,0,0,0,0,Spruce/Fir,0,1,0,0
2890.0,320.0,4.0,295.0,64.0,2639.0,210.0,236.0,164.0,2249.0,0,0,0,0,0,0,0,0,0,0,0,1,0,0,0,0,0,0,0,0,0,0,0,0,0,0,0,0,0,0,0,0,0,0,0,0,0,0,0,0,Lodgepole Pine,0,1,0,0
2694.0,183.0,12.0,190.0,26.0,1590.0,223.0,248.0,156.0,836.0,0,0,0,0,0,0,0,0,0,0,0,1,0,0,0,0,0,0,0,0,0,0,0,0,0,0,0,0,0,0,0,0,0,0,0,0,0,0,0,0,Lodgepole Pine,0,1,0,0
3023.0,44.0,19.0,180.0,56.0,741.0,221.0,194.0,100.0,618.0,0,0,0,0,0,0,0,0,0,0,0,0,0,0,0,0,0,0,0,0,0,0,0,0,0,0,0,0,1,0,0,0,0,0,0,0,0,0,0,0,Spruce/Fir,0,1,0,0
3053.0,286.0,14.0,95.0,23.0,1345.0,179.0,239.0,199.0,2568.0,0,0,0,0,0,0,0,0,0,0,0,0,0,0,0,0,0,0,0,0,0,1,0,0,0,0,0,0,0,0,0,0,0,0,0,0,0,0,0,0,Spruce/Fir,0,0,1,0
2899.0,149.0,15.0,283.0,86.0,2082.0,238.0,238.0,126.0,1136.0,0,0,0,0,0,0,0,0,0,0,0,0,0,0,0,0,0,0,0,0,0,0,0,0,0,0,0,0,1,0,0,0,0,0,0,0,0,0,0,0,Lodgepole Pine,0,0,1,0
3088.0,209.0,12.0,42.0,3.0,2230.0,211.0,251.0,174.0,190.0,0,0,0,0,0,0,0,0,0,0,0,0,0,0,0,0,0,0,0,0,0,0,0,0,0,0,0,0,0,0,1,0,0,0,0,0,0,0,0,0,Spruce/Fir,0,0,1,0
2647.0,72.0,15.0,552.0,28.0,849.0,236.0,209.0,100.0,2676.0,0,0,0,0,0,0,0,0,0,0,0,1,0,0,0,0,0,0,0,0,0,0,0,0,0,0,0,0,0,0,0,0,0,0,0,0,0,0,0,0,Lodgepole Pine,0,1,0,0
2852.0,7.0,12.0,240.0,41.0,1403.0,205.0,216.0,148.0,2862.0,0,0,0,0,0,0,0,0,0,0,1,0,0,0,0,0,0,0,0,0,0,0,0,0,0,0,0,0,0,0,0,0,0,0,0,0,0,0,0,0,Spruce/Fir,0,0,1,0
3375.0,331.0,26.0,362.0,148.0,3506.0,150.0,197.0,182.0,3810.0,0,0,0,0,0,0,0,0,0,0,0,0,0,0,0,0,0,0,0,0,0,0,0,0,0,0,0,0,0,0,0,0,0,0,0,0,0,0,1,0,Spruce/Fir,0,1,0,0
3251.0,174.0,15.0,309.0,44.0,4250.0,228.0,246.0,146.0,2224.0,0,0,0,0,0,0,0,0,0,0,0,0,0,0,0,0,0,0,0,0,0,0,0,0,0,0,0,0,1,0,0,0,0,0,0,0,0,0,0,0,Spruce/Fir,0,0,1,0
2884.0,179.0,15.0,335.0,136.0,1770.0,225.0,248.0,151.0,1048.0,0,0,0,0,0,0,0,0,0,0,0,0,0,0,0,0,0,0,0,0,0,0,0,0,0,0,0,0,1,0,0,0,0,0,0,0,0,0,0,0,Lodgepole Pine,0,0,1,0
3013.0,144.0,4.0,300.0,36.0,4736.0,226.0,239.0,147.0,127.0,0,0,0,0,0,0,0,0,0,0,0,0,0,0,0,0,0,0,0,0,0,0,0,0,0,0,0,0,1,0,0,0,0,0,0,0,0,0,0,0,Lodgepole Pine,0,1,0,0
3231.0,264.0,14.0,127.0,23.0,882.0,184.0,246.0,201.0,1890.0,0,0,0,0,0,0,0,0,0,0,0,0,0,0,0,0,0,0,0,0,0,0,0,0,0,0,0,0,1,0,0,0,0,0,0,0,0,0,0,0,Spruce/Fir,1,0,0,0
3220.0,216.0,20.0,42.0,14.0,837.0,195.0,254.0,189.0,2073.0,0,0,0,0,0,0,0,0,0,0,0,0,0,0,0,0,0,0,0,0,0,0,0,0,0,0,0,0,1,0,0,0,0,0,0,0,0,0,0,0,Spruce/Fir,1,0,0,0
2764.0,62.0,22.0,0.0,0.0,1362.0,233.0,190.0,80.0,1782.0,0,0,0,0,0,0,0,0,0,0,0,0,1,0,0,0,0,0,0,0,0,0,0,0,0,0,0,0,0,0,0,0,0,0,0,0,0,0,0,0,Lodgepole Pine,0,0,1,0
2824.0,342.0,3.0,30.0,0.0,1015.0,213.0,235.0,159.0,1290.0,0,0,0,0,0,0,0,0,0,0,0,0,0,0,0,0,0,0,0,0,0,0,1,0,0,0,0,0,0,0,0,0,0,0,0,0,0,0,0,0,Spruce/Fir,0,0,1,0
3004.0,241.0,6.0,402.0,27.0,1409.0,209.0,245.0,174.0,1530.0,0,0,0,0,0,0,0,0,0,0,0,0,0,0,0,0,0,0,0,0,0,0,0,0,0,0,0,0,0,0,0,1,0,0,0,0,0,0,0,0,Spruce/Fir,0,0,1,0
2974.0,59.0,12.0,309.0,72.0,1994.0,229.0,215.0,117.0,1131.0,0,0,0,0,0,0,0,0,0,0,0,0,0,0,0,0,0,0,0,0,0,0,0,0,0,0,0,0,1,0,0,0,0,0,0,0,0,0,0,0,Lodgepole Pine,0,1,0,0
2903.0,224.0,20.0,134.0,58.0,968.0,189.0,254.0,196.0,272.0,0,0,0,0,0,0,0,0,0,0,0,0,0,0,0,0,0,0,0,0,0,0,0,0,0,0,0,0,1,0,0,0,0,0,0,0,0,0,0,0,Lodgepole Pine,0,0,1,0
3109.0,62.0,13.0,30.0,3.0,759.0,230.0,214.0,114.0,1871.0,0,0,0,0,0,0,0,0,0,0,0,0,0,0,0,0,0,0,0,0,0,1,0,0,0,0,0,0,0,0,0,0,0,0,0,0,0,0,0,0,Spruce/Fir,0,0,1,0
3315.0,198.0,9.0,480.0,20.0,1060.0,217.0,248.0,165.0,1173.0,0,0,0,0,0,0,0,0,0,0,0,0,0,0,0,0,0,0,0,0,0,0,0,0,0,0,0,0,0,0,0,1,0,0,0,0,0,0,0,0,Spruce/Fir,0,0,1,0
3131.0,186.0,6.0,466.0,62.0,1198.0,221.0,245.0,158.0,1082.0,0,0,0,0,0,0,0,0,0,0,0,0,0,0,0,0,0,0,0,0,0,0,1,0,0,0,0,0,0,0,0,0,0,0,0,0,0,0,0,0,Spruce/Fir,0,0,1,0
3080.0,121.0,6.0,190.0,16.0,3850.0,230.0,235.0,139.0,365.0,0,0,0,0,0,0,0,0,0,0,0,0,0,0,0,0,0,0,0,0,0,0,0,0,0,0,0,0,1,0,0,0,0,0,0,0,0,0,0,0,Lodgepole Pine,0,1,0,0
2824.0,122.0,24.0,175.0,44.0,2151.0,252.0,212.0,72.0,1445.0,0,0,0,0,0,0,0,0,0,0,0,0,0,0,0,0,0,0,0,0,0,0,0,0,0,0,0,0,1,0,0,0,0,0,0,0,0,0,0,0,Aspen,0,0,1,0
2231.0,230.0,16.0,30.0,0.0,1106.0,194.0,253.0,194.0,553.0,1,0,0,0,0,0,0,0,0,0,0,0,0,0,0,0,0,0,0,0,0,0,0,0,0,0,0,0,0,0,0,0,0,0,0,0,0,0,0,0,Ponderosa Pine,0,0,0,1
2558.0,351.0,6.0,210.0,4.0,808.0,210.0,230.0,159.0,631.0,0,0,0,0,0,0,0,0,0,0,0,0,0,0,0,0,0,0,0,0,0,0,0,0,0,0,0,0,0,1,0,0,0,0,0,0,0,0,0,0,Lodgepole Pine,0,1,0,0
3095.0,325.0,8.0,90.0,17.0,912.0,201.0,232.0,170.0,2577.0,0,0,0,0,0,0,0,0,0,0,0,0,0,0,0,0,0,0,0,0,0,0,0,0,0,0,0,0,0,1,0,0,0,0,0,0,0,0,0,0,Spruce/Fir,0,1,0,0
3002.0,249.0,20.0,242.0,60.0,5791.0,173.0,250.0,212.0,1861.0,0,0,0,0,0,0,0,0,0,0,0,0,0,0,0,0,0,0,0,0,0,0,0,0,0,0,0,0,1,0,0,0,0,0,0,0,0,0,0,0,Spruce/Fir,0,1,0,0
3289.0,51.0,25.0,361.0,99.0,924.0,222.0,176.0,74.0,1758.0,0,0,0,0,0,0,0,0,0,0,0,0,0,0,0,0,0,0,0,0,0,0,0,0,0,0,0,0,0,0,0,0,0,0,0,0,0,0,1,0,Spruce/Fir,1,0,0,0
2900.0,120.0,16.0,150.0,47.0,1440.0,245.0,225.0,104.0,2222.0,0,0,0,0,0,0,0,0,0,0,0,0,0,0,0,0,0,0,0,0,0,0,0,0,0,0,0,0,0,0,1,0,0,0,0,0,0,0,0,0,Lodgepole Pine,0,0,1,0
3101.0,339.0,4.0,277.0,38.0,4674.0,211.0,234.0,161.0,2949.0,0,0,0,0,0,0,0,0,0,0,0,0,0,0,0,0,0,0,0,0,0,0,0,0,0,0,0,0,1,0,0,0,0,0,0,0,0,0,0,0,Spruce/Fir,0,1,0,0
2700.0,61.0,17.0,175.0,26.0,190.0,232.0,203.0,99.0,2292.0,0,0,0,0,0,0,0,0,0,0,0,0,0,0,0,0,0,0,0,0,0,0,0,0,0,0,0,0,1,0,0,0,0,0,0,0,0,0,0,0,Aspen,0,1,0,0
3001.0,225.0,10.0,342.0,3.0,1866.0,207.0,249.0,179.0,842.0,0,0,0,0,0,0,0,0,0,0,0,0,0,0,0,0,0,0,0,0,0,0,0,0,0,0,0,0,0,0,1,0,0,0,0,0,0,0,0,0,Lodgepole Pine,0,0,1,0
3105.0,26.0,6.0,162.0,29.0,837.0,217.0,227.0,146.0,1499.0,0,0,0,0,0,0,0,0,0,0,0,0,0,0,0,0,0,0,0,0,0,0,0,0,0,0,0,0,1,0,0,0,0,0,0,0,0,0,0,0,Lodgepole Pine,0,0,1,0
2815.0,44.0,19.0,134.0,55.0,2457.0,221.0,194.0,100.0,2912.0,0,0,0,0,0,0,0,0,0,0,0,0,0,0,0,0,0,0,0,0,0,0,0,0,0,0,0,0,1,0,0,0,0,0,0,0,0,0,0,0,Lodgepole Pine,0,1,0,0
2885.0,25.0,9.0,124.0,17.0,3050.0,216.0,221.0,141.0,2609.0,0,0,0,0,0,0,0,0,0,0,0,0,0,0,0,0,0,0,0,0,0,0,1,0,0,0,0,0,0,0,0,0,0,0,0,0,0,0,0,0,Lodgepole Pine,0,1,0,0
2634.0,357.0,9.0,60.0,5.0,785.0,207.0,225.0,156.0,1556.0,0,0,0,0,0,0,0,0,0,0,0,0,0,0,0,0,0,0,0,0,0,0,0,0,0,0,0,0,1,0,0,0,0,0,0,0,0,0,0,0,Lodgepole Pine,0,1,0,0
2884.0,315.0,10.0,0.0,0.0,2748.0,194.0,232.0,178.0,524.0,0,0,0,0,0,0,0,0,0,0,0,0,0,0,0,0,0,0,0,0,0,0,0,0,0,0,0,0,1,0,0,0,0,0,0,0,0,0,0,0,Spruce/Fir,0,0,1,0
3230.0,111.0,6.0,474.0,17.0,5468.0,230.0,234.0,137.0,1396.0,0,0,0,0,0,0,0,0,0,0,0,0,0,0,0,0,0,0,0,0,0,1,0,0,0,0,0,0,0,0,0,0,0,0,0,0,0,0,0,0,Spruce/Fir,0,1,0,0
2796.0,58.0,6.0,30.0,3.0,1387.0,224.0,228.0,138.0,2389.0,0,0,0,0,0,0,0,0,0,0,0,0,0,0,0,0,0,0,0,1,0,0,0,0,0,0,0,0,0,0,0,0,0,0,0,0,0,0,0,0,Lodgepole Pine,0,1,0,0
2407.0,59.0,21.0,30.0,9.0,757.0,231.0,190.0,83.0,860.0,1,0,0,0,0,0,0,0,0,0,0,0,0,0,0,0,0,0,0,0,0,0,0,0,0,0,0,0,0,0,0,0,0,0,0,0,0,0,0,0,Ponderosa Pine,0,0,0,1
2876.0,104.0,16.0,120.0,6.0,3262.0,245.0,218.0,98.0,4194.0,0,0,0,0,0,0,0,0,0,0,0,0,0,0,0,0,0,0,0,0,0,0,0,0,0,0,0,0,1,0,0,0,0,0,0,0,0,0,0,0,Lodgepole Pine,0,1,0,0
2815.0,319.0,9.0,90.0,3.0,3240.0,198.0,232.0,174.0,2733.0,0,0,0,0,0,0,0,0,0,0,0,0,0,0,0,0,0,0,0,0,0,0,0,0,0,0,0,0,1,0,0,0,0,0,0,0,0,0,0,0,Lodgepole Pine,0,1,0,0
3060.0,349.0,5.0,242.0,15.0,3364.0,211.0,232.0,159.0,1487.0,0,0,0,0,0,0,0,0,0,0,0,0,0,0,0,0,0,0,0,0,0,0,1,0,0,0,0,0,0,0,0,0,0,0,0,0,0,0,0,0,Lodgepole Pine,0,1,0,0
2790.0,26.0,21.0,201.0,17.0,1926.0,205.0,189.0,113.0,2408.0,0,0,0,0,0,0,0,0,0,0,0,0,0,0,0,0,0,0,0,0,0,0,0,0,0,0,0,0,1,0,0,0,0,0,0,0,0,0,0,0,Lodgepole Pine,0,1,0,0
2293.0,27.0,14.0,268.0,55.0,616.0,213.0,210.0,130.0,484.0,0,0,0,0,0,1,0,0,0,0,0,0,0,0,0,0,0,0,0,0,0,0,0,0,0,0,0,0,0,0,0,0,0,0,0,0,0,0,0,0,Ponderosa Pine,0,0,0,1
2766.0,145.0,8.0,216.0,36.0,2613.0,231.0,239.0,140.0,2084.0,0,0,0,0,0,0,0,0,0,0,1,0,0,0,0,0,0,0,0,0,0,0,0,0,0,0,0,0,0,0,0,0,0,0,0,0,0,0,0,0,Aspen,0,0,1,0
3282.0,303.0,18.0,67.0,48.0,4636.0,167.0,228.0,200.0,703.0,0,0,0,0,0,0,0,0,0,0,0,0,0,0,0,0,0,0,0,0,0,0,0,0,0,0,0,0,1,0,0,0,0,0,0,0,0,0,0,0,Lodgepole Pine,0,1,0,0
2730.0,112.0,11.0,150.0,4.0,1211.0,239.0,228.0,119.0,1423.0,0,0,0,0,0,0,0,0,0,0,0,1,0,0,0,0,0,0,0,0,0,0,0,0,0,0,0,0,0,0,0,0,0,0,0,0,0,0,0,0,Lodgepole Pine,0,1,0,0
2626.0,250.0,22.0,90.0,14.0,1315.0,167.0,249.0,216.0,1473.0,0,0,1,0,0,0,0,0,0,0,0,0,0,0,0,0,0,0,0,0,0,0,0,0,0,0,0,0,0,0,0,0,0,0,0,0,0,0,0,0,Lodgepole Pine,0,0,1,0
3222.0,128.0,3.0,30.0,1.0,4519.0,224.0,237.0,149.0,1894.0,0,0,0,0,0,0,0,0,0,0,0,0,0,0,0,0,0,0,0,0,0,0,0,0,0,0,0,0,1,0,0,0,0,0,0,0,0,0,0,0,Spruce/Fir,0,1,0,0
2673.0,86.0,22.0,474.0,88.0,1194.0,246.0,196.0,68.0,1511.0,0,0,0,0,0,0,0,0,0,0,0,0,0,0,0,0,0,0,0,0,0,0,1,0,0,0,0,0,0,0,0,0,0,0,0,0,0,0,0,0,Lodgepole Pine,0,1,0,0
2698.0,95.0,6.0,457.0,81.0,812.0,229.0,231.0,136.0,876.0,0,0,0,0,0,0,0,0,0,0,0,1,0,0,0,0,0,0,0,0,0,0,0,0,0,0,0,0,0,0,0,0,0,0,0,0,0,0,0,0,Lodgepole Pine,0,1,0,0
2865.0,346.0,10.0,0.0,0.0,1084.0,201.0,225.0,162.0,1773.0,0,0,0,0,0,0,0,0,0,0,0,0,0,0,0,0,0,0,0,0,0,0,0,0,0,0,0,0,0,1,0,0,0,0,0,0,0,0,0,0,Spruce/Fir,0,1,0,0
3095.0,61.0,18.0,242.0,78.0,1415.0,232.0,201.0,95.0,1154.0,0,0,0,0,0,0,0,0,0,0,0,0,0,0,0,0,0,0,0,0,0,0,0,0,0,0,0,0,0,0,0,1,0,0,0,0,0,0,0,0,Spruce/Fir,0,0,1,0
2676.0,350.0,8.0,283.0,111.0,674.0,205.0,226.0,159.0,2007.0,0,0,0,0,0,0,0,0,0,0,0,0,0,0,0,0,0,0,0,0,0,0,0,0,0,0,0,0,1,0,0,0,0,0,0,0,0,0,0,0,Lodgepole Pine,0,1,0,0
2911.0,93.0,5.0,0.0,0.0,4304.0,227.0,233.0,140.0,4230.0,0,0,0,0,0,0,0,0,0,0,0,0,0,0,0,0,0,0,0,0,0,0,1,0,0,0,0,0,0,0,0,0,0,0,0,0,0,0,0,0,Lodgepole Pine,0,1,0,0
3016.0,80.0,14.0,408.0,77.0,402.0,238.0,213.0,102.0,1958.0,0,0,0,0,0,0,0,0,0,0,0,0,0,0,0,0,0,0,0,0,0,0,0,0,0,0,0,0,0,0,0,0,1,0,0,0,0,0,0,0,Lodgepole Pine,0,0,1,0
2889.0,260.0,12.0,256.0,34.0,1022.0,190.0,247.0,195.0,1935.0,0,0,0,0,0,0,0,0,0,0,0,0,1,0,0,0,0,0,0,0,0,0,0,0,0,0,0,0,0,0,0,0,0,0,0,0,0,0,0,0,Spruce/Fir,0,0,1,0
3250.0,6.0,17.0,175.0,27.0,3245.0,197.0,205.0,142.0,3337.0,0,0,0,0,0,0,0,0,0,0,0,0,0,0,0,0,0,0,0,0,0,0,0,1,0,0,0,0,0,0,0,0,0,0,0,0,0,0,0,0,Lodgepole Pine,0,0,1,0
2738.0,330.0,19.0,268.0,91.0,1976.0,173.0,214.0,179.0,2162.0,0,0,0,0,0,0,0,0,0,1,0,0,0,0,0,0,0,0,0,0,0,0,0,0,0,0,0,0,0,0,0,0,0,0,0,0,0,0,0,0,Douglas-fir,0,0,1,0
3179.0,300.0,24.0,95.0,26.0,3944.0,147.0,222.0,212.0,1595.0,0,0,0,0,0,0,0,0,0,0,0,0,0,0,0,0,0,0,0,0,0,0,0,0,0,0,0,0,1,0,0,0,0,0,0,0,0,0,0,0,Spruce/Fir,0,1,0,0
2373.0,243.0,17.0,90.0,18.0,782.0,185.0,251.0,202.0,1578.0,0,0,0,0,0,1,0,0,0,0,0,0,0,0,0,0,0,0,0,0,0,0,0,0,0,0,0,0,0,0,0,0,0,0,0,0,0,0,0,0,Douglas-fir,0,0,0,1
2912.0,69.0,26.0,150.0,80.0,360.0,237.0,178.0,56.0,256.0,0,0,0,0,0,0,0,0,0,0,0,0,0,0,0,0,0,0,0,0,0,0,0,0,0,0,0,0,0,0,0,0,1,0,0,0,0,0,0,0,Lodgepole Pine,0,0,1,0
3165.0,221.0,17.0,90.0,8.0,1831.0,198.0,254.0,188.0,4262.0,0,0,0,0,0,0,0,0,0,0,0,0,0,0,0,0,0,0,0,0,0,0,1,0,0,0,0,0,0,0,0,0,0,0,0,0,0,0,0,0,Spruce/Fir,1,0,0,0
3140.0,31.0,7.0,201.0,12.0,2497.0,218.0,225.0,143.0,1383.0,0,0,0,0,0,0,0,0,0,0,0,0,0,0,0,0,0,0,0,0,0,0,0,0,0,0,0,0,1,0,0,0,0,0,0,0,0,0,0,0,Spruce/Fir,0,1,0,0
2712.0,10.0,11.0,127.0,22.0,1450.0,209.0,219.0,147.0,3142.0,0,0,0,0,0,0,0,0,0,0,0,0,0,0,0,0,0,0,0,0,0,0,0,0,0,0,0,0,0,1,0,0,0,0,0,0,0,0,0,0,Lodgepole Pine,0,1,0,0
3043.0,141.0,3.0,457.0,21.0,4698.0,224.0,238.0,150.0,1201.0,0,0,0,0,0,0,0,0,0,0,0,0,0,0,0,0,0,0,0,0,0,0,0,0,0,0,0,0,1,0,0,0,0,0,0,0,0,0,0,0,Spruce/Fir,0,1,0,0
3383.0,30.0,4.0,474.0,54.0,1560.0,218.0,231.0,149.0,2277.0,0,0,0,0,0,0,0,0,0,0,0,0,0,0,0,0,0,0,0,0,0,0,0,0,0,0,0,0,1,0,0,0,0,0,0,0,0,0,0,0,Spruce/Fir,0,0,1,0
3003.0,26.0,10.0,134.0,7.0,1113.0,215.0,218.0,138.0,1530.0,0,0,0,0,0,0,0,0,0,0,0,0,0,0,0,0,0,0,0,0,0,0,0,0,0,0,0,0,1,0,0,0,0,0,0,0,0,0,0,0,Spruce/Fir,0,0,1,0
2909.0,231.0,19.0,60.0,16.0,2097.0,187.0,254.0,199.0,1381.0,0,0,0,0,0,0,0,0,0,0,0,0,0,0,0,0,0,0,0,0,0,0,0,0,0,0,0,0,0,0,0,0,1,0,0,0,0,0,0,0,Lodgepole Pine,0,0,1,0
2837.0,66.0,13.0,162.0,10.0,1891.0,232.0,213.0,110.0,2629.0,0,0,0,0,0,0,0,0,0,0,0,0,0,0,0,0,0,0,0,0,0,0,0,0,0,0,0,0,1,0,0,0,0,0,0,0,0,0,0,0,Lodgepole Pine,0,0,1,0
2382.0,340.0,21.0,437.0,76.0,977.0,170.0,204.0,170.0,1170.0,0,0,0,0,0,0,0,0,0,1,0,0,0,0,0,0,0,0,0,0,0,0,0,0,0,0,0,0,0,0,0,0,0,0,0,0,0,0,0,0,Douglas-fir,0,0,0,1
3149.0,95.0,8.0,216.0,7.0,3798.0,234.0,228.0,126.0,4747.0,0,0,0,0,0,0,0,0,0,0,0,0,0,0,0,0,0,0,0,0,0,0,0,0,0,0,0,0,1,0,0,0,0,0,0,0,0,0,0,0,Lodgepole Pine,0,1,0,0
3119.0,336.0,5.0,180.0,23.0,2123.0,209.0,233.0,162.0,2026.0,0,0,0,0,0,0,0,0,0,0,0,0,0,0,0,0,0,0,0,0,0,0,0,0,0,0,0,0,1,0,0,0,0,0,0,0,0,0,0,0,Spruce/Fir,0,1,0,0
2526.0,347.0,13.0,42.0,3.0,1425.0,196.0,219.0,162.0,1381.0,0,0,0,0,0,0,0,0,0,0,0,0,0,0,0,0,0,0,0,0,0,0,0,0,0,0,0,0,1,0,0,0,0,0,0,0,0,0,0,0,Douglas-fir,0,0,1,0
2529.0,301.0,18.0,60.0,17.0,162.0,165.0,229.0,203.0,782.0,0,0,0,0,0,0,0,0,0,1,0,0,0,0,0,0,0,0,0,0,0,0,0,0,0,0,0,0,0,0,0,0,0,0,0,0,0,0,0,0,Lodgepole Pine,0,0,0,1
3326.0,43.0,9.0,480.0,111.0,2126.0,222.0,220.0,132.0,2114.0,0,0,0,0,0,0,0,0,0,0,0,0,0,0,0,0,0,0,0,0,0,0,0,0,0,0,0,0,1,0,0,0,0,0,0,0,0,0,0,0,Spruce/Fir,0,1,0,0
3231.0,317.0,10.0,42.0,6.0,4054.0,194.0,231.0,178.0,1266.0,0,0,0,0,0,0,0,0,0,0,0,0,0,0,0,0,0,0,0,0,0,0,0,0,0,0,0,0,0,0,0,0,0,0,0,0,0,0,1,0,Spruce/Fir,0,1,0,0
3049.0,231.0,10.0,0.0,0.0,2690.0,204.0,250.0,182.0,1266.0,0,0,0,0,0,0,0,0,0,0,0,0,0,0,0,0,0,0,0,0,0,0,0,0,0,0,0,0,1,0,0,0,0,0,0,0,0,0,0,0,Lodgepole Pine,0,0,1,0
2963.0,20.0,9.0,90.0,19.0,3663.0,214.0,221.0,143.0,1664.0,0,0,0,0,0,0,0,0,0,0,0,0,0,0,0,0,0,0,0,0,0,0,0,0,0,0,0,0,1,0,0,0,0,0,0,0,0,0,0,0,Lodgepole Pine,0,1,0,0
2844.0,32.0,23.0,150.0,54.0,1024.0,208.0,182.0,100.0,1797.0,0,0,0,0,0,0,0,0,0,0,0,0,0,0,0,0,0,0,0,0,0,0,0,0,0,0,0,0,1,0,0,0,0,0,0,0,0,0,0,0,Lodgepole Pine,0,1,0,0
2556.0,51.0,13.0,351.0,14.0,1167.0,226.0,211.0,117.0,4092.0,0,0,0,0,0,0,0,0,0,0,0,0,0,0,0,0,0,1,0,0,0,0,0,0,0,0,0,0,0,0,0,0,0,0,0,0,0,0,0,0,Lodgepole Pine,0,1,0,0
2972.0,97.0,25.0,0.0,0.0,513.0,251.0,195.0,58.0,649.0,0,0,0,0,0,0,0,0,0,0,0,0,0,0,0,0,0,0,0,0,0,0,0,0,0,0,0,0,1,0,0,0,0,0,0,0,0,0,0,0,Spruce/Fir,0,1,0,0
3127.0,284.0,15.0,201.0,34.0,150.0,178.0,239.0,201.0,955.0,0,0,0,0,0,0,0,0,0,0,0,0,0,0,0,0,0,0,0,0,0,1,0,0,0,0,0,0,0,0,0,0,0,0,0,0,0,0,0,0,Spruce/Fir,1,0,0,0
3210.0,297.0,8.0,175.0,27.0,430.0,196.0,238.0,181.0,1001.0,0,0,0,0,0,0,0,0,0,0,0,0,0,0,0,0,0,0,0,0,0,0,1,0,0,0,0,0,0,0,0,0,0,0,0,0,0,0,0,0,Spruce/Fir,1,0,0,0
2823.0,152.0,21.0,134.0,74.0,2012.0,240.0,236.0,115.0,918.0,0,0,0,0,0,0,0,0,0,0,0,0,1,0,0,0,0,0,0,0,0,0,0,0,0,0,0,0,0,0,0,0,0,0,0,0,0,0,0,0,Aspen,0,0,1,0
2980.0,155.0,8.0,150.0,18.0,1542.0,230.0,241.0,144.0,2193.0,0,0,0,0,0,0,0,0,0,0,0,0,0,0,0,0,0,0,0,0,0,0,1,0,0,0,0,0,0,0,0,0,0,0,0,0,0,0,0,0,Lodgepole Pine,0,0,1,0
2797.0,77.0,12.0,30.0,5.0,2254.0,235.0,217.0,112.0,3049.0,0,0,0,0,0,0,0,0,0,0,0,0,0,0,0,0,0,0,0,0,0,0,0,0,0,0,0,0,1,0,0,0,0,0,0,0,0,0,0,0,Spruce/Fir,0,1,0,0
2970.0,69.0,10.0,242.0,30.0,1471.0,231.0,221.0,122.0,660.0,0,0,0,0,0,0,0,0,0,0,0,0,0,0,0,0,0,0,0,0,0,0,0,0,0,0,0,0,1,0,0,0,0,0,0,0,0,0,0,0,Lodgepole Pine,0,0,1,0
2797.0,19.0,10.0,313.0,0.0,1507.0,213.0,219.0,142.0,2173.0,0,0,0,0,0,0,0,0,0,0,0,0,0,0,0,0,0,0,0,0,0,0,0,0,0,0,0,0,0,0,1,0,0,0,0,0,0,0,0,0,Lodgepole Pine,0,0,1,0
3008.0,166.0,15.0,180.0,43.0,1387.0,232.0,244.0,139.0,470.0,0,0,0,0,0,0,0,0,0,0,0,0,1,0,0,0,0,0,0,0,0,0,0,0,0,0,0,0,0,0,0,0,0,0,0,0,0,0,0,0,Lodgepole Pine,0,0,1,0
2692.0,302.0,17.0,67.0,28.0,1639.0,169.0,229.0,200.0,1187.0,0,0,0,0,0,0,0,0,0,0,0,0,0,0,0,0,0,0,0,0,0,0,0,0,0,0,0,0,1,0,0,0,0,0,0,0,0,0,0,0,Lodgepole Pine,0,0,1,0
2748.0,354.0,7.0,324.0,66.0,1507.0,208.0,227.0,157.0,1994.0,0,0,0,0,0,0,0,0,0,0,1,0,0,0,0,0,0,0,0,0,0,0,0,0,0,0,0,0,0,0,0,0,0,0,0,0,0,0,0,0,Ponderosa Pine,0,0,1,0
2626.0,31.0,14.0,391.0,31.0,1652.0,216.0,209.0,126.0,1928.0,0,0,0,0,0,0,0,0,0,1,0,0,0,0,0,0,0,0,0,0,0,0,0,0,0,0,0,0,0,0,0,0,0,0,0,0,0,0,0,0,Douglas-fir,0,0,1,0
2831.0,81.0,5.0,0.0,0.0,2330.0,226.0,231.0,140.0,2404.0,0,0,0,0,0,0,0,0,0,0,0,0,0,0,0,0,0,0,0,0,0,0,0,0,0,0,0,0,1,0,0,0,0,0,0,0,0,0,0,0,Lodgepole Pine,0,1,0,0
2976.0,135.0,2.0,150.0,3.0,2568.0,223.0,238.0,151.0,1902.0,0,0,0,0,0,0,0,0,0,0,0,0,0,0,0,0,0,0,0,0,0,0,0,0,0,0,0,0,1,0,0,0,0,0,0,0,0,0,0,0,Spruce/Fir,0,1,0,0
2976.0,146.0,16.0,511.0,138.0,636.0,240.0,236.0,121.0,2017.0,0,0,0,0,0,0,0,0,0,0,0,0,0,0,0,0,0,0,0,0,0,0,0,0,0,0,0,0,0,0,0,0,1,0,0,0,0,0,0,0,Lodgepole Pine,0,0,1,0
3084.0,7.0,8.0,60.0,3.0,4385.0,211.0,225.0,151.0,3355.0,0,0,0,0,0,0,0,0,0,0,0,0,0,0,0,0,0,0,0,0,0,0,0,0,0,0,0,0,1,0,0,0,0,0,0,0,0,0,0,0,Spruce/Fir,0,1,0,0
3064.0,352.0,19.0,499.0,43.0,3903.0,182.0,203.0,156.0,4401.0,0,0,0,0,0,0,0,0,0,0,0,0,0,0,0,0,0,0,0,0,0,0,0,0,0,0,0,0,1,0,0,0,0,0,0,0,0,0,0,0,Spruce/Fir,0,1,0,0
3347.0,29.0,9.0,212.0,8.0,1252.0,217.0,221.0,139.0,3676.0,0,0,0,0,0,0,0,0,0,0,0,0,0,0,0,0,0,0,0,0,0,0,0,0,0,0,0,0,1,0,0,0,0,0,0,0,0,0,0,0,Spruce/Fir,1,0,0,0
2948.0,34.0,15.0,612.0,153.0,2910.0,216.0,205.0,120.0,1199.0,0,0,0,0,0,0,0,0,0,1,0,0,0,0,0,0,0,0,0,0,0,0,0,0,0,0,0,0,0,0,0,0,0,0,0,0,0,0,0,0,Lodgepole Pine,0,0,1,0
2579.0,204.0,14.0,0.0,0.0,1749.0,212.0,252.0,172.0,807.0,0,0,1,0,0,0,0,0,0,0,0,0,0,0,0,0,0,0,0,0,0,0,0,0,0,0,0,0,0,0,0,0,0,0,0,0,0,0,0,0,Lodgepole Pine,0,0,1,0
2981.0,359.0,10.0,335.0,51.0,1733.0,205.0,221.0,154.0,2463.0,0,0,0,0,0,0,0,0,0,0,0,0,0,0,0,0,0,0,0,0,0,0,1,0,0,0,0,0,0,0,0,0,0,0,0,0,0,0,0,0,Lodgepole Pine,0,0,1,0
3251.0,100.0,7.0,467.0,74.0,5533.0,231.0,231.0,133.0,2802.0,0,0,0,0,0,0,0,0,0,0,0,0,0,0,0,0,0,0,0,0,0,0,0,0,0,0,0,0,1,0,0,0,0,0,0,0,0,0,0,0,Lodgepole Pine,0,1,0,0
2370.0,162.0,17.0,0.0,0.0,531.0,234.0,242.0,132.0,866.0,0,0,0,0,0,0,0,0,0,0,0,0,0,1,0,0,0,0,0,0,0,0,0,0,0,0,0,0,0,0,0,0,0,0,0,0,0,0,0,0,Douglas-fir,0,0,1,0
2414.0,335.0,16.0,85.0,15.0,541.0,182.0,217.0,173.0,1263.0,0,0,0,0,0,0,0,0,0,1,0,0,0,0,0,0,0,0,0,0,0,0,0,0,0,0,0,0,0,0,0,0,0,0,0,0,0,0,0,0,Lodgepole Pine,0,0,1,0
2721.0,303.0,16.0,0.0,0.0,1123.0,173.0,230.0,197.0,1415.0,0,0,0,0,0,0,0,0,0,0,0,0,0,0,0,0,0,0,0,0,0,0,0,0,0,0,0,0,1,0,0,0,0,0,0,0,0,0,0,0,Douglas-fir,0,0,1,0
3490.0,269.0,21.0,240.0,76.0,3077.0,161.0,242.0,218.0,1871.0,0,0,0,0,0,0,0,0,0,0,0,0,0,0,0,0,0,0,0,0,0,0,0,0,0,0,0,0,1,0,0,0,0,0,0,0,0,0,0,0,Spruce/Fir,0,1,0,0
2775.0,309.0,7.0,212.0,33.0,2312.0,202.0,236.0,173.0,511.0,0,0,0,0,0,0,0,0,0,0,0,0,0,0,0,0,0,0,0,0,0,0,0,0,0,0,0,0,1,0,0,0,0,0,0,0,0,0,0,0,Lodgepole Pine,0,0,1,0
2547.0,169.0,7.0,295.0,40.0,342.0,226.0,243.0,151.0,1091.0,0,0,0,0,0,0,0,0,0,0,0,1,0,0,0,0,0,0,0,0,0,0,0,0,0,0,0,0,0,0,0,0,0,0,0,0,0,0,0,0,Lodgepole Pine,0,1,0,0
3168.0,352.0,13.0,700.0,127.0,4427.0,198.0,218.0,158.0,2052.0,0,0,0,0,0,0,0,0,0,0,0,0,0,0,0,0,0,0,0,0,0,0,0,0,0,0,0,0,1,0,0,0,0,0,0,0,0,0,0,0,Spruce/Fir,0,1,0,0
3226.0,260.0,13.0,283.0,45.0,3076.0,189.0,247.0,196.0,1570.0,0,0,0,0,0,0,0,0,0,0,0,0,0,0,0,0,0,0,0,0,0,0,1,0,0,0,0,0,0,0,0,0,0,0,0,0,0,0,0,0,Spruce/Fir,0,0,1,0
2801.0,43.0,8.0,150.0,40.0,1935.0,222.0,222.0,135.0,3145.0,0,0,0,0,0,0,0,0,0,0,0,1,0,0,0,0,0,0,0,0,0,0,0,0,0,0,0,0,0,0,0,0,0,0,0,0,0,0,0,0,Spruce/Fir,0,1,0,0
3074.0,177.0,18.0,268.0,22.0,2395.0,226.0,247.0,147.0,3287.0,0,0,0,0,0,0,0,0,0,0,0,0,0,0,0,0,0,0,0,0,0,0,0,0,0,0,0,0,1,0,0,0,0,0,0,0,0,0,0,0,Lodgepole Pine,0,0,1,0
2932.0,127.0,16.0,134.0,30.0,1889.0,245.0,228.0,106.0,1091.0,0,0,0,0,0,0,0,0,0,0,0,0,0,0,0,0,0,0,0,0,0,0,0,0,0,0,0,0,1,0,0,0,0,0,0,0,0,0,0,0,Lodgepole Pine,0,1,0,0
2987.0,14.0,12.0,162.0,16.0,323.0,209.0,216.0,143.0,1481.0,0,0,0,0,0,0,0,0,0,0,0,0,0,0,0,0,0,0,0,0,0,0,0,0,0,0,0,0,1,0,0,0,0,0,0,0,0,0,0,0,Lodgepole Pine,0,0,1,0
2797.0,346.0,9.0,85.0,13.0,830.0,203.0,227.0,162.0,2779.0,0,0,0,0,0,0,0,0,0,0,1,0,0,0,0,0,0,0,0,0,0,0,0,0,0,0,0,0,0,0,0,0,0,0,0,0,0,0,0,0,Lodgepole Pine,0,0,1,0
2847.0,56.0,5.0,162.0,10.0,1024.0,224.0,228.0,140.0,2588.0,0,0,0,0,0,0,0,0,0,0,0,0,0,0,0,0,0,0,0,0,0,0,0,0,0,0,0,0,1,0,0,0,0,0,0,0,0,0,0,0,Spruce/Fir,0,0,1,0
2541.0,74.0,19.0,350.0,98.0,953.0,239.0,201.0,86.0,553.0,0,0,0,0,0,0,0,0,0,0,0,0,0,0,0,0,0,0,0,0,0,0,0,0,0,0,0,0,1,0,0,0,0,0,0,0,0,0,0,0,Ponderosa Pine,0,0,0,1
3239.0,288.0,15.0,210.0,41.0,2951.0,175.0,237.0,201.0,1342.0,0,0,0,0,0,0,0,0,0,0,0,0,0,0,0,0,0,0,0,0,0,0,0,0,0,0,0,0,1,0,0,0,0,0,0,0,0,0,0,0,Spruce/Fir,0,0,1,0
3244.0,296.0,10.0,420.0,101.0,4509.0,191.0,237.0,186.0,1103.0,0,0,0,0,0,0,0,0,0,0,0,0,0,0,0,0,0,0,0,0,0,0,0,0,0,0,0,0,1,0,0,0,0,0,0,0,0,0,0,0,Lodgepole Pine,0,1,0,0
3043.0,34.0,10.0,272.0,55.0,2252.0,219.0,218.0,134.0,2663.0,0,0,0,0,0,0,0,0,0,0,0,0,0,0,0,0,0,0,0,0,0,0,0,0,0,0,0,0,0,0,0,1,0,0,0,0,0,0,0,0,Spruce/Fir,0,0,1,0
2363.0,97.0,12.0,108.0,14.0,541.0,240.0,222.0,110.0,743.0,0,1,0,0,0,0,0,0,0,0,0,0,0,0,0,0,0,0,0,0,0,0,0,0,0,0,0,0,0,0,0,0,0,0,0,0,0,0,0,0,Ponderosa Pine,0,0,0,1
3246.0,145.0,29.0,418.0,113.0,1201.0,245.0,221.0,84.0,1836.0,0,0,0,0,0,0,0,0,0,0,0,0,0,0,0,0,0,0,0,0,0,0,0,0,0,0,0,0,0,0,0,0,1,0,0,0,0,0,0,0,Spruce/Fir,1,0,0,0
3176.0,72.0,3.0,42.0,0.0,5249.0,223.0,233.0,146.0,2890.0,0,0,0,0,0,0,0,0,0,0,0,0,0,0,0,0,0,0,0,0,0,0,1,0,0,0,0,0,0,0,0,0,0,0,0,0,0,0,0,0,Lodgepole Pine,0,1,0,0
2545.0,44.0,15.0,153.0,26.0,1855.0,222.0,205.0,113.0,1947.0,0,0,0,0,0,0,0,0,0,1,0,0,0,0,0,0,0,0,0,0,0,0,0,0,0,0,0,0,0,0,0,0,0,0,0,0,0,0,0,0,Lodgepole Pine,0,0,1,0
3397.0,182.0,7.0,30.0,0.0,2630.0,223.0,245.0,156.0,366.0,0,0,0,0,0,0,0,0,0,0,0,0,0,0,0,0,0,0,0,0,0,0,0,0,0,0,0,0,1,0,0,0,0,0,0,0,0,0,0,0,Krummholz,0,0,1,0
2764.0,157.0,7.0,42.0,5.0,2375.0,228.0,241.0,146.0,1597.0,0,0,0,0,0,0,0,0,0,0,0,0,0,0,0,0,0,0,0,0,0,0,0,0,0,0,0,0,1,0,0,0,0,0,0,0,0,0,0,0,Lodgepole Pine,0,1,0,0
3270.0,76.0,11.0,42.0,9.0,1224.0,234.0,220.0,117.0,1114.0,0,0,0,0,0,0,0,0,0,0,0,0,0,0,0,0,0,0,0,0,0,0,0,0,0,0,0,0,0,0,1,0,0,0,0,0,0,0,0,0,Spruce/Fir,0,0,1,0
3214.0,111.0,10.0,134.0,9.0,3095.0,237.0,229.0,122.0,4805.0,0,0,0,0,0,0,0,0,0,0,0,0,0,0,0,0,0,0,0,0,0,0,0,0,0,0,0,0,1,0,0,0,0,0,0,0,0,0,0,0,Spruce/Fir,0,1,0,0
2909.0,63.0,11.0,295.0,108.0,4650.0,230.0,218.0,121.0,5028.0,0,0,0,0,0,0,0,0,0,0,0,0,0,0,0,0,0,0,0,0,0,0,0,0,0,0,0,0,1,0,0,0,0,0,0,0,0,0,0,0,Lodgepole Pine,0,1,0,0
3199.0,32.0,8.0,591.0,82.0,940.0,219.0,224.0,141.0,2132.0,0,0,0,0,0,0,0,0,0,0,0,0,0,0,0,0,0,0,0,0,0,1,0,0,0,0,0,0,0,0,0,0,0,0,0,0,0,0,0,0,Spruce/Fir,0,0,1,0
2895.0,104.0,19.0,42.0,11.0,426.0,248.0,213.0,85.0,1710.0,0,0,0,0,0,0,0,0,0,0,0,0,0,0,0,0,0,0,0,0,0,0,0,0,0,0,0,0,0,1,0,0,0,0,0,0,0,0,0,0,Lodgepole Pine,0,1,0,0
2971.0,166.0,9.0,323.0,27.0,4986.0,228.0,243.0,148.0,2190.0,0,0,0,0,0,0,0,0,0,0,0,0,0,0,0,0,0,0,0,0,0,0,0,0,0,0,0,0,1,0,0,0,0,0,0,0,0,0,0,0,Spruce/Fir,0,1,0,0
3177.0,151.0,23.0,335.0,86.0,3755.0,241.0,233.0,108.0,811.0,0,0,0,0,0,0,0,0,0,0,0,0,0,0,0,0,0,0,0,0,0,0,0,0,0,0,0,0,1,0,0,0,0,0,0,0,0,0,0,0,Lodgepole Pine,0,0,1,0
2375.0,267.0,15.0,272.0,105.0,1110.0,180.0,245.0,204.0,295.0,0,0,0,0,0,0,0,0,0,1,0,0,0,0,0,0,0,0,0,0,0,0,0,0,0,0,0,0,0,0,0,0,0,0,0,0,0,0,0,0,Douglas-fir,0,0,0,1
2952.0,156.0,21.0,234.0,44.0,361.0,239.0,237.0,118.0,824.0,0,0,0,0,0,0,0,0,0,0,0,0,1,0,0,0,0,0,0,0,0,0,0,0,0,0,0,0,0,0,0,0,0,0,0,0,0,0,0,0,Aspen,0,0,1,0
3186.0,54.0,4.0,210.0,25.0,1019.0,222.0,231.0,144.0,2083.0,0,0,0,0,0,0,0,0,0,0,0,0,0,0,0,0,0,0,0,0,0,0,0,0,0,0,0,0,1,0,0,0,0,0,0,0,0,0,0,0,Spruce/Fir,1,0,0,0
3321.0,66.0,5.0,60.0,3.0,1323.0,225.0,230.0,141.0,3555.0,0,0,0,0,0,0,0,0,0,0,0,0,0,0,0,0,0,0,0,0,0,0,0,0,0,0,0,0,0,0,0,1,0,0,0,0,0,0,0,0,Lodgepole Pine,1,0,0,0
2936.0,275.0,9.0,360.0,30.0,5485.0,197.0,242.0,185.0,4785.0,0,0,0,0,0,0,0,0,0,0,0,0,0,0,0,0,0,0,0,0,0,0,0,0,0,0,0,0,1,0,0,0,0,0,0,0,0,0,0,0,Lodgepole Pine,0,1,0,0
3365.0,236.0,13.0,295.0,110.0,3489.0,198.0,251.0,189.0,600.0,0,0,0,0,0,0,0,0,0,0,0,0,0,0,0,0,0,0,0,0,0,0,0,0,0,0,0,0,0,0,0,0,0,0,0,0,0,0,1,0,Spruce/Fir,0,1,0,0
2831.0,147.0,16.0,182.0,52.0,780.0,239.0,237.0,123.0,2971.0,0,0,0,0,0,0,0,0,0,0,1,0,0,0,0,0,0,0,0,0,0,0,0,0,0,0,0,0,0,0,0,0,0,0,0,0,0,0,0,0,Lodgepole Pine,0,0,1,0
3589.0,359.0,11.0,360.0,52.0,1756.0,204.0,220.0,154.0,1600.0,0,0,0,0,0,0,0,0,0,0,0,0,0,0,0,0,0,0,0,0,0,0,0,0,0,0,0,0,0,0,0,0,0,0,0,0,0,0,0,1,Krummholz,1,0,0,0
2880.0,344.0,14.0,95.0,13.0,3395.0,190.0,217.0,165.0,4857.0,0,0,0,0,0,0,0,0,0,0,0,0,0,0,0,0,0,0,0,0,0,0,0,0,0,0,0,0,1,0,0,0,0,0,0,0,0,0,0,0,Lodgepole Pine,0,1,0,0
3111.0,162.0,8.0,301.0,74.0,2418.0,228.0,242.0,147.0,1243.0,0,0,0,0,0,0,0,0,0,0,0,0,0,0,0,0,0,0,0,0,0,0,0,0,0,0,0,0,0,0,0,1,0,0,0,0,0,0,0,0,Spruce/Fir,0,0,1,0
2999.0,67.0,19.0,443.0,9.0,484.0,235.0,200.0,89.0,1550.0,0,0,0,0,0,0,0,0,0,0,0,0,0,0,0,0,0,0,0,0,0,0,0,0,0,0,0,0,1,0,0,0,0,0,0,0,0,0,0,0,Spruce/Fir,0,1,0,0
2896.0,121.0,11.0,390.0,80.0,3524.0,238.0,231.0,122.0,3121.0,0,0,0,0,0,0,0,0,0,0,0,0,0,0,0,0,0,0,0,0,0,0,0,0,0,0,0,0,1,0,0,0,0,0,0,0,0,0,0,0,Lodgepole Pine,0,1,0,0
3156.0,15.0,24.0,295.0,71.0,3205.0,192.0,184.0,121.0,1538.0,0,0,0,0,0,0,0,0,0,0,0,0,0,0,0,0,0,0,0,0,0,0,0,0,0,0,0,0,1,0,0,0,0,0,0,0,0,0,0,0,Spruce/Fir,0,0,1,0
3203.0,304.0,5.0,268.0,19.0,767.0,206.0,237.0,171.0,1719.0,0,0,0,0,0,0,0,0,0,0,0,0,0,0,0,0,0,0,0,0,0,0,0,0,0,0,0,0,1,0,0,0,0,0,0,0,0,0,0,0,Spruce/Fir,0,0,1,0
3120.0,186.0,6.0,162.0,2.0,190.0,221.0,245.0,158.0,5016.0,0,0,0,0,0,0,0,0,0,0,0,0,0,0,0,0,0,0,0,0,0,0,1,0,0,0,0,0,0,0,0,0,0,0,0,0,0,0,0,0,Lodgepole Pine,1,0,0,0
2945.0,339.0,19.0,150.0,23.0,1302.0,174.0,208.0,171.0,3132.0,0,0,0,0,0,0,0,0,0,0,0,0,0,0,0,0,0,0,0,0,0,0,0,0,0,0,0,0,1,0,0,0,0,0,0,0,0,0,0,0,Spruce/Fir,0,1,0,0
3062.0,119.0,6.0,85.0,2.0,3319.0,231.0,235.0,137.0,2457.0,0,0,0,0,0,0,0,0,0,0,0,0,0,0,0,0,0,0,0,0,0,0,0,0,0,0,0,0,1,0,0,0,0,0,0,0,0,0,0,0,Spruce/Fir,0,1,0,0
3072.0,342.0,7.0,42.0,4.0,3426.0,206.0,230.0,162.0,2236.0,0,0,0,0,0,0,0,0,0,0,0,0,0,0,0,0,0,0,0,0,0,0,1,0,0,0,0,0,0,0,0,0,0,0,0,0,0,0,0,0,Spruce/Fir,0,1,0,0
2330.0,63.0,25.0,60.0,24.0,912.0,233.0,180.0,65.0,967.0,0,0,0,0,0,0,0,0,0,1,0,0,0,0,0,0,0,0,0,0,0,0,0,0,0,0,0,0,0,0,0,0,0,0,0,0,0,0,0,0,Douglas-fir,0,0,0,1
3258.0,267.0,5.0,297.0,32.0,5786.0,207.0,242.0,173.0,1302.0,0,0,0,0,0,0,0,0,0,0,0,0,0,0,0,0,0,0,0,0,0,0,0,0,0,0,0,0,1,0,0,0,0,0,0,0,0,0,0,0,Spruce/Fir,0,1,0,0
2717.0,86.0,12.0,67.0,0.0,2837.0,237.0,221.0,113.0,871.0,0,0,0,0,0,0,0,0,0,0,0,0,0,0,0,0,0,0,0,0,0,0,0,0,0,0,0,0,1,0,0,0,0,0,0,0,0,0,0,0,Lodgepole Pine,0,0,1,0
3263.0,57.0,11.0,474.0,65.0,3157.0,228.0,217.0,121.0,3118.0,0,0,0,0,0,0,0,0,0,0,0,0,0,0,0,0,0,0,0,0,0,0,0,0,0,0,0,0,1,0,0,0,0,0,0,0,0,0,0,0,Lodgepole Pine,0,0,1,0
3001.0,162.0,15.0,350.0,56.0,2550.0,234.0,242.0,135.0,979.0,0,0,0,0,0,0,0,0,0,0,0,0,0,0,0,0,0,0,0,0,0,0,0,0,0,0,0,0,1,0,0,0,0,0,0,0,0,0,0,0,Spruce/Fir,0,0,1,0
2909.0,112.0,18.0,395.0,130.0,834.0,248.0,219.0,93.0,1063.0,0,0,0,0,0,0,0,0,0,0,0,0,0,0,0,0,0,0,0,0,0,0,0,0,0,0,0,0,0,1,0,0,0,0,0,0,0,0,0,0,Lodgepole Pine,0,1,0,0
2841.0,7.0,12.0,323.0,93.0,2588.0,205.0,216.0,148.0,760.0,0,0,0,0,0,0,0,0,0,0,0,0,0,0,0,0,0,0,0,0,0,0,0,0,0,0,0,0,1,0,0,0,0,0,0,0,0,0,0,0,Lodgepole Pine,0,0,1,0
2973.0,52.0,15.0,297.0,80.0,4637.0,227.0,206.0,108.0,3632.0,0,0,0,0,0,0,0,0,0,0,0,0,0,0,0,0,0,0,0,0,0,0,0,0,0,0,0,0,1,0,0,0,0,0,0,0,0,0,0,0,Lodgepole Pine,0,1,0,0
3258.0,20.0,9.0,484.0,45.0,6196.0,214.0,221.0,143.0,908.0,0,0,0,0,0,0,0,0,0,0,0,0,0,0,0,0,0,0,0,0,0,1,0,0,0,0,0,0,0,0,0,0,0,0,0,0,0,0,0,0,Spruce/Fir,0,1,0,0
3204.0,355.0,25.0,192.0,68.0,3919.0,170.0,186.0,147.0,3485.0,0,0,0,0,0,0,0,0,0,0,0,0,0,0,0,0,0,0,0,0,0,0,0,1,0,0,0,0,0,0,0,0,0,0,0,0,0,0,0,0,Spruce/Fir,0,0,1,0
2965.0,60.0,21.0,190.0,41.0,4572.0,231.0,192.0,84.0,2024.0,0,0,0,0,0,0,0,0,0,0,0,0,0,0,0,0,0,0,0,0,0,0,0,0,0,0,0,0,1,0,0,0,0,0,0,0,0,0,0,0,Lodgepole Pine,0,1,0,0
3021.0,146.0,5.0,283.0,50.0,2436.0,228.0,239.0,145.0,514.0,0,0,0,0,0,0,0,0,0,0,0,0,0,0,0,0,0,0,0,0,0,0,0,0,0,0,0,0,1,0,0,0,0,0,0,0,0,0,0,0,Spruce/Fir,0,1,0,0
2758.0,249.0,19.0,30.0,11.0,2318.0,175.0,250.0,210.0,481.0,0,0,0,0,0,0,0,0,0,0,0,0,0,0,0,0,0,0,0,0,0,0,0,0,0,0,0,0,1,0,0,0,0,0,0,0,0,0,0,0,Lodgepole Pine,0,0,1,0
2968.0,280.0,22.0,127.0,20.0,720.0,156.0,237.0,218.0,1012.0,0,0,0,0,0,0,0,0,0,0,0,0,0,0,0,0,0,0,0,0,0,0,0,1,0,0,0,0,0,0,0,0,0,0,0,0,0,0,0,0,Lodgepole Pine,0,0,1,0
3246.0,247.0,16.0,390.0,52.0,3037.0,186.0,250.0,201.0,1008.0,0,0,0,0,0,0,0,0,0,0,0,0,0,0,0,0,0,0,0,0,0,0,0,0,0,0,0,0,1,0,0,0,0,0,0,0,0,0,0,0,Lodgepole Pine,0,0,1,0
3098.0,297.0,12.0,175.0,42.0,2848.0,187.0,236.0,189.0,1543.0,0,0,0,0,0,0,0,0,0,0,0,0,0,0,0,0,0,0,0,0,0,0,0,0,0,0,0,0,1,0,0,0,0,0,0,0,0,0,0,0,Spruce/Fir,0,0,1,0
3137.0,6.0,14.0,90.0,12.0,2082.0,201.0,212.0,146.0,2920.0,0,0,0,0,0,0,0,0,0,0,0,0,0,0,0,0,0,0,0,0,0,0,1,0,0,0,0,0,0,0,0,0,0,0,0,0,0,0,0,0,Spruce/Fir,0,0,1,0
2946.0,205.0,27.0,190.0,27.0,1671.0,194.0,252.0,179.0,2379.0,0,0,0,0,0,0,0,0,0,0,0,0,0,0,0,0,0,0,0,0,0,0,0,0,0,0,0,0,0,0,0,0,1,0,0,0,0,0,0,0,Lodgepole Pine,0,0,1,0
3314.0,329.0,18.0,150.0,49.0,3173.0,174.0,216.0,180.0,2408.0,0,0,0,0,0,0,0,0,0,0,0,0,0,0,0,0,0,0,0,0,0,0,0,1,0,0,0,0,0,0,0,0,0,0,0,0,0,0,0,0,Spruce/Fir,0,0,1,0
3076.0,274.0,23.0,67.0,25.0,2310.0,151.0,238.0,223.0,767.0,0,0,0,0,0,0,0,0,0,0,0,0,1,0,0,0,0,0,0,0,0,0,0,0,0,0,0,0,0,0,0,0,0,0,0,0,0,0,0,0,Lodgepole Pine,0,0,1,0
3338.0,97.0,20.0,466.0,53.0,1624.0,248.0,207.0,79.0,2067.0,0,0,0,0,0,0,0,0,0,0,0,0,0,0,0,0,0,0,0,0,0,0,0,0,0,0,0,0,0,0,0,0,0,0,0,0,0,1,0,0,Spruce/Fir,0,1,0,0
2981.0,135.0,4.0,437.0,40.0,1936.0,227.0,238.0,145.0,2362.0,0,0,0,0,0,0,0,0,0,0,0,0,0,0,0,0,0,0,0,0,0,0,0,0,0,0,0,0,1,0,0,0,0,0,0,0,0,0,0,0,Lodgepole Pine,0,0,1,0
2932.0,117.0,6.0,240.0,10.0,4164.0,231.0,234.0,136.0,4373.0,0,0,0,0,0,0,0,0,0,0,0,0,0,0,0,0,0,0,0,0,0,0,0,0,0,0,0,0,1,0,0,0,0,0,0,0,0,0,0,0,Lodgepole Pine,0,1,0,0
2803.0,31.0,10.0,0.0,0.0,1593.0,218.0,219.0,136.0,2402.0,0,0,0,0,0,0,0,0,0,0,0,0,0,0,0,0,0,0,0,0,0,0,0,0,0,0,0,0,1,0,0,0,0,0,0,0,0,0,0,0,Spruce/Fir,0,0,1,0
3109.0,218.0,14.0,569.0,104.0,6112.0,203.0,253.0,183.0,1571.0,0,0,0,0,0,0,0,0,0,0,0,0,0,0,0,0,0,0,0,0,0,0,0,0,0,0,0,0,1,0,0,0,0,0,0,0,0,0,0,0,Lodgepole Pine,0,1,0,0
2998.0,96.0,6.0,201.0,23.0,5889.0,231.0,231.0,133.0,3573.0,0,0,0,0,0,0,0,0,0,0,0,0,0,0,0,0,0,0,0,0,0,0,0,0,0,0,0,0,1,0,0,0,0,0,0,0,0,0,0,0,Lodgepole Pine,0,1,0,0
3280.0,290.0,18.0,285.0,90.0,4347.0,168.0,235.0,206.0,2409.0,0,0,0,0,0,0,0,0,0,0,0,0,0,0,0,0,0,0,0,0,0,0,0,0,0,0,0,0,0,0,0,0,0,0,0,0,0,0,1,0,Spruce/Fir,0,0,1,0
2689.0,69.0,6.0,90.0,8.0,1477.0,226.0,228.0,136.0,3500.0,0,0,0,0,0,0,0,0,0,0,0,0,0,0,0,0,0,0,0,0,0,0,0,0,0,0,0,0,1,0,0,0,0,0,0,0,0,0,0,0,Lodgepole Pine,0,1,0,0
3173.0,159.0,8.0,67.0,3.0,2097.0,229.0,242.0,145.0,1764.0,0,0,0,0,0,0,0,0,0,0,0,0,0,0,0,0,0,0,0,0,0,0,0,0,0,0,0,0,1,0,0,0,0,0,0,0,0,0,0,0,Spruce/Fir,0,0,1,0
2744.0,314.0,14.0,134.0,42.0,1460.0,182.0,228.0,186.0,2312.0,0,0,0,0,0,0,0,0,0,0,0,0,0,0,0,0,0,0,0,0,0,0,0,0,0,0,0,0,1,0,0,0,0,0,0,0,0,0,0,0,Lodgepole Pine,0,1,0,0
3144.0,198.0,16.0,242.0,39.0,2072.0,214.0,252.0,168.0,685.0,0,0,0,0,0,0,0,0,0,0,0,0,0,0,0,0,0,0,0,0,0,0,0,0,0,0,0,0,1,0,0,0,0,0,0,0,0,0,0,0,Spruce/Fir,0,1,0,0
2788.0,38.0,17.0,60.0,15.0,2833.0,218.0,200.0,112.0,4610.0,0,0,0,0,0,0,0,0,0,0,0,0,0,0,0,0,0,0,0,0,0,0,0,0,0,0,0,0,1,0,0,0,0,0,0,0,0,0,0,0,Lodgepole Pine,0,1,0,0
2842.0,128.0,11.0,210.0,21.0,2171.0,238.0,233.0,125.0,2222.0,0,0,0,0,0,0,0,0,0,0,0,0,0,0,0,0,0,0,0,0,0,0,0,0,0,0,0,0,1,0,0,0,0,0,0,0,0,0,0,0,Lodgepole Pine,0,0,1,0
2790.0,36.0,20.0,192.0,64.0,1473.0,215.0,193.0,106.0,1536.0,0,0,0,0,0,0,0,0,0,0,0,0,0,0,0,0,0,0,0,0,0,0,0,0,0,0,0,0,1,0,0,0,0,0,0,0,0,0,0,0,Lodgepole Pine,0,0,1,0
2872.0,177.0,23.0,134.0,42.0,1560.0,224.0,245.0,141.0,2213.0,0,0,0,0,0,0,0,0,0,0,0,0,1,0,0,0,0,0,0,0,0,0,0,0,0,0,0,0,0,0,0,0,0,0,0,0,0,0,0,0,Lodgepole Pine,0,0,1,0
2430.0,348.0,18.0,192.0,9.0,1090.0,183.0,208.0,161.0,127.0,0,0,0,0,0,0,0,0,0,1,0,0,0,0,0,0,0,0,0,0,0,0,0,0,0,0,0,0,0,0,0,0,0,0,0,0,0,0,0,0,Douglas-fir,0,0,0,1
3208.0,355.0,5.0,811.0,36.0,4101.0,211.0,230.0,157.0,2103.0,0,0,0,0,0,0,0,0,0,0,0,0,0,0,0,0,0,0,0,0,0,0,1,0,0,0,0,0,0,0,0,0,0,0,0,0,0,0,0,0,Spruce/Fir,0,1,0,0
3358.0,197.0,20.0,342.0,57.0,3010.0,210.0,252.0,169.0,1521.0,0,0,0,0,0,0,0,0,0,0,0,0,0,0,0,0,0,0,0,0,0,0,0,0,0,0,0,0,1,0,0,0,0,0,0,0,0,0,0,0,Spruce/Fir,0,0,1,0
2425.0,96.0,25.0,234.0,59.0,706.0,250.0,196.0,59.0,600.0,0,0,0,0,0,0,0,0,0,0,0,0,0,0,0,0,0,0,0,0,0,0,0,0,0,0,0,0,1,0,0,0,0,0,0,0,0,0,0,0,Ponderosa Pine,0,0,0,1
2720.0,192.0,13.0,283.0,132.0,2733.0,218.0,250.0,163.0,1239.0,0,0,0,1,0,0,0,0,0,0,0,0,0,0,0,0,0,0,0,0,0,0,0,0,0,0,0,0,0,0,0,0,0,0,0,0,0,0,0,0,Ponderosa Pine,0,0,1,0
2876.0,344.0,16.0,216.0,76.0,2133.0,187.0,214.0,165.0,1317.0,0,0,0,0,0,0,0,0,0,0,0,0,0,0,0,0,0,0,0,0,0,0,0,0,0,0,0,0,1,0,0,0,0,0,0,0,0,0,0,0,Spruce/Fir,0,0,1,0
3227.0,45.0,4.0,240.0,24.0,1860.0,221.0,231.0,146.0,1298.0,0,0,0,0,0,0,0,0,0,0,0,0,0,0,0,0,0,0,0,0,0,0,0,0,0,0,0,0,0,0,1,0,0,0,0,0,0,0,0,0,Spruce/Fir,0,0,1,0
2906.0,69.0,19.0,247.0,48.0,3294.0,237.0,199.0,87.0,4379.0,0,0,0,0,0,0,0,0,0,0,0,0,0,0,0,0,0,0,0,0,0,0,0,0,0,0,0,0,1,0,0,0,0,0,0,0,0,0,0,0,Lodgepole Pine,0,1,0,0
3218.0,211.0,10.0,450.0,74.0,2045.0,212.0,249.0,172.0,1950.0,0,0,0,0,0,0,0,0,0,0,0,0,0,0,0,0,0,0,0,0,0,0,0,0,0,0,0,0,1,0,0,0,0,0,0,0,0,0,0,0,Spruce/Fir,0,0,1,0
3283.0,270.0,3.0,430.0,40.0,5041.0,212.0,240.0,166.0,859.0,0,0,0,0,0,0,0,0,0,0,0,0,0,0,0,0,0,0,0,0,0,0,0,0,0,0,0,0,1,0,0,0,0,0,0,0,0,0,0,0,Lodgepole Pine,0,1,0,0
2781.0,63.0,10.0,212.0,9.0,1806.0,229.0,221.0,124.0,1480.0,0,0,0,0,0,0,0,0,0,0,0,0,0,0,0,0,0,0,0,0,0,0,0,0,0,0,0,0,1,0,0,0,0,0,0,0,0,0,0,0,Lodgepole Pine,0,1,0,0
2998.0,298.0,20.0,67.0,13.0,570.0,161.0,229.0,207.0,1025.0,0,0,0,0,0,0,0,0,0,0,0,0,0,0,0,0,0,0,0,0,0,0,0,0,0,0,0,0,1,0,0,0,0,0,0,0,0,0,0,0,Lodgepole Pine,0,0,1,0
3157.0,66.0,11.0,180.0,46.0,2537.0,231.0,217.0,117.0,1824.0,0,0,0,0,0,0,0,0,0,0,0,0,0,0,0,0,0,0,0,0,0,0,0,0,0,0,0,0,1,0,0,0,0,0,0,0,0,0,0,0,Spruce/Fir,0,1,0,0
3297.0,169.0,27.0,495.0,152.0,1413.0,229.0,239.0,123.0,1624.0,0,0,0,0,0,0,0,0,0,0,0,0,0,0,0,0,0,0,0,0,0,0,0,0,0,0,0,0,0,0,0,0,1,0,0,0,0,0,0,0,Spruce/Fir,1,0,0,0
3041.0,98.0,27.0,150.0,35.0,5038.0,252.0,192.0,51.0,2754.0,0,0,0,0,0,0,0,0,0,0,0,0,0,0,0,0,0,0,0,0,0,0,0,0,0,0,0,0,1,0,0,0,0,0,0,0,0,0,0,0,Lodgepole Pine,0,1,0,0
3304.0,204.0,19.0,120.0,44.0,2444.0,205.0,254.0,176.0,631.0,0,0,0,0,0,0,0,0,0,0,0,0,0,0,0,0,0,0,0,0,0,0,0,0,0,0,0,0,0,0,0,0,0,0,0,0,0,0,1,0,Krummholz,0,0,1,0
2710.0,334.0,15.0,175.0,50.0,1745.0,185.0,219.0,173.0,1290.0,0,0,0,0,0,0,0,0,0,0,0,0,1,0,0,0,0,0,0,0,0,0,0,0,0,0,0,0,0,0,0,0,0,0,0,0,0,0,0,0,Lodgepole Pine,0,0,1,0
3112.0,13.0,19.0,499.0,53.0,1374.0,198.0,198.0,133.0,2058.0,0,0,0,0,0,0,0,0,0,0,0,0,0,0,0,0,0,0,0,0,0,0,0,0,0,0,0,0,1,0,0,0,0,0,0,0,0,0,0,0,Spruce/Fir,0,0,1,0
2589.0,95.0,21.0,277.0,63.0,789.0,248.0,204.0,74.0,524.0,0,0,0,0,0,0,0,0,0,0,0,0,0,0,0,0,0,0,0,0,0,0,0,0,0,0,0,0,0,1,0,0,0,0,0,0,0,0,0,0,Lodgepole Pine,0,1,0,0
2666.0,82.0,23.0,258.0,72.0,2248.0,244.0,192.0,64.0,787.0,0,1,0,0,0,0,0,0,0,0,0,0,0,0,0,0,0,0,0,0,0,0,0,0,0,0,0,0,0,0,0,0,0,0,0,0,0,0,0,0,Ponderosa Pine,0,0,1,0
2776.0,354.0,9.0,170.0,38.0,1622.0,206.0,225.0,158.0,1926.0,0,0,0,0,0,0,0,0,0,0,0,0,0,0,0,0,0,0,0,0,0,0,0,0,0,0,0,0,1,0,0,0,0,0,0,0,0,0,0,0,Lodgepole Pine,0,1,0,0
3350.0,19.0,11.0,319.0,60.0,2197.0,212.0,217.0,141.0,1591.0,0,0,0,0,0,0,0,0,0,0,0,0,0,0,0,0,0,0,0,0,0,0,0,0,0,0,0,0,0,0,1,0,0,0,0,0,0,0,0,0,Spruce/Fir,0,0,1,0
2885.0,154.0,9.0,192.0,32.0,3492.0,231.0,241.0,141.0,1718.0,0,0,0,0,0,0,0,0,0,0,0,0,0,0,0,0,0,0,0,0,0,0,0,0,0,0,0,0,1,0,0,0,0,0,0,0,0,0,0,0,Lodgepole Pine,0,1,0,0
3155.0,309.0,14.0,300.0,41.0,900.0,182.0,230.0,188.0,1282.0,0,0,0,0,0,0,0,0,0,0,0,0,0,0,0,0,0,0,0,0,0,0,0,0,0,0,0,0,1,0,0,0,0,0,0,0,0,0,0,0,Lodgepole Pine,0,0,1,0
3121.0,338.0,7.0,390.0,39.0,400.0,205.0,230.0,164.0,1485.0,0,0,0,0,0,0,0,0,0,0,0,0,0,0,0,0,0,0,0,0,0,0,0,0,0,0,0,0,1,0,0,0,0,0,0,0,0,0,0,0,Lodgepole Pine,0,1,0,0
3110.0,111.0,14.0,201.0,32.0,85.0,243.0,224.0,108.0,3743.0,0,0,0,0,0,0,0,0,0,0,0,0,0,0,0,0,0,0,0,0,0,1,0,0,0,0,0,0,0,0,0,0,0,0,0,0,0,0,0,0,Lodgepole Pine,1,0,0,0
3058.0,35.0,4.0,0.0,0.0,1455.0,219.0,231.0,148.0,570.0,0,0,0,0,0,0,0,0,0,0,0,0,0,0,0,0,0,0,0,0,0,0,1,0,0,0,0,0,0,0,0,0,0,0,0,0,0,0,0,0,Spruce/Fir,0,1,0,0
3065.0,90.0,13.0,579.0,59.0,1521.0,240.0,219.0,107.0,2445.0,0,0,0,0,0,0,0,0,0,0,0,0,0,0,0,0,0,0,0,0,0,0,0,0,0,0,0,0,1,0,0,0,0,0,0,0,0,0,0,0,Lodgepole Pine,0,1,0,0
2576.0,142.0,14.0,67.0,6.0,785.0,239.0,236.0,123.0,2137.0,0,0,0,0,0,0,0,0,0,0,0,0,0,0,0,0,0,0,0,0,0,0,0,0,0,0,0,0,0,1,0,0,0,0,0,0,0,0,0,0,Lodgepole Pine,0,1,0,0
2936.0,201.0,31.0,134.0,48.0,1987.0,190.0,249.0,174.0,1200.0,0,0,0,0,0,0,0,0,0,0,0,0,0,0,0,0,0,0,0,0,0,0,0,0,0,0,0,0,0,0,0,0,1,0,0,0,0,0,0,0,Lodgepole Pine,0,0,1,0
3254.0,54.0,4.0,488.0,10.0,4294.0,222.0,230.0,143.0,2446.0,0,0,0,0,0,0,0,0,0,0,0,0,0,0,0,0,0,0,0,0,0,1,0,0,0,0,0,0,0,0,0,0,0,0,0,0,0,0,0,0,Spruce/Fir,0,1,0,0
3101.0,12.0,15.0,234.0,7.0,2268.0,203.0,208.0,140.0,1594.0,0,0,0,0,0,0,0,0,0,0,0,0,0,0,0,0,0,0,0,0,0,0,1,0,0,0,0,0,0,0,0,0,0,0,0,0,0,0,0,0,Spruce/Fir,0,1,0,0
2770.0,302.0,21.0,256.0,32.0,2016.0,157.0,226.0,207.0,488.0,0,0,0,0,0,0,0,0,0,0,0,0,0,0,0,0,0,0,0,0,0,0,0,0,0,0,0,0,0,0,0,0,1,0,0,0,0,0,0,0,Lodgepole Pine,0,0,1,0
3290.0,3.0,5.0,591.0,106.0,594.0,214.0,231.0,155.0,1254.0,0,0,0,0,0,0,0,0,0,0,0,0,0,0,0,0,0,0,0,0,0,0,1,0,0,0,0,0,0,0,0,0,0,0,0,0,0,0,0,0,Spruce/Fir,1,0,0,0
2727.0,317.0,24.0,42.0,2.0,1383.0,149.0,211.0,198.0,1460.0,0,0,0,0,0,0,0,0,0,0,0,0,0,0,0,0,0,0,0,0,0,0,0,1,0,0,0,0,0,0,0,0,0,0,0,0,0,0,0,0,Spruce/Fir,0,0,1,0
3380.0,350.0,11.0,390.0,58.0,1533.0,201.0,222.0,160.0,2154.0,0,0,0,0,0,0,0,0,0,0,0,0,0,0,0,0,0,0,0,0,0,0,0,0,0,0,0,0,1,0,0,0,0,0,0,0,0,0,0,0,Spruce/Fir,0,0,1,0
3126.0,58.0,9.0,342.0,51.0,1355.0,227.0,221.0,128.0,3074.0,0,0,0,0,0,0,0,0,0,0,0,0,0,0,0,0,0,0,0,0,0,0,0,0,0,0,0,0,0,0,0,0,1,0,0,0,0,0,0,0,Lodgepole Pine,0,0,1,0
3097.0,236.0,15.0,708.0,120.0,6247.0,192.0,252.0,196.0,1463.0,0,0,0,0,0,0,0,0,0,0,0,0,0,0,0,0,0,0,0,0,0,0,0,0,0,0,0,0,1,0,0,0,0,0,0,0,0,0,0,0,Lodgepole Pine,0,1,0,0
3072.0,252.0,10.0,60.0,7.0,5479.0,197.0,247.0,188.0,2507.0,0,0,0,0,0,0,0,0,0,0,0,0,0,0,0,0,0,0,0,0,0,0,0,0,0,0,0,0,1,0,0,0,0,0,0,0,0,0,0,0,Lodgepole Pine,0,1,0,0
2904.0,123.0,8.0,300.0,122.0,1666.0,234.0,234.0,132.0,2037.0,0,0,0,0,0,0,0,0,0,0,0,0,1,0,0,0,0,0,0,0,0,0,0,0,0,0,0,0,0,0,0,0,0,0,0,0,0,0,0,0,Lodgepole Pine,0,0,1,0
2843.0,16.0,10.0,300.0,56.0,2227.0,212.0,220.0,145.0,2389.0,0,0,0,0,0,0,0,0,0,0,0,0,0,0,0,0,0,0,0,0,0,0,0,0,0,0,0,0,1,0,0,0,0,0,0,0,0,0,0,0,Lodgepole Pine,0,1,0,0
2657.0,339.0,22.0,210.0,46.0,2030.0,166.0,201.0,170.0,2505.0,0,0,0,0,0,0,0,0,0,0,0,0,0,0,0,0,0,0,0,0,0,0,0,0,0,0,0,0,1,0,0,0,0,0,0,0,0,0,0,0,Douglas-fir,0,0,1,0
3230.0,3.0,12.0,0.0,0.0,3870.0,204.0,217.0,150.0,1471.0,0,0,0,0,0,0,0,0,0,0,0,0,0,0,0,0,0,0,0,0,0,1,0,0,0,0,0,0,0,0,0,0,0,0,0,0,0,0,0,0,Spruce/Fir,0,1,0,0
3154.0,283.0,14.0,60.0,13.0,2461.0,181.0,240.0,198.0,1061.0,0,0,0,0,0,0,0,0,0,0,0,0,0,0,0,0,0,0,0,0,0,0,0,0,0,0,0,0,1,0,0,0,0,0,0,0,0,0,0,0,Spruce/Fir,0,0,1,0
2853.0,152.0,25.0,162.0,59.0,4607.0,241.0,232.0,105.0,4829.0,0,0,0,0,0,0,0,0,0,0,0,0,0,0,0,0,0,0,0,0,0,0,0,0,0,0,0,0,1,0,0,0,0,0,0,0,0,0,0,0,Lodgepole Pine,0,1,0,0
3067.0,141.0,22.0,120.0,12.0,4711.0,246.0,228.0,98.0,3013.0,0,0,0,0,0,0,0,0,0,0,0,0,0,0,0,0,0,0,0,0,0,0,0,0,0,0,0,0,1,0,0,0,0,0,0,0,0,0,0,0,Lodgepole Pine,0,1,0,0
2980.0,81.0,11.0,201.0,42.0,2130.0,235.0,221.0,117.0,1934.0,0,0,0,0,0,0,0,0,0,0,0,0,0,0,0,0,0,0,0,0,0,0,0,0,0,0,0,0,0,0,1,0,0,0,0,0,0,0,0,0,Lodgepole Pine,0,0,1,0
3052.0,129.0,20.0,90.0,3.0,663.0,248.0,224.0,94.0,1822.0,0,0,0,0,0,0,0,0,0,0,0,0,0,0,0,0,0,0,0,0,0,0,0,0,0,0,0,0,1,0,0,0,0,0,0,0,0,0,0,0,Spruce/Fir,0,1,0,0
3256.0,324.0,6.0,228.0,78.0,1452.0,204.0,233.0,168.0,2856.0,0,0,0,0,0,0,0,0,0,0,0,0,0,0,0,0,0,0,0,0,0,0,0,0,0,0,0,0,0,0,0,0,0,0,0,0,0,0,1,0,Spruce/Fir,0,1,0,0
2597.0,315.0,7.0,67.0,4.0,330.0,202.0,235.0,172.0,1183.0,0,0,0,0,0,0,0,0,0,0,0,0,0,0,0,0,0,0,0,1,0,0,0,0,0,0,0,0,0,0,0,0,0,0,0,0,0,0,0,0,Lodgepole Pine,0,1,0,0
2764.0,325.0,26.0,153.0,69.0,1150.0,148.0,203.0,190.0,454.0,0,0,0,0,0,0,0,0,0,0,0,0,0,0,0,0,0,0,0,0,0,0,0,0,0,0,0,0,1,0,0,0,0,0,0,0,0,0,0,0,Lodgepole Pine,0,0,1,0
2526.0,17.0,20.0,295.0,76.0,960.0,199.0,194.0,125.0,459.0,0,0,0,0,0,1,0,0,0,0,0,0,0,0,0,0,0,0,0,0,0,0,0,0,0,0,0,0,0,0,0,0,0,0,0,0,0,0,0,0,Ponderosa Pine,0,0,0,1
2712.0,154.0,6.0,30.0,0.0,1307.0,227.0,241.0,147.0,2190.0,0,0,0,0,0,0,0,0,0,0,0,0,0,0,0,0,0,0,0,0,0,0,0,0,0,0,0,0,1,0,0,0,0,0,0,0,0,0,0,0,Lodgepole Pine,0,1,0,0
2871.0,32.0,6.0,339.0,54.0,2337.0,219.0,227.0,145.0,2054.0,0,0,0,0,0,0,0,0,0,0,0,0,0,0,0,0,0,0,0,0,0,0,0,0,0,0,0,0,1,0,0,0,0,0,0,0,0,0,0,0,Lodgepole Pine,0,1,0,0
3105.0,102.0,12.0,90.0,14.0,5056.0,240.0,224.0,111.0,1549.0,0,0,0,0,0,0,0,0,0,0,0,0,0,0,0,0,0,0,0,0,0,1,0,0,0,0,0,0,0,0,0,0,0,0,0,0,0,0,0,0,Spruce/Fir,0,1,0,0
3281.0,245.0,16.0,752.0,11.0,3880.0,185.0,251.0,201.0,1065.0,0,0,0,0,0,0,0,0,0,0,0,0,0,0,0,0,0,0,0,0,0,0,0,0,0,0,0,0,0,0,0,0,0,1,0,0,0,0,0,0,Lodgepole Pine,0,0,1,0
3219.0,27.0,14.0,808.0,93.0,2131.0,213.0,209.0,129.0,2311.0,0,0,0,0,0,0,0,0,0,0,0,0,0,0,0,0,0,0,0,0,0,0,0,0,0,0,0,0,1,0,0,0,0,0,0,0,0,0,0,0,Krummholz,0,0,1,0
2645.0,38.0,17.0,85.0,0.0,1290.0,218.0,200.0,112.0,1830.0,0,0,0,0,0,0,0,0,0,0,1,0,0,0,0,0,0,0,0,0,0,0,0,0,0,0,0,0,0,0,0,0,0,0,0,0,0,0,0,0,Lodgepole Pine,0,0,1,0
3029.0,19.0,11.0,256.0,2.0,1756.0,212.0,216.0,140.0,1292.0,0,0,0,0,0,0,0,0,0,0,0,0,0,0,0,0,0,0,0,0,0,0,0,0,0,0,0,0,1,0,0,0,0,0,0,0,0,0,0,0,Spruce/Fir,0,0,1,0
2779.0,95.0,8.0,150.0,17.0,3153.0,234.0,228.0,126.0,2448.0,0,0,0,0,0,0,0,0,0,0,0,1,0,0,0,0,0,0,0,0,0,0,0,0,0,0,0,0,0,0,0,0,0,0,0,0,0,0,0,0,Lodgepole Pine,0,1,0,0
2709.0,104.0,6.0,457.0,23.0,1154.0,230.0,233.0,136.0,2012.0,0,0,0,0,0,0,0,0,0,0,0,0,0,0,0,0,0,0,0,0,0,0,0,0,0,0,0,0,1,0,0,0,0,0,0,0,0,0,0,0,Lodgepole Pine,0,1,0,0
3122.0,135.0,26.0,218.0,93.0,3391.0,250.0,218.0,79.0,2253.0,0,0,0,0,0,0,0,0,0,0,0,0,0,0,0,0,0,0,0,0,0,0,0,0,0,0,0,0,0,0,0,0,1,0,0,0,0,0,0,0,Spruce/Fir,0,0,1,0
3300.0,349.0,13.0,360.0,72.0,1770.0,195.0,218.0,161.0,979.0,0,0,0,0,0,0,0,0,0,0,0,0,0,0,0,0,0,0,0,0,0,0,0,0,0,0,0,0,1,0,0,0,0,0,0,0,0,0,0,0,Spruce/Fir,0,0,1,0
2699.0,33.0,11.0,300.0,75.0,1380.0,218.0,215.0,132.0,466.0,0,0,0,0,0,0,0,0,0,0,0,0,0,0,0,0,0,0,0,0,0,0,0,0,0,0,0,0,1,0,0,0,0,0,0,0,0,0,0,0,Lodgepole Pine,0,1,0,0
3157.0,230.0,11.0,242.0,25.0,2609.0,203.0,250.0,184.0,577.0,0,0,0,0,0,0,0,0,0,0,0,0,0,0,0,0,0,0,0,0,0,0,0,0,0,0,0,0,0,0,0,1,0,0,0,0,0,0,0,0,Lodgepole Pine,0,0,1,0
3018.0,18.0,10.0,595.0,33.0,4084.0,213.0,220.0,143.0,4425.0,0,0,0,0,0,0,0,0,0,0,0,0,0,0,0,0,0,0,0,0,0,0,0,0,0,0,0,0,1,0,0,0,0,0,0,0,0,0,0,0,Lodgepole Pine,0,1,0,0
2971.0,351.0,10.0,60.0,16.0,3198.0,202.0,223.0,159.0,1377.0,0,0,0,0,0,0,0,0,0,0,0,0,0,0,0,0,0,0,0,0,0,0,0,0,0,0,0,0,1,0,0,0,0,0,0,0,0,0,0,0,Spruce/Fir,0,0,1,0
3119.0,34.0,14.0,67.0,9.0,4369.0,217.0,207.0,122.0,3499.0,0,0,0,0,0,0,0,0,0,0,0,0,0,0,0,0,0,0,0,0,0,1,0,0,0,0,0,0,0,0,0,0,0,0,0,0,0,0,0,0,Spruce/Fir,0,1,0,0
2661.0,349.0,6.0,134.0,10.0,446.0,209.0,230.0,159.0,1250.0,0,0,0,0,0,0,0,0,0,0,0,0,0,0,0,0,0,0,0,0,0,0,0,0,0,0,0,0,1,0,0,0,0,0,0,0,0,0,0,0,Lodgepole Pine,0,1,0,0
3033.0,345.0,8.0,30.0,7.0,1860.0,204.0,227.0,162.0,3168.0,0,0,0,0,0,0,0,0,0,0,0,0,0,0,0,0,0,0,0,0,0,0,0,0,0,0,0,0,1,0,0,0,0,0,0,0,0,0,0,0,Lodgepole Pine,0,0,1,0
2810.0,54.0,4.0,365.0,0.0,1889.0,222.0,230.0,143.0,2245.0,0,0,0,0,0,0,0,0,0,0,0,1,0,0,0,0,0,0,0,0,0,0,0,0,0,0,0,0,0,0,0,0,0,0,0,0,0,0,0,0,Spruce/Fir,0,1,0,0
3315.0,285.0,5.0,309.0,47.0,3419.0,207.0,240.0,172.0,1552.0,0,0,0,0,0,0,0,0,0,0,0,0,0,0,0,0,0,0,0,0,0,0,0,0,0,0,0,0,1,0,0,0,0,0,0,0,0,0,0,0,Spruce/Fir,0,1,0,0
3002.0,45.0,1.0,162.0,21.0,2100.0,219.0,236.0,155.0,1129.0,0,0,0,0,0,0,0,0,0,0,0,0,0,0,0,0,0,0,0,0,0,0,0,0,0,0,0,0,0,0,0,1,0,0,0,0,0,0,0,0,Lodgepole Pine,0,0,1,0
2854.0,132.0,11.0,323.0,44.0,721.0,238.0,234.0,124.0,2778.0,0,0,0,0,0,0,0,0,0,0,1,0,0,0,0,0,0,0,0,0,0,0,0,0,0,0,0,0,0,0,0,0,0,0,0,0,0,0,0,0,Lodgepole Pine,0,0,1,0
3267.0,29.0,6.0,330.0,52.0,5453.0,218.0,226.0,144.0,492.0,0,0,0,0,0,0,0,0,0,0,0,0,0,0,0,0,0,0,0,0,0,1,0,0,0,0,0,0,0,0,0,0,0,0,0,0,0,0,0,0,Spruce/Fir,0,1,0,0
2918.0,298.0,15.0,120.0,42.0,3046.0,178.0,234.0,196.0,2554.0,0,0,0,0,0,0,0,0,0,0,0,0,0,0,0,0,0,0,0,0,0,0,0,0,0,0,0,0,1,0,0,0,0,0,0,0,0,0,0,0,Lodgepole Pine,0,1,0,0
3256.0,267.0,4.0,408.0,22.0,323.0,209.0,241.0,170.0,755.0,0,0,0,0,0,0,0,0,0,0,0,0,0,0,0,0,0,0,0,0,0,0,0,0,0,0,0,0,1,0,0,0,0,0,0,0,0,0,0,0,Spruce/Fir,0,0,1,0
3158.0,346.0,8.0,85.0,4.0,1442.0,205.0,228.0,161.0,1050.0,0,0,0,0,0,0,0,0,0,0,0,0,0,0,0,0,0,0,0,0,0,0,0,1,0,0,0,0,0,0,0,0,0,0,0,0,0,0,0,0,Spruce/Fir,1,0,0,0
3141.0,205.0,17.0,335.0,61.0,1905.0,208.0,253.0,175.0,750.0,0,0,0,0,0,0,0,0,0,0,0,0,0,0,0,0,0,0,0,0,0,0,0,0,0,0,0,0,1,0,0,0,0,0,0,0,0,0,0,0,Spruce/Fir,0,1,0,0
3139.0,35.0,13.0,404.0,98.0,4719.0,218.0,210.0,125.0,1922.0,0,0,0,0,0,0,0,0,0,0,0,0,0,0,0,0,0,0,0,0,0,0,0,0,0,0,0,0,1,0,0,0,0,0,0,0,0,0,0,0,Spruce/Fir,0,1,0,0
3090.0,166.0,9.0,127.0,4.0,6095.0,228.0,244.0,148.0,2535.0,0,0,0,0,0,0,0,0,0,0,0,0,0,0,0,0,0,0,0,0,0,0,0,0,0,0,0,0,1,0,0,0,0,0,0,0,0,0,0,0,Lodgepole Pine,0,1,0,0
2959.0,4.0,9.0,0.0,0.0,1104.0,208.0,222.0,151.0,2178.0,0,0,0,0,0,0,0,0,0,0,0,0,0,0,0,0,0,0,0,0,0,0,0,0,0,0,0,0,0,0,0,1,0,0,0,0,0,0,0,0,Lodgepole Pine,0,0,1,0
3073.0,62.0,12.0,150.0,19.0,1809.0,230.0,215.0,115.0,3065.0,0,0,0,0,0,0,0,0,0,0,0,0,0,0,0,0,0,0,0,0,0,0,0,0,0,0,0,0,0,0,0,0,1,0,0,0,0,0,0,0,Spruce/Fir,0,0,1,0
2945.0,164.0,9.0,255.0,29.0,5327.0,228.0,243.0,147.0,3732.0,0,0,0,0,0,0,0,0,0,0,0,0,0,0,0,0,0,0,0,0,0,0,0,0,0,0,0,0,1,0,0,0,0,0,0,0,0,0,0,0,Lodgepole Pine,0,1,0,0
2932.0,345.0,15.0,150.0,24.0,3161.0,190.0,216.0,164.0,2200.0,0,0,0,0,0,0,0,0,0,0,0,0,0,0,0,0,0,0,0,0,0,0,0,0,0,0,0,0,1,0,0,0,0,0,0,0,0,0,0,0,Spruce/Fir,0,0,1,0
3032.0,132.0,12.0,268.0,55.0,5021.0,239.0,234.0,122.0,3565.0,0,0,0,0,0,0,0,0,0,0,0,0,0,0,0,0,0,0,0,0,0,0,0,0,0,0,0,0,1,0,0,0,0,0,0,0,0,0,0,0,Lodgepole Pine,0,1,0,0
2585.0,24.0,17.0,67.0,21.0,967.0,208.0,200.0,124.0,1019.0,0,0,0,0,0,0,0,0,0,0,0,0,0,0,0,0,0,0,0,0,0,0,0,0,0,0,0,0,0,0,0,0,1,0,0,0,0,0,0,0,Douglas-fir,0,0,1,0
